2026-05-04 09:10:46.327 +03:00 [DBG] An 'IServiceProvider' was created for internal use by Entity Framework.
2026-05-04 09:10:46.722 +03:00 [DBG] The index {'SessionId'} was not created on entity type 'SessionUsedEvidence' as the properties are already covered by the index {'SessionId', 'EvidenceId'}.
2026-05-04 09:10:46.736 +03:00 [DBG] The index {'UserId'} was not created on entity type 'UserAchievement' as the properties are already covered by the index {'UserId', 'AchievementId'}.
2026-05-04 09:10:46.915 +03:00 [DBG] Entity Framework Core 8.0.4 initialized 'AppDbContext' using provider 'Npgsql.EntityFrameworkCore.PostgreSQL:8.0.4+51faf6e9c9c7ef99c3e98d98a96adb8fa8ae4553' with options: None
2026-05-04 09:10:46.948 +03:00 [DBG] Creating DbConnection.
2026-05-04 09:10:46.977 +03:00 [DBG] Created DbConnection. (25ms).
2026-05-04 09:10:46.996 +03:00 [DBG] Opening connection to database 'DetectiveInterrogation' on server 'tcp://localhost:5432'.
2026-05-04 09:10:47.183 +03:00 [DBG] Opened connection to database 'DetectiveInterrogation' on server 'tcp://localhost:5432'.
2026-05-04 09:10:47.194 +03:00 [DBG] Closing connection to database 'DetectiveInterrogation' on server 'tcp://localhost:5432'.
2026-05-04 09:10:47.210 +03:00 [DBG] Closed connection to database 'DetectiveInterrogation' on server 'tcp://localhost:5432' (13ms).
2026-05-04 09:10:47.225 +03:00 [DBG] Creating DbCommand for 'ExecuteScalar'.
2026-05-04 09:10:47.239 +03:00 [DBG] Created DbCommand for 'ExecuteScalar' (13ms).
2026-05-04 09:10:47.251 +03:00 [DBG] Initialized DbCommand for 'ExecuteScalar' (28ms).
2026-05-04 09:10:47.261 +03:00 [DBG] Opening connection to database 'DetectiveInterrogation' on server 'tcp://localhost:5432'.
2026-05-04 09:10:47.363 +03:00 [DBG] Opened connection to database 'DetectiveInterrogation' on server 'tcp://localhost:5432'.
2026-05-04 09:10:47.383 +03:00 [DBG] Executing DbCommand [Parameters=[], CommandType='"Text"', CommandTimeout='30']
SELECT CASE WHEN COUNT(*) = 0 THEN FALSE ELSE TRUE END
FROM pg_class AS cls
JOIN pg_namespace AS ns ON ns.oid = cls.relnamespace
WHERE
        cls.relkind IN ('r', 'v', 'm', 'f', 'p') AND
        ns.nspname NOT IN ('pg_catalog', 'information_schema') AND
        -- Exclude tables which are members of PG extensions
        NOT EXISTS (
            SELECT 1 FROM pg_depend WHERE
                classid=(
                    SELECT cls.oid
                    FROM pg_class AS cls
                             JOIN pg_namespace AS ns ON ns.oid = cls.relnamespace
                    WHERE relname='pg_class' AND ns.nspname='pg_catalog'
                ) AND
                objid=cls.oid AND
                deptype IN ('e', 'x')
        )
2026-05-04 09:10:47.463 +03:00 [INF] Executed DbCommand (77ms) [Parameters=[], CommandType='"Text"', CommandTimeout='30']
SELECT CASE WHEN COUNT(*) = 0 THEN FALSE ELSE TRUE END
FROM pg_class AS cls
JOIN pg_namespace AS ns ON ns.oid = cls.relnamespace
WHERE
        cls.relkind IN ('r', 'v', 'm', 'f', 'p') AND
        ns.nspname NOT IN ('pg_catalog', 'information_schema') AND
        -- Exclude tables which are members of PG extensions
        NOT EXISTS (
            SELECT 1 FROM pg_depend WHERE
                classid=(
                    SELECT cls.oid
                    FROM pg_class AS cls
                             JOIN pg_namespace AS ns ON ns.oid = cls.relnamespace
                    WHERE relname='pg_class' AND ns.nspname='pg_catalog'
                ) AND
                objid=cls.oid AND
                deptype IN ('e', 'x')
        )
2026-05-04 09:10:47.476 +03:00 [DBG] Closing connection to database 'DetectiveInterrogation' on server 'tcp://localhost:5432'.
2026-05-04 09:10:47.479 +03:00 [DBG] Closed connection to database 'DetectiveInterrogation' on server 'tcp://localhost:5432' (3ms).
2026-05-04 09:10:47.503 +03:00 [DBG] Compiling query expression: 
'DbSet<User>()
    .Any(u => u.Username == "admin")'
2026-05-04 09:10:47.639 +03:00 [DBG] Generated query execution expression: 
'queryContext => new SingleQueryingEnumerable<bool>(
    (RelationalQueryContext)queryContext, 
    RelationalCommandCache.QueryExpression(
        Projection Mapping:
            EmptyProjectionMember -> 0
        SELECT EXISTS (
            SELECT 1
            FROM Users AS u
            WHERE u.Username == 'admin')), 
    null, 
    Func<QueryContext, DbDataReader, ResultContext, SingleQueryResultCoordinator, bool>, 
    DetectiveInterrogation.Data.AppDbContext, 
    False, 
    False, 
    True
)
    .Single()'
2026-05-04 09:10:47.675 +03:00 [DBG] Opening connection to database 'DetectiveInterrogation' on server 'tcp://localhost:5432'.
2026-05-04 09:10:47.685 +03:00 [DBG] Opened connection to database 'DetectiveInterrogation' on server 'tcp://localhost:5432'.
2026-05-04 09:10:47.701 +03:00 [DBG] Creating DbCommand for 'ExecuteReader'.
2026-05-04 09:10:47.710 +03:00 [DBG] Created DbCommand for 'ExecuteReader' (9ms).
2026-05-04 09:10:47.720 +03:00 [DBG] Initialized DbCommand for 'ExecuteReader' (18ms).
2026-05-04 09:10:47.733 +03:00 [DBG] Executing DbCommand [Parameters=[], CommandType='"Text"', CommandTimeout='30']
SELECT EXISTS (
    SELECT 1
    FROM "Users" AS u
    WHERE u."Username" = 'admin')
2026-05-04 09:10:47.765 +03:00 [INF] Executed DbCommand (32ms) [Parameters=[], CommandType='"Text"', CommandTimeout='30']
SELECT EXISTS (
    SELECT 1
    FROM "Users" AS u
    WHERE u."Username" = 'admin')
2026-05-04 09:10:47.786 +03:00 [DBG] Closing data reader to 'DetectiveInterrogation' on server 'tcp://localhost:5432'.
2026-05-04 09:10:47.799 +03:00 [DBG] A data reader for 'DetectiveInterrogation' on server 'tcp://localhost:5432' is being disposed after spending 18ms reading results.
2026-05-04 09:10:47.813 +03:00 [DBG] Closing connection to database 'DetectiveInterrogation' on server 'tcp://localhost:5432'.
2026-05-04 09:10:47.825 +03:00 [DBG] Closed connection to database 'DetectiveInterrogation' on server 'tcp://localhost:5432' (12ms).
2026-05-04 09:10:47.836 +03:00 [DBG] Compiling query expression: 
'DbSet<User>()
    .Any(u => u.Username == "player")'
2026-05-04 09:10:47.844 +03:00 [DBG] Generated query execution expression: 
'queryContext => new SingleQueryingEnumerable<bool>(
    (RelationalQueryContext)queryContext, 
    RelationalCommandCache.QueryExpression(
        Projection Mapping:
            EmptyProjectionMember -> 0
        SELECT EXISTS (
            SELECT 1
            FROM Users AS u
            WHERE u.Username == 'player')), 
    null, 
    Func<QueryContext, DbDataReader, ResultContext, SingleQueryResultCoordinator, bool>, 
    DetectiveInterrogation.Data.AppDbContext, 
    False, 
    False, 
    True
)
    .Single()'
2026-05-04 09:10:47.854 +03:00 [DBG] Opening connection to database 'DetectiveInterrogation' on server 'tcp://localhost:5432'.
2026-05-04 09:10:47.871 +03:00 [DBG] Opened connection to database 'DetectiveInterrogation' on server 'tcp://localhost:5432'.
2026-05-04 09:10:47.886 +03:00 [DBG] Creating DbCommand for 'ExecuteReader'.
2026-05-04 09:10:47.896 +03:00 [DBG] Created DbCommand for 'ExecuteReader' (10ms).
2026-05-04 09:10:47.904 +03:00 [DBG] Initialized DbCommand for 'ExecuteReader' (17ms).
2026-05-04 09:10:47.913 +03:00 [DBG] Executing DbCommand [Parameters=[], CommandType='"Text"', CommandTimeout='30']
SELECT EXISTS (
    SELECT 1
    FROM "Users" AS u
    WHERE u."Username" = 'player')
2026-05-04 09:10:47.934 +03:00 [INF] Executed DbCommand (21ms) [Parameters=[], CommandType='"Text"', CommandTimeout='30']
SELECT EXISTS (
    SELECT 1
    FROM "Users" AS u
    WHERE u."Username" = 'player')
2026-05-04 09:10:47.944 +03:00 [DBG] Closing data reader to 'DetectiveInterrogation' on server 'tcp://localhost:5432'.
2026-05-04 09:10:47.948 +03:00 [DBG] A data reader for 'DetectiveInterrogation' on server 'tcp://localhost:5432' is being disposed after spending 4ms reading results.
2026-05-04 09:10:47.950 +03:00 [DBG] Closing connection to database 'DetectiveInterrogation' on server 'tcp://localhost:5432'.
2026-05-04 09:10:47.952 +03:00 [DBG] Closed connection to database 'DetectiveInterrogation' on server 'tcp://localhost:5432' (1ms).
2026-05-04 09:10:47.959 +03:00 [DBG] Compiling query expression: 
'DbSet<Achievement>()
    .Any()'
2026-05-04 09:10:47.961 +03:00 [DBG] Generated query execution expression: 
'queryContext => new SingleQueryingEnumerable<bool>(
    (RelationalQueryContext)queryContext, 
    RelationalCommandCache.QueryExpression(
        Projection Mapping:
            EmptyProjectionMember -> 0
        SELECT EXISTS (
            SELECT 1
            FROM Achievements AS a)), 
    null, 
    Func<QueryContext, DbDataReader, ResultContext, SingleQueryResultCoordinator, bool>, 
    DetectiveInterrogation.Data.AppDbContext, 
    False, 
    False, 
    True
)
    .Single()'
2026-05-04 09:10:47.962 +03:00 [DBG] Opening connection to database 'DetectiveInterrogation' on server 'tcp://localhost:5432'.
2026-05-04 09:10:47.963 +03:00 [DBG] Opened connection to database 'DetectiveInterrogation' on server 'tcp://localhost:5432'.
2026-05-04 09:10:47.964 +03:00 [DBG] Creating DbCommand for 'ExecuteReader'.
2026-05-04 09:10:47.965 +03:00 [DBG] Created DbCommand for 'ExecuteReader' (0ms).
2026-05-04 09:10:47.967 +03:00 [DBG] Initialized DbCommand for 'ExecuteReader' (3ms).
2026-05-04 09:10:47.968 +03:00 [DBG] Executing DbCommand [Parameters=[], CommandType='"Text"', CommandTimeout='30']
SELECT EXISTS (
    SELECT 1
    FROM "Achievements" AS a)
2026-05-04 09:10:47.973 +03:00 [INF] Executed DbCommand (4ms) [Parameters=[], CommandType='"Text"', CommandTimeout='30']
SELECT EXISTS (
    SELECT 1
    FROM "Achievements" AS a)
2026-05-04 09:10:47.975 +03:00 [DBG] Closing data reader to 'DetectiveInterrogation' on server 'tcp://localhost:5432'.
2026-05-04 09:10:47.976 +03:00 [DBG] A data reader for 'DetectiveInterrogation' on server 'tcp://localhost:5432' is being disposed after spending 1ms reading results.
2026-05-04 09:10:47.977 +03:00 [DBG] Closing connection to database 'DetectiveInterrogation' on server 'tcp://localhost:5432'.
2026-05-04 09:10:47.979 +03:00 [DBG] Closed connection to database 'DetectiveInterrogation' on server 'tcp://localhost:5432' (1ms).
2026-05-04 09:10:47.980 +03:00 [DBG] Compiling query expression: 
'DbSet<Case>()
    .Any()'
2026-05-04 09:10:47.984 +03:00 [DBG] Generated query execution expression: 
'queryContext => new SingleQueryingEnumerable<bool>(
    (RelationalQueryContext)queryContext, 
    RelationalCommandCache.QueryExpression(
        Projection Mapping:
            EmptyProjectionMember -> 0
        SELECT EXISTS (
            SELECT 1
            FROM Cases AS c)), 
    null, 
    Func<QueryContext, DbDataReader, ResultContext, SingleQueryResultCoordinator, bool>, 
    DetectiveInterrogation.Data.AppDbContext, 
    False, 
    False, 
    True
)
    .Single()'
2026-05-04 09:10:47.988 +03:00 [DBG] Opening connection to database 'DetectiveInterrogation' on server 'tcp://localhost:5432'.
2026-05-04 09:10:47.990 +03:00 [DBG] Opened connection to database 'DetectiveInterrogation' on server 'tcp://localhost:5432'.
2026-05-04 09:10:47.992 +03:00 [DBG] Creating DbCommand for 'ExecuteReader'.
2026-05-04 09:10:47.993 +03:00 [DBG] Created DbCommand for 'ExecuteReader' (0ms).
2026-05-04 09:10:47.994 +03:00 [DBG] Initialized DbCommand for 'ExecuteReader' (2ms).
2026-05-04 09:10:47.995 +03:00 [DBG] Executing DbCommand [Parameters=[], CommandType='"Text"', CommandTimeout='30']
SELECT EXISTS (
    SELECT 1
    FROM "Cases" AS c)
2026-05-04 09:10:47.999 +03:00 [INF] Executed DbCommand (4ms) [Parameters=[], CommandType='"Text"', CommandTimeout='30']
SELECT EXISTS (
    SELECT 1
    FROM "Cases" AS c)
2026-05-04 09:10:48.002 +03:00 [DBG] Closing data reader to 'DetectiveInterrogation' on server 'tcp://localhost:5432'.
2026-05-04 09:10:48.003 +03:00 [DBG] A data reader for 'DetectiveInterrogation' on server 'tcp://localhost:5432' is being disposed after spending 1ms reading results.
2026-05-04 09:10:48.006 +03:00 [DBG] Closing connection to database 'DetectiveInterrogation' on server 'tcp://localhost:5432'.
2026-05-04 09:10:48.008 +03:00 [DBG] Closed connection to database 'DetectiveInterrogation' on server 'tcp://localhost:5432' (2ms).
2026-05-04 09:10:48.011 +03:00 [DBG] SaveChanges starting for 'AppDbContext'.
2026-05-04 09:10:48.013 +03:00 [DBG] DetectChanges starting for 'AppDbContext'.
2026-05-04 09:10:48.022 +03:00 [DBG] DetectChanges completed for 'AppDbContext'.
2026-05-04 09:10:48.026 +03:00 [DBG] SaveChanges completed for 'AppDbContext' with 0 entities written to the database.
2026-05-04 09:10:48.028 +03:00 [DBG] 'AppDbContext' disposed.
2026-05-04 09:10:48.034 +03:00 [DBG] Disposing connection to database 'DetectiveInterrogation' on server 'tcp://localhost:5432'.
2026-05-04 09:10:48.036 +03:00 [DBG] Disposed connection to database 'DetectiveInterrogation' on server 'tcp://localhost:5432' (2ms).
2026-05-04 09:10:48.212 +03:00 [DBG] Registered model binder providers, in the following order: ["Microsoft.AspNetCore.Mvc.ModelBinding.Binders.BinderTypeModelBinderProvider","Microsoft.AspNetCore.Mvc.ModelBinding.Binders.ServicesModelBinderProvider","Microsoft.AspNetCore.Mvc.ModelBinding.Binders.BodyModelBinderProvider","Microsoft.AspNetCore.Mvc.ModelBinding.Binders.HeaderModelBinderProvider","Microsoft.AspNetCore.Mvc.ModelBinding.Binders.FloatingPointTypeModelBinderProvider","Microsoft.AspNetCore.Mvc.ModelBinding.Binders.EnumTypeModelBinderProvider","Microsoft.AspNetCore.Mvc.ModelBinding.Binders.DateTimeModelBinderProvider","Microsoft.AspNetCore.Mvc.ModelBinding.Binders.SimpleTypeModelBinderProvider","Microsoft.AspNetCore.Mvc.ModelBinding.Binders.TryParseModelBinderProvider","Microsoft.AspNetCore.Mvc.ModelBinding.Binders.CancellationTokenModelBinderProvider","Microsoft.AspNetCore.Mvc.ModelBinding.Binders.ByteArrayModelBinderProvider","Microsoft.AspNetCore.Mvc.ModelBinding.Binders.FormFileModelBinderProvider","Microsoft.AspNetCore.Mvc.ModelBinding.Binders.FormCollectionModelBinderProvider","Microsoft.AspNetCore.Mvc.ModelBinding.Binders.KeyValuePairModelBinderProvider","Microsoft.AspNetCore.Mvc.ModelBinding.Binders.DictionaryModelBinderProvider","Microsoft.AspNetCore.Mvc.ModelBinding.Binders.ArrayModelBinderProvider","Microsoft.AspNetCore.Mvc.ModelBinding.Binders.CollectionModelBinderProvider","Microsoft.AspNetCore.Mvc.ModelBinding.Binders.ComplexObjectModelBinderProvider"]
2026-05-04 09:10:48.306 +03:00 [DBG] Hosting starting
2026-05-04 09:10:48.327 +03:00 [DBG] Reading data from file 'C:\Users\vikto\OneDrive\Desktop\sem\DetectiveInterrogation\DataProtectionKeys\key-b1304d11-bf04-45a4-a947-21a7e0b9e88b.xml'.
2026-05-04 09:10:48.349 +03:00 [DBG] Found key {b1304d11-bf04-45a4-a947-21a7e0b9e88b}.
2026-05-04 09:10:48.365 +03:00 [DBG] Considering key {b1304d11-bf04-45a4-a947-21a7e0b9e88b} with expiration date 2026-08-01 07:03:01Z as default key.
2026-05-04 09:10:48.376 +03:00 [DBG] Forwarded activator type request from Microsoft.AspNetCore.DataProtection.AuthenticatedEncryption.ConfigurationModel.AuthenticatedEncryptorDescriptorDeserializer, Microsoft.AspNetCore.DataProtection, Version=8.0.0.0, Culture=neutral, PublicKeyToken=adb9793829ddae60 to Microsoft.AspNetCore.DataProtection.AuthenticatedEncryption.ConfigurationModel.AuthenticatedEncryptorDescriptorDeserializer, Microsoft.AspNetCore.DataProtection, Culture=neutral, PublicKeyToken=adb9793829ddae60
2026-05-04 09:10:48.392 +03:00 [DBG] Opening CNG algorithm 'AES' from provider 'null' with chaining mode CBC.
2026-05-04 09:10:48.414 +03:00 [DBG] Opening CNG algorithm 'SHA256' from provider 'null' with HMAC.
2026-05-04 09:10:48.424 +03:00 [DBG] Using key {b1304d11-bf04-45a4-a947-21a7e0b9e88b} as the default key.
2026-05-04 09:10:48.432 +03:00 [DBG] Key ring with default key {b1304d11-bf04-45a4-a947-21a7e0b9e88b} was loaded during application startup.
2026-05-04 09:10:48.472 +03:00 [INF] Now listening on: http://localhost:5000
2026-05-04 09:10:48.479 +03:00 [DBG] Loaded hosting startup assembly DetectiveInterrogation
2026-05-04 09:10:48.481 +03:00 [INF] Application started. Press Ctrl+C to shut down.
2026-05-04 09:10:48.482 +03:00 [INF] Hosting environment: Production
2026-05-04 09:10:48.483 +03:00 [INF] Content root path: C:\Users\vikto\OneDrive\Desktop\sem\DetectiveInterrogation
2026-05-04 09:10:48.484 +03:00 [DBG] Hosting started
2026-05-04 09:11:08.883 +03:00 [DBG] Connection id "0HNL9KFNH0QVL" accepted.
2026-05-04 09:11:08.892 +03:00 [DBG] Connection id "0HNL9KFNH0QVL" started.
2026-05-04 09:11:08.892 +03:00 [DBG] Connection id "0HNL9KFNH0QVM" accepted.
2026-05-04 09:11:08.900 +03:00 [DBG] Connection id "0HNL9KFNH0QVM" started.
2026-05-04 09:11:10.868 +03:00 [INF] Request starting HTTP/1.1 GET http://localhost:5000/auth/login - null null
2026-05-04 09:11:10.885 +03:00 [DBG] Wildcard detected, all requests with hosts will be allowed.
2026-05-04 09:11:10.891 +03:00 [DBG] The request is insecure. Skipping HSTS header.
2026-05-04 09:11:10.902 +03:00 [INF] Request started: GET /auth/login
2026-05-04 09:11:10.910 +03:00 [WRN] Failed to determine the https port for redirect.
2026-05-04 09:11:10.916 +03:00 [DBG] The request path /auth/login does not match a supported file type
2026-05-04 09:11:10.967 +03:00 [DBG] 1 candidate(s) found for the request path '/auth/login'
2026-05-04 09:11:10.976 +03:00 [DBG] Endpoint 'DetectiveInterrogation.Controllers.PageController.Login (DetectiveInterrogation)' with route pattern 'auth/login' is valid for the request path '/auth/login'
2026-05-04 09:11:10.984 +03:00 [DBG] Request matched endpoint 'DetectiveInterrogation.Controllers.PageController.Login (DetectiveInterrogation)'
2026-05-04 09:11:11.050 +03:00 [DBG] AuthenticationScheme: Bearer was not authenticated.
2026-05-04 09:11:11.065 +03:00 [INF] Executing endpoint 'DetectiveInterrogation.Controllers.PageController.Login (DetectiveInterrogation)'
2026-05-04 09:11:11.098 +03:00 [INF] Route matched with {action = "Login", controller = "Page"}. Executing controller action with signature Microsoft.AspNetCore.Mvc.IActionResult Login() on controller DetectiveInterrogation.Controllers.PageController (DetectiveInterrogation).
2026-05-04 09:11:11.119 +03:00 [DBG] Execution plan of authorization filters (in the following order): ["None"]
2026-05-04 09:11:11.129 +03:00 [DBG] Execution plan of resource filters (in the following order): ["Microsoft.AspNetCore.Mvc.ViewFeatures.Filters.SaveTempDataFilter"]
2026-05-04 09:11:11.139 +03:00 [DBG] Execution plan of action filters (in the following order): ["Microsoft.AspNetCore.Mvc.Filters.ControllerActionFilter (Order: -2147483648)","Microsoft.AspNetCore.Mvc.ModelBinding.UnsupportedContentTypeFilter (Order: -3000)"]
2026-05-04 09:11:11.153 +03:00 [DBG] Execution plan of exception filters (in the following order): ["None"]
2026-05-04 09:11:11.159 +03:00 [DBG] Execution plan of result filters (in the following order): ["Microsoft.AspNetCore.Mvc.ViewFeatures.Filters.SaveTempDataFilter"]
2026-05-04 09:11:11.173 +03:00 [DBG] Executing controller factory for controller DetectiveInterrogation.Controllers.PageController (DetectiveInterrogation)
2026-05-04 09:11:11.179 +03:00 [DBG] Executed controller factory for controller DetectiveInterrogation.Controllers.PageController (DetectiveInterrogation)
2026-05-04 09:11:11.200 +03:00 [DBG] Initializing Razor view compiler with compiled view: '/Views/Achievement/Index.cshtml'.
2026-05-04 09:11:11.204 +03:00 [DBG] Initializing Razor view compiler with compiled view: '/Views/Admin/Achievements.cshtml'.
2026-05-04 09:11:11.209 +03:00 [DBG] Initializing Razor view compiler with compiled view: '/Views/Admin/Evidence.cshtml'.
2026-05-04 09:11:11.217 +03:00 [DBG] Initializing Razor view compiler with compiled view: '/Views/Admin/Index.cshtml'.
2026-05-04 09:11:11.221 +03:00 [DBG] Initializing Razor view compiler with compiled view: '/Views/Admin/Replies.cshtml'.
2026-05-04 09:11:11.226 +03:00 [DBG] Initializing Razor view compiler with compiled view: '/Views/Admin/Suspects.cshtml'.
2026-05-04 09:11:11.230 +03:00 [DBG] Initializing Razor view compiler with compiled view: '/Views/Auth/AccessDenied.cshtml'.
2026-05-04 09:11:11.232 +03:00 [DBG] Initializing Razor view compiler with compiled view: '/Views/Auth/Login.cshtml'.
2026-05-04 09:11:11.234 +03:00 [DBG] Initializing Razor view compiler with compiled view: '/Views/Auth/Register.cshtml'.
2026-05-04 09:11:11.236 +03:00 [DBG] Initializing Razor view compiler with compiled view: '/Views/Case/Details.cshtml'.
2026-05-04 09:11:11.241 +03:00 [DBG] Initializing Razor view compiler with compiled view: '/Views/Case/Index.cshtml'.
2026-05-04 09:11:11.247 +03:00 [DBG] Initializing Razor view compiler with compiled view: '/Views/Home/Index.cshtml'.
2026-05-04 09:11:11.249 +03:00 [DBG] Initializing Razor view compiler with compiled view: '/Views/Interrogation/Result.cshtml'.
2026-05-04 09:11:11.252 +03:00 [DBG] Initializing Razor view compiler with compiled view: '/Views/Interrogation/Room.cshtml'.
2026-05-04 09:11:11.257 +03:00 [DBG] Initializing Razor view compiler with compiled view: '/Views/Interrogation/_DialoguePartial.cshtml'.
2026-05-04 09:11:11.261 +03:00 [DBG] Initializing Razor view compiler with compiled view: '/Views/Shared/Error.cshtml'.
2026-05-04 09:11:11.264 +03:00 [DBG] Initializing Razor view compiler with compiled view: '/Views/Shared/_Layout.cshtml'.
2026-05-04 09:11:11.269 +03:00 [DBG] Initializing Razor view compiler with compiled view: '/Views/Shared/_LoginPartial.cshtml'.
2026-05-04 09:11:11.297 +03:00 [DBG] Initializing Razor view compiler with compiled view: '/Views/Shared/_ValidationScriptsPartial.cshtml'.
2026-05-04 09:11:11.301 +03:00 [DBG] Initializing Razor view compiler with compiled view: '/Views/_ViewImports.cshtml'.
2026-05-04 09:11:11.316 +03:00 [DBG] Initializing Razor view compiler with compiled view: '/Views/_ViewStart.cshtml'.
2026-05-04 09:11:14.214 +03:00 [DBG] Compilation of the generated code for the Razor file at 'C:\Users\vikto\OneDrive\Desktop\sem\DetectiveInterrogation\Views\Auth\Login.cshtml' started.
2026-05-04 09:11:17.689 +03:00 [DBG] Compilation of the generated code for the Razor file at 'C:\Users\vikto\OneDrive\Desktop\sem\DetectiveInterrogation\Views\Auth\Login.cshtml' completed in 3463.0913ms.
2026-05-04 09:11:17.896 +03:00 [DBG] Compilation of the generated code for the Razor file at 'C:\Users\vikto\OneDrive\Desktop\sem\DetectiveInterrogation\Views\_ViewStart.cshtml' started.
2026-05-04 09:11:18.087 +03:00 [DBG] Compilation of the generated code for the Razor file at 'C:\Users\vikto\OneDrive\Desktop\sem\DetectiveInterrogation\Views\_ViewStart.cshtml' completed in 184.9516ms.
2026-05-04 09:11:18.106 +03:00 [INF] Executing ViewResult, running view ~/Views/Auth/Login.cshtml.
2026-05-04 09:11:18.113 +03:00 [DBG] The view path '/Views/Auth/Login.cshtml' was found in 6918.3996ms.
2026-05-04 09:11:18.190 +03:00 [DBG] View lookup cache miss for view '_Layout' in controller 'Page'.
2026-05-04 09:11:18.456 +03:00 [DBG] Compilation of the generated code for the Razor file at 'C:\Users\vikto\OneDrive\Desktop\sem\DetectiveInterrogation\Views\Shared\_Layout.cshtml' started.
2026-05-04 09:11:19.025 +03:00 [DBG] Compilation of the generated code for the Razor file at 'C:\Users\vikto\OneDrive\Desktop\sem\DetectiveInterrogation\Views\Shared\_Layout.cshtml' completed in 552.2217ms.
2026-05-04 09:11:19.090 +03:00 [INF] Executed ViewResult - view ~/Views/Auth/Login.cshtml executed in 7895.9708ms.
2026-05-04 09:11:19.095 +03:00 [INF] Executed action DetectiveInterrogation.Controllers.PageController.Login (DetectiveInterrogation) in 7931.4606ms
2026-05-04 09:11:19.099 +03:00 [INF] Executed endpoint 'DetectiveInterrogation.Controllers.PageController.Login (DetectiveInterrogation)'
2026-05-04 09:11:19.101 +03:00 [INF] Request completed: GET /auth/login - Status: 200 - Duration: 8199.9134ms
2026-05-04 09:11:19.117 +03:00 [DBG] Connection id "0HNL9KFNH0QVN" accepted.
2026-05-04 09:11:19.127 +03:00 [INF] Request starting HTTP/1.1 GET http://localhost:5000/css/site.css?v=dRDns0HmqJfBdVXaZEsqf_Bnua9THkmB_mhigqCXwJo - null null
2026-05-04 09:11:19.130 +03:00 [DBG] Connection id "0HNL9KFNH0QVL" completed keep alive response.
2026-05-04 09:11:19.131 +03:00 [DBG] Connection id "0HNL9KFNH0QVN" started.
2026-05-04 09:11:19.135 +03:00 [DBG] The request is insecure. Skipping HSTS header.
2026-05-04 09:11:19.140 +03:00 [INF] Request starting HTTP/1.1 GET http://localhost:5000/js/app.js?v=96MkXKHSFhmMYqZGjv2cu6byzDEE-EPv0tXQE5lmsnU - null null
2026-05-04 09:11:19.141 +03:00 [INF] Request started: GET /css/site.css?v=dRDns0HmqJfBdVXaZEsqf_Bnua9THkmB_mhigqCXwJo
2026-05-04 09:11:19.141 +03:00 [INF] Request finished HTTP/1.1 GET http://localhost:5000/auth/login - 200 null text/html; charset=utf-8 8277.2246ms
2026-05-04 09:11:19.143 +03:00 [DBG] The request is insecure. Skipping HSTS header.
2026-05-04 09:11:19.162 +03:00 [INF] Request started: GET /js/app.js?v=96MkXKHSFhmMYqZGjv2cu6byzDEE-EPv0tXQE5lmsnU
2026-05-04 09:11:19.163 +03:00 [INF] Sending file. Request path: '/css/site.css'. Physical path: 'C:\Users\vikto\OneDrive\Desktop\sem\DetectiveInterrogation\wwwroot\css\site.css'
2026-05-04 09:11:19.168 +03:00 [INF] Request completed: GET /css/site.css?v=dRDns0HmqJfBdVXaZEsqf_Bnua9THkmB_mhigqCXwJo - Status: 200 - Duration: 26.9277ms
2026-05-04 09:11:19.183 +03:00 [INF] Sending file. Request path: '/js/app.js'. Physical path: 'C:\Users\vikto\OneDrive\Desktop\sem\DetectiveInterrogation\wwwroot\js\app.js'
2026-05-04 09:11:19.208 +03:00 [DBG] Connection id "0HNL9KFNH0QVM" completed keep alive response.
2026-05-04 09:11:19.210 +03:00 [INF] Request completed: GET /js/app.js?v=96MkXKHSFhmMYqZGjv2cu6byzDEE-EPv0tXQE5lmsnU - Status: 200 - Duration: 48.5835ms
2026-05-04 09:11:19.212 +03:00 [INF] Request finished HTTP/1.1 GET http://localhost:5000/css/site.css?v=dRDns0HmqJfBdVXaZEsqf_Bnua9THkmB_mhigqCXwJo - 200 12279 text/css 85.4331ms
2026-05-04 09:11:19.221 +03:00 [DBG] Connection id "0HNL9KFNH0QVN" completed keep alive response.
2026-05-04 09:11:19.228 +03:00 [INF] Request finished HTTP/1.1 GET http://localhost:5000/js/app.js?v=96MkXKHSFhmMYqZGjv2cu6byzDEE-EPv0tXQE5lmsnU - 200 15883 text/javascript 87.9987ms
2026-05-04 09:11:27.921 +03:00 [INF] Request starting HTTP/1.1 GET http://localhost:5000/ - null null
2026-05-04 09:11:27.952 +03:00 [DBG] The request is insecure. Skipping HSTS header.
2026-05-04 09:11:27.960 +03:00 [INF] Request started: GET /
2026-05-04 09:11:27.962 +03:00 [DBG] The request path / does not match a supported file type
2026-05-04 09:11:27.964 +03:00 [DBG] 1 candidate(s) found for the request path '/'
2026-05-04 09:11:27.967 +03:00 [DBG] Endpoint 'DetectiveInterrogation.Controllers.HomeController.Index (DetectiveInterrogation)' with route pattern '{controller=Home}/{action=Index}/{id?}' is valid for the request path '/'
2026-05-04 09:11:27.969 +03:00 [DBG] Request matched endpoint 'DetectiveInterrogation.Controllers.HomeController.Index (DetectiveInterrogation)'
2026-05-04 09:11:27.997 +03:00 [DBG] AuthenticationScheme: Bearer was not authenticated.
2026-05-04 09:11:28.000 +03:00 [INF] Executing endpoint 'DetectiveInterrogation.Controllers.HomeController.Index (DetectiveInterrogation)'
2026-05-04 09:11:28.015 +03:00 [INF] Route matched with {action = "Index", controller = "Home"}. Executing controller action with signature Microsoft.AspNetCore.Mvc.IActionResult Index() on controller DetectiveInterrogation.Controllers.HomeController (DetectiveInterrogation).
2026-05-04 09:11:28.026 +03:00 [DBG] Execution plan of authorization filters (in the following order): ["None"]
2026-05-04 09:11:28.030 +03:00 [DBG] Execution plan of resource filters (in the following order): ["Microsoft.AspNetCore.Mvc.ViewFeatures.Filters.SaveTempDataFilter"]
2026-05-04 09:11:28.033 +03:00 [DBG] Execution plan of action filters (in the following order): ["Microsoft.AspNetCore.Mvc.Filters.ControllerActionFilter (Order: -2147483648)","Microsoft.AspNetCore.Mvc.ModelBinding.UnsupportedContentTypeFilter (Order: -3000)"]
2026-05-04 09:11:28.040 +03:00 [DBG] Execution plan of exception filters (in the following order): ["None"]
2026-05-04 09:11:28.043 +03:00 [DBG] Execution plan of result filters (in the following order): ["Microsoft.AspNetCore.Mvc.ViewFeatures.Filters.SaveTempDataFilter"]
2026-05-04 09:11:28.046 +03:00 [DBG] Executing controller factory for controller DetectiveInterrogation.Controllers.HomeController (DetectiveInterrogation)
2026-05-04 09:11:28.050 +03:00 [DBG] Executed controller factory for controller DetectiveInterrogation.Controllers.HomeController (DetectiveInterrogation)
2026-05-04 09:11:28.060 +03:00 [DBG] View lookup cache miss for view 'Index' in controller 'Home'.
2026-05-04 09:11:28.426 +03:00 [DBG] Compilation of the generated code for the Razor file at 'C:\Users\vikto\OneDrive\Desktop\sem\DetectiveInterrogation\Views\Home\Index.cshtml' started.
2026-05-04 09:11:28.694 +03:00 [DBG] Compilation of the generated code for the Razor file at 'C:\Users\vikto\OneDrive\Desktop\sem\DetectiveInterrogation\Views\Home\Index.cshtml' completed in 260.999ms.
2026-05-04 09:11:28.700 +03:00 [INF] Executing ViewResult, running view Index.
2026-05-04 09:11:28.704 +03:00 [DBG] The view path '/Views/Home/Index.cshtml' was found in 644.1184ms.
2026-05-04 09:11:28.711 +03:00 [DBG] View lookup cache miss for view '_Layout' in controller 'Home'.
2026-05-04 09:11:28.731 +03:00 [INF] Executed ViewResult - view Index executed in 672.097ms.
2026-05-04 09:11:28.739 +03:00 [INF] Executed action DetectiveInterrogation.Controllers.HomeController.Index (DetectiveInterrogation) in 693.2245ms
2026-05-04 09:11:28.741 +03:00 [INF] Executed endpoint 'DetectiveInterrogation.Controllers.HomeController.Index (DetectiveInterrogation)'
2026-05-04 09:11:28.742 +03:00 [INF] Request completed: GET / - Status: 200 - Duration: 782.6429ms
2026-05-04 09:11:28.745 +03:00 [DBG] Connection id "0HNL9KFNH0QVN" completed keep alive response.
2026-05-04 09:11:28.746 +03:00 [INF] Request finished HTTP/1.1 GET http://localhost:5000/ - 200 null text/html; charset=utf-8 824.9875ms
2026-05-04 09:11:28.761 +03:00 [INF] Request starting HTTP/1.1 GET http://localhost:5000/api/Case/main-newspaper - application/json null
2026-05-04 09:11:28.773 +03:00 [DBG] The request is insecure. Skipping HSTS header.
2026-05-04 09:11:28.774 +03:00 [INF] Request started: GET /api/Case/main-newspaper
2026-05-04 09:11:28.776 +03:00 [DBG] The request path /api/Case/main-newspaper does not match a supported file type
2026-05-04 09:11:28.780 +03:00 [DBG] 2 candidate(s) found for the request path '/api/Case/main-newspaper'
2026-05-04 09:11:28.783 +03:00 [DBG] Endpoint 'DetectiveInterrogation.Controllers.CaseController.GetMainNewspaper (DetectiveInterrogation)' with route pattern 'api/Case/main-newspaper' is valid for the request path '/api/Case/main-newspaper'
2026-05-04 09:11:28.791 +03:00 [DBG] Endpoint 'DetectiveInterrogation.Controllers.CaseController.GetCaseById (DetectiveInterrogation)' with route pattern 'api/Case/{caseId}' is valid for the request path '/api/Case/main-newspaper'
2026-05-04 09:11:28.793 +03:00 [DBG] Request matched endpoint 'DetectiveInterrogation.Controllers.CaseController.GetMainNewspaper (DetectiveInterrogation)'
2026-05-04 09:11:28.798 +03:00 [DBG] AuthenticationScheme: Bearer was not authenticated.
2026-05-04 09:11:28.804 +03:00 [INF] Executing endpoint 'DetectiveInterrogation.Controllers.CaseController.GetMainNewspaper (DetectiveInterrogation)'
2026-05-04 09:11:28.814 +03:00 [INF] Route matched with {action = "GetMainNewspaper", controller = "Case"}. Executing controller action with signature System.Threading.Tasks.Task`1[Microsoft.AspNetCore.Mvc.IActionResult] GetMainNewspaper() on controller DetectiveInterrogation.Controllers.CaseController (DetectiveInterrogation).
2026-05-04 09:11:28.817 +03:00 [DBG] Execution plan of authorization filters (in the following order): ["None"]
2026-05-04 09:11:28.819 +03:00 [DBG] Execution plan of resource filters (in the following order): ["Microsoft.AspNetCore.Mvc.ViewFeatures.Filters.SaveTempDataFilter"]
2026-05-04 09:11:28.823 +03:00 [DBG] Execution plan of action filters (in the following order): ["Microsoft.AspNetCore.Mvc.ModelBinding.UnsupportedContentTypeFilter (Order: -3000)","Microsoft.AspNetCore.Mvc.Infrastructure.ModelStateInvalidFilter (Order: -2000)"]
2026-05-04 09:11:28.825 +03:00 [DBG] Execution plan of exception filters (in the following order): ["None"]
2026-05-04 09:11:28.835 +03:00 [DBG] Execution plan of result filters (in the following order): ["Microsoft.AspNetCore.Mvc.ViewFeatures.Filters.SaveTempDataFilter","Microsoft.AspNetCore.Mvc.Infrastructure.ClientErrorResultFilter (Order: -2000)"]
2026-05-04 09:11:28.839 +03:00 [DBG] Executing controller factory for controller DetectiveInterrogation.Controllers.CaseController (DetectiveInterrogation)
2026-05-04 09:11:28.845 +03:00 [DBG] Executed controller factory for controller DetectiveInterrogation.Controllers.CaseController (DetectiveInterrogation)
2026-05-04 09:11:28.878 +03:00 [DBG] Entity Framework Core 8.0.4 initialized 'AppDbContext' using provider 'Npgsql.EntityFrameworkCore.PostgreSQL:8.0.4+51faf6e9c9c7ef99c3e98d98a96adb8fa8ae4553' with options: None
2026-05-04 09:11:28.900 +03:00 [DBG] Compiling query expression: 
'DbSet<Case>()
    .Include(c => c.Suspects)
    .Include(c => c.Evidence)'
2026-05-04 09:11:28.936 +03:00 [DBG] Including navigation: 'Case.Suspects'.
2026-05-04 09:11:28.946 +03:00 [DBG] Including navigation: 'Case.Evidence'.
2026-05-04 09:11:29.192 +03:00 [WRN] Compiling a query which loads related collections for more than one collection navigation, either via 'Include' or through projection, but no 'QuerySplittingBehavior' has been configured. By default, Entity Framework will use 'QuerySplittingBehavior.SingleQuery', which can potentially result in slow query performance. See https://go.microsoft.com/fwlink/?linkid=2134277 for more information. To identify the query that's triggering this warning call 'ConfigureWarnings(w => w.Throw(RelationalEventId.MultipleCollectionIncludeWarning))'.
2026-05-04 09:11:29.211 +03:00 [DBG] Generated query execution expression: 
'queryContext => new SingleQueryingEnumerable<Case>(
    (RelationalQueryContext)queryContext, 
    RelationalCommandCache.QueryExpression(
        Client Projections:
            0 -> Dictionary<IProperty, int> { [Property: Case.Id (int) Required PK AfterSave:Throw ValueGenerated.OnAdd, 0], [Property: Case.FullDescription (string), 1], [Property: Case.NewspaperText (string), 2], [Property: Case.ShortDescription (string), 3], [Property: Case.Title (string) Required MaxLength(255), 4] }
            1 -> 0
            2 -> Dictionary<IProperty, int> { [Property: Suspect.Id (int) Required PK AfterSave:Throw ValueGenerated.OnAdd, 5], [Property: Suspect.CaseId (int) Required FK Index, 6], [Property: Suspect.Description (string), 7], [Property: Suspect.InitialAggression (int) Required ValueGenerated.OnAdd, 8], [Property: Suspect.InitialTrust (int) Required ValueGenerated.OnAdd, 9], [Property: Suspect.IsGuilty (bool) Required, 10], [Property: Suspect.Name (string) Required MaxLength(255), 11] }
            3 -> 5
            4 -> Dictionary<IProperty, int> { [Property: Evidence.Id (int) Required PK AfterSave:Throw ValueGenerated.OnAdd, 12], [Property: Evidence.CaseId (int) Required FK Index, 13], [Property: Evidence.FullText (string), 14], [Property: Evidence.ShortText (string), 15], [Property: Evidence.Title (string) Required MaxLength(255), 16] }
            5 -> 12
        SELECT c.Id, c.FullDescription, c.NewspaperText, c.ShortDescription, c.Title, s.Id, s.CaseId, s.Description, s.InitialAggression, s.InitialTrust, s.IsGuilty, s.Name, e.Id, e.CaseId, e.FullText, e.ShortText, e.Title
        FROM Cases AS c
        LEFT JOIN Suspects AS s ON c.Id == s.CaseId
        LEFT JOIN Evidence AS e ON c.Id == e.CaseId
        ORDER BY c.Id ASC, s.Id ASC), 
    null, 
    Func<QueryContext, DbDataReader, ResultContext, SingleQueryResultCoordinator, Case>, 
    DetectiveInterrogation.Data.AppDbContext, 
    False, 
    False, 
    True
)'
2026-05-04 09:11:29.232 +03:00 [DBG] Creating DbConnection.
2026-05-04 09:11:29.234 +03:00 [DBG] Created DbConnection. (2ms).
2026-05-04 09:11:29.250 +03:00 [DBG] Opening connection to database 'DetectiveInterrogation' on server 'tcp://localhost:5432'.
2026-05-04 09:11:29.256 +03:00 [DBG] Opened connection to database 'DetectiveInterrogation' on server 'tcp://localhost:5432'.
2026-05-04 09:11:29.259 +03:00 [DBG] Creating DbCommand for 'ExecuteReader'.
2026-05-04 09:11:29.261 +03:00 [DBG] Created DbCommand for 'ExecuteReader' (1ms).
2026-05-04 09:11:29.263 +03:00 [DBG] Initialized DbCommand for 'ExecuteReader' (4ms).
2026-05-04 09:11:29.266 +03:00 [DBG] Executing DbCommand [Parameters=[], CommandType='"Text"', CommandTimeout='30']
SELECT c."Id", c."FullDescription", c."NewspaperText", c."ShortDescription", c."Title", s."Id", s."CaseId", s."Description", s."InitialAggression", s."InitialTrust", s."IsGuilty", s."Name", e."Id", e."CaseId", e."FullText", e."ShortText", e."Title"
FROM "Cases" AS c
LEFT JOIN "Suspects" AS s ON c."Id" = s."CaseId"
LEFT JOIN "Evidence" AS e ON c."Id" = e."CaseId"
ORDER BY c."Id", s."Id"
2026-05-04 09:11:29.300 +03:00 [INF] Executed DbCommand (34ms) [Parameters=[], CommandType='"Text"', CommandTimeout='30']
SELECT c."Id", c."FullDescription", c."NewspaperText", c."ShortDescription", c."Title", s."Id", s."CaseId", s."Description", s."InitialAggression", s."InitialTrust", s."IsGuilty", s."Name", e."Id", e."CaseId", e."FullText", e."ShortText", e."Title"
FROM "Cases" AS c
LEFT JOIN "Suspects" AS s ON c."Id" = s."CaseId"
LEFT JOIN "Evidence" AS e ON c."Id" = e."CaseId"
ORDER BY c."Id", s."Id"
2026-05-04 09:11:29.385 +03:00 [DBG] Context 'AppDbContext' started tracking 'Case' entity. Consider using 'DbContextOptionsBuilder.EnableSensitiveDataLogging' to see key values.
2026-05-04 09:11:29.488 +03:00 [DBG] Context 'AppDbContext' started tracking 'Suspect' entity. Consider using 'DbContextOptionsBuilder.EnableSensitiveDataLogging' to see key values.
2026-05-04 09:11:29.553 +03:00 [DBG] Context 'AppDbContext' started tracking 'Evidence' entity. Consider using 'DbContextOptionsBuilder.EnableSensitiveDataLogging' to see key values.
2026-05-04 09:11:29.575 +03:00 [DBG] Context 'AppDbContext' started tracking 'Evidence' entity. Consider using 'DbContextOptionsBuilder.EnableSensitiveDataLogging' to see key values.
2026-05-04 09:11:29.579 +03:00 [DBG] Context 'AppDbContext' started tracking 'Evidence' entity. Consider using 'DbContextOptionsBuilder.EnableSensitiveDataLogging' to see key values.
2026-05-04 09:11:29.581 +03:00 [DBG] Context 'AppDbContext' started tracking 'Suspect' entity. Consider using 'DbContextOptionsBuilder.EnableSensitiveDataLogging' to see key values.
2026-05-04 09:11:29.590 +03:00 [DBG] Closing data reader to 'DetectiveInterrogation' on server 'tcp://localhost:5432'.
2026-05-04 09:11:29.593 +03:00 [DBG] A data reader for 'DetectiveInterrogation' on server 'tcp://localhost:5432' is being disposed after spending 279ms reading results.
2026-05-04 09:11:29.607 +03:00 [DBG] Closing connection to database 'DetectiveInterrogation' on server 'tcp://localhost:5432'.
2026-05-04 09:11:29.610 +03:00 [DBG] Closed connection to database 'DetectiveInterrogation' on server 'tcp://localhost:5432' (3ms).
2026-05-04 09:11:29.619 +03:00 [DBG] List of registered output formatters, in the following order: ["Microsoft.AspNetCore.Mvc.Formatters.HttpNoContentOutputFormatter","Microsoft.AspNetCore.Mvc.Formatters.StringOutputFormatter","Microsoft.AspNetCore.Mvc.Formatters.StreamOutputFormatter","Microsoft.AspNetCore.Mvc.Formatters.SystemTextJsonOutputFormatter"]
2026-05-04 09:11:29.626 +03:00 [DBG] No information found on request to perform content negotiation.
2026-05-04 09:11:29.627 +03:00 [DBG] Attempting to select an output formatter without using a content type as no explicit content types were specified for the response.
2026-05-04 09:11:29.629 +03:00 [DBG] Attempting to select the first formatter in the output formatters list which can write the result.
2026-05-04 09:11:29.632 +03:00 [DBG] Selected output formatter 'Microsoft.AspNetCore.Mvc.Formatters.SystemTextJsonOutputFormatter' and content type 'application/json' to write the response.
2026-05-04 09:11:29.639 +03:00 [INF] Executing OkObjectResult, writing value of type '<>f__AnonymousType2`3[[System.Int32, System.Private.CoreLib, Version=8.0.0.0, Culture=neutral, PublicKeyToken=7cec85d7bea7798e],[System.String, System.Private.CoreLib, Version=8.0.0.0, Culture=neutral, PublicKeyToken=7cec85d7bea7798e],[System.String, System.Private.CoreLib, Version=8.0.0.0, Culture=neutral, PublicKeyToken=7cec85d7bea7798e]]'.
2026-05-04 09:11:29.674 +03:00 [INF] Executed action DetectiveInterrogation.Controllers.CaseController.GetMainNewspaper (DetectiveInterrogation) in 834.6179ms
2026-05-04 09:11:29.677 +03:00 [INF] Executed endpoint 'DetectiveInterrogation.Controllers.CaseController.GetMainNewspaper (DetectiveInterrogation)'
2026-05-04 09:11:29.679 +03:00 [INF] Request completed: GET /api/Case/main-newspaper - Status: 200 - Duration: 905.3206ms
2026-05-04 09:11:29.684 +03:00 [DBG] Connection id "0HNL9KFNH0QVN" completed keep alive response.
2026-05-04 09:11:29.688 +03:00 [DBG] 'AppDbContext' disposed.
2026-05-04 09:11:29.693 +03:00 [DBG] Disposing connection to database 'DetectiveInterrogation' on server 'tcp://localhost:5432'.
2026-05-04 09:11:29.696 +03:00 [DBG] Disposed connection to database 'DetectiveInterrogation' on server 'tcp://localhost:5432' (3ms).
2026-05-04 09:11:29.705 +03:00 [INF] Request finished HTTP/1.1 GET http://localhost:5000/api/Case/main-newspaper - 200 null application/json; charset=utf-8 943.2326ms
2026-05-04 09:12:01.236 +03:00 [INF] Request starting HTTP/1.1 GET http://localhost:5000/ - null null
2026-05-04 09:12:01.241 +03:00 [DBG] The request is insecure. Skipping HSTS header.
2026-05-04 09:12:01.243 +03:00 [INF] Request started: GET /
2026-05-04 09:12:01.245 +03:00 [DBG] The request path / does not match a supported file type
2026-05-04 09:12:01.250 +03:00 [DBG] 1 candidate(s) found for the request path '/'
2026-05-04 09:12:01.252 +03:00 [DBG] Endpoint 'DetectiveInterrogation.Controllers.HomeController.Index (DetectiveInterrogation)' with route pattern '{controller=Home}/{action=Index}/{id?}' is valid for the request path '/'
2026-05-04 09:12:01.255 +03:00 [DBG] Request matched endpoint 'DetectiveInterrogation.Controllers.HomeController.Index (DetectiveInterrogation)'
2026-05-04 09:12:01.257 +03:00 [DBG] AuthenticationScheme: Bearer was not authenticated.
2026-05-04 09:12:01.259 +03:00 [INF] Executing endpoint 'DetectiveInterrogation.Controllers.HomeController.Index (DetectiveInterrogation)'
2026-05-04 09:12:01.261 +03:00 [INF] Route matched with {action = "Index", controller = "Home"}. Executing controller action with signature Microsoft.AspNetCore.Mvc.IActionResult Index() on controller DetectiveInterrogation.Controllers.HomeController (DetectiveInterrogation).
2026-05-04 09:12:01.265 +03:00 [DBG] Execution plan of authorization filters (in the following order): ["None"]
2026-05-04 09:12:01.268 +03:00 [DBG] Execution plan of resource filters (in the following order): ["Microsoft.AspNetCore.Mvc.ViewFeatures.Filters.SaveTempDataFilter"]
2026-05-04 09:12:01.272 +03:00 [DBG] Execution plan of action filters (in the following order): ["Microsoft.AspNetCore.Mvc.Filters.ControllerActionFilter (Order: -2147483648)","Microsoft.AspNetCore.Mvc.ModelBinding.UnsupportedContentTypeFilter (Order: -3000)"]
2026-05-04 09:12:01.274 +03:00 [DBG] Execution plan of exception filters (in the following order): ["None"]
2026-05-04 09:12:01.276 +03:00 [DBG] Execution plan of result filters (in the following order): ["Microsoft.AspNetCore.Mvc.ViewFeatures.Filters.SaveTempDataFilter"]
2026-05-04 09:12:01.282 +03:00 [DBG] Executing controller factory for controller DetectiveInterrogation.Controllers.HomeController (DetectiveInterrogation)
2026-05-04 09:12:01.284 +03:00 [DBG] Executed controller factory for controller DetectiveInterrogation.Controllers.HomeController (DetectiveInterrogation)
2026-05-04 09:12:01.288 +03:00 [DBG] View lookup cache hit for view 'Index' in controller 'Home'.
2026-05-04 09:12:01.290 +03:00 [INF] Executing ViewResult, running view Index.
2026-05-04 09:12:01.292 +03:00 [DBG] The view path '/Views/Home/Index.cshtml' was found in 4.4235ms.
2026-05-04 09:12:01.296 +03:00 [DBG] View lookup cache hit for view '_Layout' in controller 'Home'.
2026-05-04 09:12:01.299 +03:00 [INF] Executed ViewResult - view Index executed in 11.9045ms.
2026-05-04 09:12:01.303 +03:00 [INF] Executed action DetectiveInterrogation.Controllers.HomeController.Index (DetectiveInterrogation) in 21.1578ms
2026-05-04 09:12:01.305 +03:00 [INF] Executed endpoint 'DetectiveInterrogation.Controllers.HomeController.Index (DetectiveInterrogation)'
2026-05-04 09:12:01.307 +03:00 [INF] Request completed: GET / - Status: 200 - Duration: 64.4233ms
2026-05-04 09:12:01.314 +03:00 [DBG] Connection id "0HNL9KFNH0QVN" completed keep alive response.
2026-05-04 09:12:01.316 +03:00 [INF] Request finished HTTP/1.1 GET http://localhost:5000/ - 200 null text/html; charset=utf-8 80.3553ms
2026-05-04 09:12:01.378 +03:00 [INF] Request starting HTTP/1.1 GET http://localhost:5000/js/app.js?v=96MkXKHSFhmMYqZGjv2cu6byzDEE-EPv0tXQE5lmsnU - null null
2026-05-04 09:12:01.378 +03:00 [INF] Request starting HTTP/1.1 GET http://localhost:5000/css/site.css?v=dRDns0HmqJfBdVXaZEsqf_Bnua9THkmB_mhigqCXwJo - null null
2026-05-04 09:12:01.382 +03:00 [DBG] The request is insecure. Skipping HSTS header.
2026-05-04 09:12:01.386 +03:00 [DBG] The request is insecure. Skipping HSTS header.
2026-05-04 09:12:01.389 +03:00 [INF] Request started: GET /js/app.js?v=96MkXKHSFhmMYqZGjv2cu6byzDEE-EPv0tXQE5lmsnU
2026-05-04 09:12:01.391 +03:00 [INF] Request started: GET /css/site.css?v=dRDns0HmqJfBdVXaZEsqf_Bnua9THkmB_mhigqCXwJo
2026-05-04 09:12:01.396 +03:00 [INF] The file /js/app.js was not modified
2026-05-04 09:12:01.397 +03:00 [INF] The file /css/site.css was not modified
2026-05-04 09:12:01.399 +03:00 [DBG] Handled. Status code: 304 File: /js/app.js
2026-05-04 09:12:01.401 +03:00 [DBG] Handled. Status code: 304 File: /css/site.css
2026-05-04 09:12:01.411 +03:00 [INF] Request completed: GET /js/app.js?v=96MkXKHSFhmMYqZGjv2cu6byzDEE-EPv0tXQE5lmsnU - Status: 304 - Duration: 21.3727ms
2026-05-04 09:12:01.412 +03:00 [INF] Request completed: GET /css/site.css?v=dRDns0HmqJfBdVXaZEsqf_Bnua9THkmB_mhigqCXwJo - Status: 304 - Duration: 21.7361ms
2026-05-04 09:12:01.416 +03:00 [DBG] Connection id "0HNL9KFNH0QVM" completed keep alive response.
2026-05-04 09:12:01.419 +03:00 [DBG] Connection id "0HNL9KFNH0QVN" completed keep alive response.
2026-05-04 09:12:01.423 +03:00 [INF] Request finished HTTP/1.1 GET http://localhost:5000/js/app.js?v=96MkXKHSFhmMYqZGjv2cu6byzDEE-EPv0tXQE5lmsnU - 304 null text/javascript 45.0614ms
2026-05-04 09:12:01.425 +03:00 [INF] Request finished HTTP/1.1 GET http://localhost:5000/css/site.css?v=dRDns0HmqJfBdVXaZEsqf_Bnua9THkmB_mhigqCXwJo - 304 null text/css 46.7546ms
2026-05-04 09:12:01.450 +03:00 [INF] Request starting HTTP/1.1 GET http://localhost:5000/api/Case/main-newspaper - application/json null
2026-05-04 09:12:01.462 +03:00 [DBG] The request is insecure. Skipping HSTS header.
2026-05-04 09:12:01.464 +03:00 [INF] Request started: GET /api/Case/main-newspaper
2026-05-04 09:12:01.466 +03:00 [DBG] The request path /api/Case/main-newspaper does not match a supported file type
2026-05-04 09:12:01.471 +03:00 [DBG] 2 candidate(s) found for the request path '/api/Case/main-newspaper'
2026-05-04 09:12:01.474 +03:00 [DBG] Endpoint 'DetectiveInterrogation.Controllers.CaseController.GetMainNewspaper (DetectiveInterrogation)' with route pattern 'api/Case/main-newspaper' is valid for the request path '/api/Case/main-newspaper'
2026-05-04 09:12:01.476 +03:00 [DBG] Endpoint 'DetectiveInterrogation.Controllers.CaseController.GetCaseById (DetectiveInterrogation)' with route pattern 'api/Case/{caseId}' is valid for the request path '/api/Case/main-newspaper'
2026-05-04 09:12:01.480 +03:00 [DBG] Request matched endpoint 'DetectiveInterrogation.Controllers.CaseController.GetMainNewspaper (DetectiveInterrogation)'
2026-05-04 09:12:01.491 +03:00 [DBG] AuthenticationScheme: Bearer was not authenticated.
2026-05-04 09:12:01.496 +03:00 [INF] Executing endpoint 'DetectiveInterrogation.Controllers.CaseController.GetMainNewspaper (DetectiveInterrogation)'
2026-05-04 09:12:01.500 +03:00 [INF] Route matched with {action = "GetMainNewspaper", controller = "Case"}. Executing controller action with signature System.Threading.Tasks.Task`1[Microsoft.AspNetCore.Mvc.IActionResult] GetMainNewspaper() on controller DetectiveInterrogation.Controllers.CaseController (DetectiveInterrogation).
2026-05-04 09:12:01.504 +03:00 [DBG] Execution plan of authorization filters (in the following order): ["None"]
2026-05-04 09:12:01.508 +03:00 [DBG] Execution plan of resource filters (in the following order): ["Microsoft.AspNetCore.Mvc.ViewFeatures.Filters.SaveTempDataFilter"]
2026-05-04 09:12:01.511 +03:00 [DBG] Execution plan of action filters (in the following order): ["Microsoft.AspNetCore.Mvc.ModelBinding.UnsupportedContentTypeFilter (Order: -3000)","Microsoft.AspNetCore.Mvc.Infrastructure.ModelStateInvalidFilter (Order: -2000)"]
2026-05-04 09:12:01.516 +03:00 [DBG] Execution plan of exception filters (in the following order): ["None"]
2026-05-04 09:12:01.520 +03:00 [DBG] Execution plan of result filters (in the following order): ["Microsoft.AspNetCore.Mvc.ViewFeatures.Filters.SaveTempDataFilter","Microsoft.AspNetCore.Mvc.Infrastructure.ClientErrorResultFilter (Order: -2000)"]
2026-05-04 09:12:01.523 +03:00 [DBG] Executing controller factory for controller DetectiveInterrogation.Controllers.CaseController (DetectiveInterrogation)
2026-05-04 09:12:01.528 +03:00 [DBG] Executed controller factory for controller DetectiveInterrogation.Controllers.CaseController (DetectiveInterrogation)
2026-05-04 09:12:01.706 +03:00 [DBG] Entity Framework Core 8.0.4 initialized 'AppDbContext' using provider 'Npgsql.EntityFrameworkCore.PostgreSQL:8.0.4+51faf6e9c9c7ef99c3e98d98a96adb8fa8ae4553' with options: None
2026-05-04 09:12:01.721 +03:00 [DBG] Creating DbConnection.
2026-05-04 09:12:01.722 +03:00 [DBG] Created DbConnection. (1ms).
2026-05-04 09:12:01.725 +03:00 [DBG] Opening connection to database 'DetectiveInterrogation' on server 'tcp://localhost:5432'.
2026-05-04 09:12:01.727 +03:00 [DBG] Opened connection to database 'DetectiveInterrogation' on server 'tcp://localhost:5432'.
2026-05-04 09:12:01.729 +03:00 [DBG] Creating DbCommand for 'ExecuteReader'.
2026-05-04 09:12:01.738 +03:00 [DBG] Created DbCommand for 'ExecuteReader' (8ms).
2026-05-04 09:12:01.740 +03:00 [DBG] Initialized DbCommand for 'ExecuteReader' (10ms).
2026-05-04 09:12:01.743 +03:00 [DBG] Executing DbCommand [Parameters=[], CommandType='"Text"', CommandTimeout='30']
SELECT c."Id", c."FullDescription", c."NewspaperText", c."ShortDescription", c."Title", s."Id", s."CaseId", s."Description", s."InitialAggression", s."InitialTrust", s."IsGuilty", s."Name", e."Id", e."CaseId", e."FullText", e."ShortText", e."Title"
FROM "Cases" AS c
LEFT JOIN "Suspects" AS s ON c."Id" = s."CaseId"
LEFT JOIN "Evidence" AS e ON c."Id" = e."CaseId"
ORDER BY c."Id", s."Id"
2026-05-04 09:12:01.753 +03:00 [INF] Executed DbCommand (10ms) [Parameters=[], CommandType='"Text"', CommandTimeout='30']
SELECT c."Id", c."FullDescription", c."NewspaperText", c."ShortDescription", c."Title", s."Id", s."CaseId", s."Description", s."InitialAggression", s."InitialTrust", s."IsGuilty", s."Name", e."Id", e."CaseId", e."FullText", e."ShortText", e."Title"
FROM "Cases" AS c
LEFT JOIN "Suspects" AS s ON c."Id" = s."CaseId"
LEFT JOIN "Evidence" AS e ON c."Id" = e."CaseId"
ORDER BY c."Id", s."Id"
2026-05-04 09:12:01.758 +03:00 [DBG] Context 'AppDbContext' started tracking 'Case' entity. Consider using 'DbContextOptionsBuilder.EnableSensitiveDataLogging' to see key values.
2026-05-04 09:12:01.762 +03:00 [DBG] Context 'AppDbContext' started tracking 'Suspect' entity. Consider using 'DbContextOptionsBuilder.EnableSensitiveDataLogging' to see key values.
2026-05-04 09:12:01.771 +03:00 [DBG] Context 'AppDbContext' started tracking 'Evidence' entity. Consider using 'DbContextOptionsBuilder.EnableSensitiveDataLogging' to see key values.
2026-05-04 09:12:01.774 +03:00 [DBG] Context 'AppDbContext' started tracking 'Evidence' entity. Consider using 'DbContextOptionsBuilder.EnableSensitiveDataLogging' to see key values.
2026-05-04 09:12:01.777 +03:00 [DBG] Context 'AppDbContext' started tracking 'Evidence' entity. Consider using 'DbContextOptionsBuilder.EnableSensitiveDataLogging' to see key values.
2026-05-04 09:12:01.782 +03:00 [DBG] Context 'AppDbContext' started tracking 'Suspect' entity. Consider using 'DbContextOptionsBuilder.EnableSensitiveDataLogging' to see key values.
2026-05-04 09:12:01.785 +03:00 [DBG] Closing data reader to 'DetectiveInterrogation' on server 'tcp://localhost:5432'.
2026-05-04 09:12:01.788 +03:00 [DBG] A data reader for 'DetectiveInterrogation' on server 'tcp://localhost:5432' is being disposed after spending 29ms reading results.
2026-05-04 09:12:01.791 +03:00 [DBG] Closing connection to database 'DetectiveInterrogation' on server 'tcp://localhost:5432'.
2026-05-04 09:12:01.797 +03:00 [DBG] Closed connection to database 'DetectiveInterrogation' on server 'tcp://localhost:5432' (5ms).
2026-05-04 09:12:01.800 +03:00 [DBG] List of registered output formatters, in the following order: ["Microsoft.AspNetCore.Mvc.Formatters.HttpNoContentOutputFormatter","Microsoft.AspNetCore.Mvc.Formatters.StringOutputFormatter","Microsoft.AspNetCore.Mvc.Formatters.StreamOutputFormatter","Microsoft.AspNetCore.Mvc.Formatters.SystemTextJsonOutputFormatter"]
2026-05-04 09:12:01.805 +03:00 [DBG] No information found on request to perform content negotiation.
2026-05-04 09:12:01.806 +03:00 [DBG] Attempting to select an output formatter without using a content type as no explicit content types were specified for the response.
2026-05-04 09:12:01.808 +03:00 [DBG] Attempting to select the first formatter in the output formatters list which can write the result.
2026-05-04 09:12:01.811 +03:00 [DBG] Selected output formatter 'Microsoft.AspNetCore.Mvc.Formatters.SystemTextJsonOutputFormatter' and content type 'application/json' to write the response.
2026-05-04 09:12:01.814 +03:00 [INF] Executing OkObjectResult, writing value of type '<>f__AnonymousType2`3[[System.Int32, System.Private.CoreLib, Version=8.0.0.0, Culture=neutral, PublicKeyToken=7cec85d7bea7798e],[System.String, System.Private.CoreLib, Version=8.0.0.0, Culture=neutral, PublicKeyToken=7cec85d7bea7798e],[System.String, System.Private.CoreLib, Version=8.0.0.0, Culture=neutral, PublicKeyToken=7cec85d7bea7798e]]'.
2026-05-04 09:12:01.817 +03:00 [INF] Executed action DetectiveInterrogation.Controllers.CaseController.GetMainNewspaper (DetectiveInterrogation) in 294.1235ms
2026-05-04 09:12:01.821 +03:00 [INF] Executed endpoint 'DetectiveInterrogation.Controllers.CaseController.GetMainNewspaper (DetectiveInterrogation)'
2026-05-04 09:12:01.822 +03:00 [INF] Request completed: GET /api/Case/main-newspaper - Status: 200 - Duration: 358.8644ms
2026-05-04 09:12:01.838 +03:00 [DBG] Connection id "0HNL9KFNH0QVN" completed keep alive response.
2026-05-04 09:12:01.841 +03:00 [DBG] 'AppDbContext' disposed.
2026-05-04 09:12:01.843 +03:00 [DBG] Disposing connection to database 'DetectiveInterrogation' on server 'tcp://localhost:5432'.
2026-05-04 09:12:01.845 +03:00 [DBG] Disposed connection to database 'DetectiveInterrogation' on server 'tcp://localhost:5432' (2ms).
2026-05-04 09:12:01.848 +03:00 [INF] Request finished HTTP/1.1 GET http://localhost:5000/api/Case/main-newspaper - 200 null application/json; charset=utf-8 397.7289ms
2026-05-04 09:13:29.970 +03:00 [DBG] Connection id "0HNL9KFNH0QVL" disconnecting.
2026-05-04 09:13:29.976 +03:00 [DBG] Connection id "0HNL9KFNH0QVL" stopped.
2026-05-04 09:13:29.990 +03:00 [DBG] Connection id "0HNL9KFNH0QVL" sending FIN because: "The Socket transport's send loop completed gracefully."
2026-05-04 09:14:12.345 +03:00 [DBG] Connection id "0HNL9KFNH0QVM" disconnecting.
2026-05-04 09:14:12.345 +03:00 [DBG] Connection id "0HNL9KFNH0QVN" disconnecting.
2026-05-04 09:14:12.348 +03:00 [DBG] Connection id "0HNL9KFNH0QVM" stopped.
2026-05-04 09:14:12.351 +03:00 [DBG] Connection id "0HNL9KFNH0QVN" stopped.
2026-05-04 09:14:12.355 +03:00 [DBG] Connection id "0HNL9KFNH0QVM" sending FIN because: "The Socket transport's send loop completed gracefully."
2026-05-04 09:14:12.358 +03:00 [DBG] Connection id "0HNL9KFNH0QVN" sending FIN because: "The Socket transport's send loop completed gracefully."
2026-05-04 09:23:11.097 +03:00 [DBG] Connection id "0HNL9KFNH0QVO" accepted.
2026-05-04 09:23:11.099 +03:00 [DBG] Connection id "0HNL9KFNH0QVO" started.
2026-05-04 09:23:11.099 +03:00 [DBG] Connection id "0HNL9KFNH0QVP" accepted.
2026-05-04 09:23:11.100 +03:00 [INF] Request starting HTTP/1.1 GET http://localhost:5000/ - null null
2026-05-04 09:23:11.103 +03:00 [DBG] Connection id "0HNL9KFNH0QVP" started.
2026-05-04 09:23:11.118 +03:00 [DBG] The request is insecure. Skipping HSTS header.
2026-05-04 09:23:11.125 +03:00 [INF] Request started: GET /
2026-05-04 09:23:11.128 +03:00 [DBG] The request path / does not match a supported file type
2026-05-04 09:23:11.130 +03:00 [DBG] 1 candidate(s) found for the request path '/'
2026-05-04 09:23:11.132 +03:00 [DBG] Endpoint 'DetectiveInterrogation.Controllers.HomeController.Index (DetectiveInterrogation)' with route pattern '{controller=Home}/{action=Index}/{id?}' is valid for the request path '/'
2026-05-04 09:23:11.135 +03:00 [DBG] Request matched endpoint 'DetectiveInterrogation.Controllers.HomeController.Index (DetectiveInterrogation)'
2026-05-04 09:23:11.137 +03:00 [DBG] AuthenticationScheme: Bearer was not authenticated.
2026-05-04 09:23:11.169 +03:00 [INF] Executing endpoint 'DetectiveInterrogation.Controllers.HomeController.Index (DetectiveInterrogation)'
2026-05-04 09:23:11.173 +03:00 [INF] Route matched with {action = "Index", controller = "Home"}. Executing controller action with signature Microsoft.AspNetCore.Mvc.IActionResult Index() on controller DetectiveInterrogation.Controllers.HomeController (DetectiveInterrogation).
2026-05-04 09:23:11.178 +03:00 [DBG] Execution plan of authorization filters (in the following order): ["None"]
2026-05-04 09:23:11.181 +03:00 [DBG] Execution plan of resource filters (in the following order): ["Microsoft.AspNetCore.Mvc.ViewFeatures.Filters.SaveTempDataFilter"]
2026-05-04 09:23:11.183 +03:00 [DBG] Execution plan of action filters (in the following order): ["Microsoft.AspNetCore.Mvc.Filters.ControllerActionFilter (Order: -2147483648)","Microsoft.AspNetCore.Mvc.ModelBinding.UnsupportedContentTypeFilter (Order: -3000)"]
2026-05-04 09:23:11.184 +03:00 [DBG] Execution plan of exception filters (in the following order): ["None"]
2026-05-04 09:23:11.185 +03:00 [DBG] Execution plan of result filters (in the following order): ["Microsoft.AspNetCore.Mvc.ViewFeatures.Filters.SaveTempDataFilter"]
2026-05-04 09:23:11.194 +03:00 [DBG] Executing controller factory for controller DetectiveInterrogation.Controllers.HomeController (DetectiveInterrogation)
2026-05-04 09:23:11.197 +03:00 [DBG] Executed controller factory for controller DetectiveInterrogation.Controllers.HomeController (DetectiveInterrogation)
2026-05-04 09:23:11.199 +03:00 [DBG] View lookup cache hit for view 'Index' in controller 'Home'.
2026-05-04 09:23:11.200 +03:00 [INF] Executing ViewResult, running view Index.
2026-05-04 09:23:11.201 +03:00 [DBG] The view path '/Views/Home/Index.cshtml' was found in 2.8047ms.
2026-05-04 09:23:11.210 +03:00 [DBG] View lookup cache hit for view '_Layout' in controller 'Home'.
2026-05-04 09:23:11.215 +03:00 [INF] Executed ViewResult - view Index executed in 16.4442ms.
2026-05-04 09:23:11.222 +03:00 [INF] Executed action DetectiveInterrogation.Controllers.HomeController.Index (DetectiveInterrogation) in 27.1944ms
2026-05-04 09:23:11.223 +03:00 [INF] Executed endpoint 'DetectiveInterrogation.Controllers.HomeController.Index (DetectiveInterrogation)'
2026-05-04 09:23:11.223 +03:00 [INF] Request completed: GET / - Status: 200 - Duration: 98.0401ms
2026-05-04 09:23:11.224 +03:00 [INF] Request starting HTTP/1.1 GET http://localhost:5000/css/site.css?v=dRDns0HmqJfBdVXaZEsqf_Bnua9THkmB_mhigqCXwJo - null null
2026-05-04 09:23:11.232 +03:00 [DBG] The request is insecure. Skipping HSTS header.
2026-05-04 09:23:11.228 +03:00 [DBG] Connection id "0HNL9KFNH0QVO" completed keep alive response.
2026-05-04 09:23:11.234 +03:00 [INF] Request finished HTTP/1.1 GET http://localhost:5000/ - 200 null text/html; charset=utf-8 133.4978ms
2026-05-04 09:23:11.233 +03:00 [INF] Request started: GET /css/site.css?v=dRDns0HmqJfBdVXaZEsqf_Bnua9THkmB_mhigqCXwJo
2026-05-04 09:23:11.225 +03:00 [DBG] Connection id "0HNL9KFNH0QVQ" accepted.
2026-05-04 09:23:11.247 +03:00 [INF] The file /css/site.css was not modified
2026-05-04 09:23:11.253 +03:00 [DBG] Connection id "0HNL9KFNH0QVQ" started.
2026-05-04 09:23:11.255 +03:00 [DBG] Handled. Status code: 304 File: /css/site.css
2026-05-04 09:23:11.256 +03:00 [INF] Request starting HTTP/1.1 GET http://localhost:5000/js/app.js?v=96MkXKHSFhmMYqZGjv2cu6byzDEE-EPv0tXQE5lmsnU - null null
2026-05-04 09:23:11.258 +03:00 [INF] Request completed: GET /css/site.css?v=dRDns0HmqJfBdVXaZEsqf_Bnua9THkmB_mhigqCXwJo - Status: 304 - Duration: 24.7806ms
2026-05-04 09:23:11.261 +03:00 [DBG] The request is insecure. Skipping HSTS header.
2026-05-04 09:23:11.264 +03:00 [DBG] Connection id "0HNL9KFNH0QVP" completed keep alive response.
2026-05-04 09:23:11.274 +03:00 [INF] Request started: GET /js/app.js?v=96MkXKHSFhmMYqZGjv2cu6byzDEE-EPv0tXQE5lmsnU
2026-05-04 09:23:11.275 +03:00 [INF] Request finished HTTP/1.1 GET http://localhost:5000/css/site.css?v=dRDns0HmqJfBdVXaZEsqf_Bnua9THkmB_mhigqCXwJo - 304 null text/css 51.3156ms
2026-05-04 09:23:11.277 +03:00 [INF] The file /js/app.js was not modified
2026-05-04 09:23:11.284 +03:00 [DBG] Handled. Status code: 304 File: /js/app.js
2026-05-04 09:23:11.285 +03:00 [INF] Request completed: GET /js/app.js?v=96MkXKHSFhmMYqZGjv2cu6byzDEE-EPv0tXQE5lmsnU - Status: 304 - Duration: 11.6584ms
2026-05-04 09:23:11.290 +03:00 [DBG] Connection id "0HNL9KFNH0QVQ" completed keep alive response.
2026-05-04 09:23:11.304 +03:00 [INF] Request finished HTTP/1.1 GET http://localhost:5000/js/app.js?v=96MkXKHSFhmMYqZGjv2cu6byzDEE-EPv0tXQE5lmsnU - 304 null text/javascript 47.9252ms
2026-05-04 09:23:11.309 +03:00 [INF] Request starting HTTP/1.1 GET http://localhost:5000/api/Case/main-newspaper - application/json null
2026-05-04 09:23:11.332 +03:00 [DBG] The request is insecure. Skipping HSTS header.
2026-05-04 09:23:11.332 +03:00 [INF] Request started: GET /api/Case/main-newspaper
2026-05-04 09:23:11.334 +03:00 [DBG] The request path /api/Case/main-newspaper does not match a supported file type
2026-05-04 09:23:11.336 +03:00 [DBG] 2 candidate(s) found for the request path '/api/Case/main-newspaper'
2026-05-04 09:23:11.339 +03:00 [DBG] Endpoint 'DetectiveInterrogation.Controllers.CaseController.GetMainNewspaper (DetectiveInterrogation)' with route pattern 'api/Case/main-newspaper' is valid for the request path '/api/Case/main-newspaper'
2026-05-04 09:23:11.341 +03:00 [DBG] Endpoint 'DetectiveInterrogation.Controllers.CaseController.GetCaseById (DetectiveInterrogation)' with route pattern 'api/Case/{caseId}' is valid for the request path '/api/Case/main-newspaper'
2026-05-04 09:23:11.350 +03:00 [DBG] Request matched endpoint 'DetectiveInterrogation.Controllers.CaseController.GetMainNewspaper (DetectiveInterrogation)'
2026-05-04 09:23:11.353 +03:00 [DBG] AuthenticationScheme: Bearer was not authenticated.
2026-05-04 09:23:11.356 +03:00 [INF] Executing endpoint 'DetectiveInterrogation.Controllers.CaseController.GetMainNewspaper (DetectiveInterrogation)'
2026-05-04 09:23:11.358 +03:00 [INF] Route matched with {action = "GetMainNewspaper", controller = "Case"}. Executing controller action with signature System.Threading.Tasks.Task`1[Microsoft.AspNetCore.Mvc.IActionResult] GetMainNewspaper() on controller DetectiveInterrogation.Controllers.CaseController (DetectiveInterrogation).
2026-05-04 09:23:11.363 +03:00 [DBG] Execution plan of authorization filters (in the following order): ["None"]
2026-05-04 09:23:11.366 +03:00 [DBG] Execution plan of resource filters (in the following order): ["Microsoft.AspNetCore.Mvc.ViewFeatures.Filters.SaveTempDataFilter"]
2026-05-04 09:23:11.368 +03:00 [DBG] Execution plan of action filters (in the following order): ["Microsoft.AspNetCore.Mvc.ModelBinding.UnsupportedContentTypeFilter (Order: -3000)","Microsoft.AspNetCore.Mvc.Infrastructure.ModelStateInvalidFilter (Order: -2000)"]
2026-05-04 09:23:11.381 +03:00 [DBG] Execution plan of exception filters (in the following order): ["None"]
2026-05-04 09:23:11.384 +03:00 [DBG] Execution plan of result filters (in the following order): ["Microsoft.AspNetCore.Mvc.ViewFeatures.Filters.SaveTempDataFilter","Microsoft.AspNetCore.Mvc.Infrastructure.ClientErrorResultFilter (Order: -2000)"]
2026-05-04 09:23:11.488 +03:00 [DBG] Executing controller factory for controller DetectiveInterrogation.Controllers.CaseController (DetectiveInterrogation)
2026-05-04 09:23:11.499 +03:00 [DBG] Executed controller factory for controller DetectiveInterrogation.Controllers.CaseController (DetectiveInterrogation)
2026-05-04 09:23:11.501 +03:00 [DBG] Entity Framework Core 8.0.4 initialized 'AppDbContext' using provider 'Npgsql.EntityFrameworkCore.PostgreSQL:8.0.4+51faf6e9c9c7ef99c3e98d98a96adb8fa8ae4553' with options: None
2026-05-04 09:23:11.512 +03:00 [DBG] Creating DbConnection.
2026-05-04 09:23:11.514 +03:00 [DBG] Created DbConnection. (2ms).
2026-05-04 09:23:11.515 +03:00 [DBG] Opening connection to database 'DetectiveInterrogation' on server 'tcp://localhost:5432'.
2026-05-04 09:23:11.779 +03:00 [DBG] Opened connection to database 'DetectiveInterrogation' on server 'tcp://localhost:5432'.
2026-05-04 09:23:11.793 +03:00 [DBG] Creating DbCommand for 'ExecuteReader'.
2026-05-04 09:23:11.803 +03:00 [DBG] Created DbCommand for 'ExecuteReader' (10ms).
2026-05-04 09:23:11.824 +03:00 [DBG] Initialized DbCommand for 'ExecuteReader' (31ms).
2026-05-04 09:23:11.841 +03:00 [DBG] Executing DbCommand [Parameters=[], CommandType='"Text"', CommandTimeout='30']
SELECT c."Id", c."FullDescription", c."NewspaperText", c."ShortDescription", c."Title", s."Id", s."CaseId", s."Description", s."InitialAggression", s."InitialTrust", s."IsGuilty", s."Name", e."Id", e."CaseId", e."FullText", e."ShortText", e."Title"
FROM "Cases" AS c
LEFT JOIN "Suspects" AS s ON c."Id" = s."CaseId"
LEFT JOIN "Evidence" AS e ON c."Id" = e."CaseId"
ORDER BY c."Id", s."Id"
2026-05-04 09:23:11.883 +03:00 [INF] Executed DbCommand (42ms) [Parameters=[], CommandType='"Text"', CommandTimeout='30']
SELECT c."Id", c."FullDescription", c."NewspaperText", c."ShortDescription", c."Title", s."Id", s."CaseId", s."Description", s."InitialAggression", s."InitialTrust", s."IsGuilty", s."Name", e."Id", e."CaseId", e."FullText", e."ShortText", e."Title"
FROM "Cases" AS c
LEFT JOIN "Suspects" AS s ON c."Id" = s."CaseId"
LEFT JOIN "Evidence" AS e ON c."Id" = e."CaseId"
ORDER BY c."Id", s."Id"
2026-05-04 09:23:11.888 +03:00 [DBG] Context 'AppDbContext' started tracking 'Case' entity. Consider using 'DbContextOptionsBuilder.EnableSensitiveDataLogging' to see key values.
2026-05-04 09:23:11.892 +03:00 [DBG] Context 'AppDbContext' started tracking 'Suspect' entity. Consider using 'DbContextOptionsBuilder.EnableSensitiveDataLogging' to see key values.
2026-05-04 09:23:11.894 +03:00 [DBG] Context 'AppDbContext' started tracking 'Evidence' entity. Consider using 'DbContextOptionsBuilder.EnableSensitiveDataLogging' to see key values.
2026-05-04 09:23:11.909 +03:00 [DBG] Context 'AppDbContext' started tracking 'Evidence' entity. Consider using 'DbContextOptionsBuilder.EnableSensitiveDataLogging' to see key values.
2026-05-04 09:23:11.918 +03:00 [DBG] Context 'AppDbContext' started tracking 'Evidence' entity. Consider using 'DbContextOptionsBuilder.EnableSensitiveDataLogging' to see key values.
2026-05-04 09:23:11.919 +03:00 [DBG] Context 'AppDbContext' started tracking 'Suspect' entity. Consider using 'DbContextOptionsBuilder.EnableSensitiveDataLogging' to see key values.
2026-05-04 09:23:11.922 +03:00 [DBG] Closing data reader to 'DetectiveInterrogation' on server 'tcp://localhost:5432'.
2026-05-04 09:23:11.924 +03:00 [DBG] A data reader for 'DetectiveInterrogation' on server 'tcp://localhost:5432' is being disposed after spending 35ms reading results.
2026-05-04 09:23:11.940 +03:00 [DBG] Closing connection to database 'DetectiveInterrogation' on server 'tcp://localhost:5432'.
2026-05-04 09:23:11.941 +03:00 [DBG] Closed connection to database 'DetectiveInterrogation' on server 'tcp://localhost:5432' (1ms).
2026-05-04 09:23:11.954 +03:00 [DBG] List of registered output formatters, in the following order: ["Microsoft.AspNetCore.Mvc.Formatters.HttpNoContentOutputFormatter","Microsoft.AspNetCore.Mvc.Formatters.StringOutputFormatter","Microsoft.AspNetCore.Mvc.Formatters.StreamOutputFormatter","Microsoft.AspNetCore.Mvc.Formatters.SystemTextJsonOutputFormatter"]
2026-05-04 09:23:11.958 +03:00 [DBG] No information found on request to perform content negotiation.
2026-05-04 09:23:11.962 +03:00 [DBG] Attempting to select an output formatter without using a content type as no explicit content types were specified for the response.
2026-05-04 09:23:11.963 +03:00 [DBG] Attempting to select the first formatter in the output formatters list which can write the result.
2026-05-04 09:23:11.965 +03:00 [DBG] Selected output formatter 'Microsoft.AspNetCore.Mvc.Formatters.SystemTextJsonOutputFormatter' and content type 'application/json' to write the response.
2026-05-04 09:23:11.968 +03:00 [INF] Executing OkObjectResult, writing value of type '<>f__AnonymousType2`3[[System.Int32, System.Private.CoreLib, Version=8.0.0.0, Culture=neutral, PublicKeyToken=7cec85d7bea7798e],[System.String, System.Private.CoreLib, Version=8.0.0.0, Culture=neutral, PublicKeyToken=7cec85d7bea7798e],[System.String, System.Private.CoreLib, Version=8.0.0.0, Culture=neutral, PublicKeyToken=7cec85d7bea7798e]]'.
2026-05-04 09:23:11.970 +03:00 [INF] Executed action DetectiveInterrogation.Controllers.CaseController.GetMainNewspaper (DetectiveInterrogation) in 481.7871ms
2026-05-04 09:23:11.971 +03:00 [INF] Executed endpoint 'DetectiveInterrogation.Controllers.CaseController.GetMainNewspaper (DetectiveInterrogation)'
2026-05-04 09:23:11.973 +03:00 [INF] Request completed: GET /api/Case/main-newspaper - Status: 200 - Duration: 640.1401ms
2026-05-04 09:23:11.975 +03:00 [DBG] Connection id "0HNL9KFNH0QVQ" completed keep alive response.
2026-05-04 09:23:11.984 +03:00 [DBG] 'AppDbContext' disposed.
2026-05-04 09:23:11.986 +03:00 [DBG] Disposing connection to database 'DetectiveInterrogation' on server 'tcp://localhost:5432'.
2026-05-04 09:23:11.988 +03:00 [DBG] Disposed connection to database 'DetectiveInterrogation' on server 'tcp://localhost:5432' (2ms).
2026-05-04 09:23:11.990 +03:00 [INF] Request finished HTTP/1.1 GET http://localhost:5000/api/Case/main-newspaper - 200 null application/json; charset=utf-8 680.7752ms
2026-05-04 09:23:14.685 +03:00 [INF] Request starting HTTP/1.1 GET http://localhost:5000/profile - null null
2026-05-04 09:23:14.689 +03:00 [DBG] The request is insecure. Skipping HSTS header.
2026-05-04 09:23:14.703 +03:00 [INF] Request started: GET /profile
2026-05-04 09:23:14.710 +03:00 [DBG] The request path /profile does not match a supported file type
2026-05-04 09:23:14.712 +03:00 [DBG] 1 candidate(s) found for the request path '/profile'
2026-05-04 09:23:14.714 +03:00 [DBG] Endpoint 'DetectiveInterrogation.Controllers.PageController.Profile (DetectiveInterrogation)' with route pattern 'profile' is valid for the request path '/profile'
2026-05-04 09:23:14.718 +03:00 [DBG] Request matched endpoint 'DetectiveInterrogation.Controllers.PageController.Profile (DetectiveInterrogation)'
2026-05-04 09:23:14.721 +03:00 [DBG] AuthenticationScheme: Bearer was not authenticated.
2026-05-04 09:23:14.727 +03:00 [INF] Executing endpoint 'DetectiveInterrogation.Controllers.PageController.Profile (DetectiveInterrogation)'
2026-05-04 09:23:14.732 +03:00 [INF] Route matched with {action = "Profile", controller = "Page"}. Executing controller action with signature Microsoft.AspNetCore.Mvc.IActionResult Profile() on controller DetectiveInterrogation.Controllers.PageController (DetectiveInterrogation).
2026-05-04 09:23:14.737 +03:00 [DBG] Execution plan of authorization filters (in the following order): ["None"]
2026-05-04 09:23:14.741 +03:00 [DBG] Execution plan of resource filters (in the following order): ["Microsoft.AspNetCore.Mvc.ViewFeatures.Filters.SaveTempDataFilter"]
2026-05-04 09:23:14.744 +03:00 [DBG] Execution plan of action filters (in the following order): ["Microsoft.AspNetCore.Mvc.Filters.ControllerActionFilter (Order: -2147483648)","Microsoft.AspNetCore.Mvc.ModelBinding.UnsupportedContentTypeFilter (Order: -3000)"]
2026-05-04 09:23:14.748 +03:00 [DBG] Execution plan of exception filters (in the following order): ["None"]
2026-05-04 09:23:14.751 +03:00 [DBG] Execution plan of result filters (in the following order): ["Microsoft.AspNetCore.Mvc.ViewFeatures.Filters.SaveTempDataFilter"]
2026-05-04 09:23:14.757 +03:00 [DBG] Executing controller factory for controller DetectiveInterrogation.Controllers.PageController (DetectiveInterrogation)
2026-05-04 09:23:14.759 +03:00 [DBG] Executed controller factory for controller DetectiveInterrogation.Controllers.PageController (DetectiveInterrogation)
2026-05-04 09:23:15.217 +03:00 [DBG] Compilation of the generated code for the Razor file at 'C:\Users\vikto\OneDrive\Desktop\sem\DetectiveInterrogation\Views\Achievement\Index.cshtml' started.
2026-05-04 09:23:15.392 +03:00 [DBG] Compilation of the generated code for the Razor file at 'C:\Users\vikto\OneDrive\Desktop\sem\DetectiveInterrogation\Views\Achievement\Index.cshtml' completed in 168.4752ms.
2026-05-04 09:23:15.415 +03:00 [INF] Executing ViewResult, running view ~/Views/Achievement/Index.cshtml.
2026-05-04 09:23:15.416 +03:00 [DBG] The view path '/Views/Achievement/Index.cshtml' was found in 654.2338ms.
2026-05-04 09:23:15.473 +03:00 [DBG] View lookup cache hit for view '_Layout' in controller 'Page'.
2026-05-04 09:23:15.816 +03:00 [INF] Executed ViewResult - view ~/Views/Achievement/Index.cshtml executed in 1054.2427ms.
2026-05-04 09:23:15.955 +03:00 [INF] Executed action DetectiveInterrogation.Controllers.PageController.Profile (DetectiveInterrogation) in 1198.1551ms
2026-05-04 09:23:16.010 +03:00 [INF] Executed endpoint 'DetectiveInterrogation.Controllers.PageController.Profile (DetectiveInterrogation)'
2026-05-04 09:23:16.013 +03:00 [INF] Request completed: GET /profile - Status: 200 - Duration: 1310.8135ms
2026-05-04 09:23:16.030 +03:00 [DBG] Connection id "0HNL9KFNH0QVQ" completed keep alive response.
2026-05-04 09:23:16.031 +03:00 [INF] Request finished HTTP/1.1 GET http://localhost:5000/profile - 200 null text/html; charset=utf-8 1346.8742ms
2026-05-04 09:23:16.042 +03:00 [INF] Request starting HTTP/1.1 GET http://localhost:5000/auth/login - null null
2026-05-04 09:23:16.044 +03:00 [DBG] The request is insecure. Skipping HSTS header.
2026-05-04 09:23:16.046 +03:00 [INF] Request started: GET /auth/login
2026-05-04 09:23:16.049 +03:00 [DBG] The request path /auth/login does not match a supported file type
2026-05-04 09:23:16.052 +03:00 [DBG] 1 candidate(s) found for the request path '/auth/login'
2026-05-04 09:23:16.053 +03:00 [DBG] Endpoint 'DetectiveInterrogation.Controllers.PageController.Login (DetectiveInterrogation)' with route pattern 'auth/login' is valid for the request path '/auth/login'
2026-05-04 09:23:16.054 +03:00 [DBG] Request matched endpoint 'DetectiveInterrogation.Controllers.PageController.Login (DetectiveInterrogation)'
2026-05-04 09:23:16.055 +03:00 [DBG] AuthenticationScheme: Bearer was not authenticated.
2026-05-04 09:23:16.059 +03:00 [INF] Executing endpoint 'DetectiveInterrogation.Controllers.PageController.Login (DetectiveInterrogation)'
2026-05-04 09:23:16.061 +03:00 [INF] Route matched with {action = "Login", controller = "Page"}. Executing controller action with signature Microsoft.AspNetCore.Mvc.IActionResult Login() on controller DetectiveInterrogation.Controllers.PageController (DetectiveInterrogation).
2026-05-04 09:23:16.070 +03:00 [DBG] Execution plan of authorization filters (in the following order): ["None"]
2026-05-04 09:23:16.073 +03:00 [DBG] Execution plan of resource filters (in the following order): ["Microsoft.AspNetCore.Mvc.ViewFeatures.Filters.SaveTempDataFilter"]
2026-05-04 09:23:16.076 +03:00 [DBG] Execution plan of action filters (in the following order): ["Microsoft.AspNetCore.Mvc.Filters.ControllerActionFilter (Order: -2147483648)","Microsoft.AspNetCore.Mvc.ModelBinding.UnsupportedContentTypeFilter (Order: -3000)"]
2026-05-04 09:23:16.081 +03:00 [DBG] Execution plan of exception filters (in the following order): ["None"]
2026-05-04 09:23:16.082 +03:00 [DBG] Execution plan of result filters (in the following order): ["Microsoft.AspNetCore.Mvc.ViewFeatures.Filters.SaveTempDataFilter"]
2026-05-04 09:23:16.084 +03:00 [DBG] Executing controller factory for controller DetectiveInterrogation.Controllers.PageController (DetectiveInterrogation)
2026-05-04 09:23:16.085 +03:00 [DBG] Executed controller factory for controller DetectiveInterrogation.Controllers.PageController (DetectiveInterrogation)
2026-05-04 09:23:16.086 +03:00 [INF] Executing ViewResult, running view ~/Views/Auth/Login.cshtml.
2026-05-04 09:23:16.088 +03:00 [DBG] The view path '/Views/Auth/Login.cshtml' was found in 1.2826ms.
2026-05-04 09:23:16.091 +03:00 [DBG] View lookup cache hit for view '_Layout' in controller 'Page'.
2026-05-04 09:23:16.093 +03:00 [INF] Executed ViewResult - view ~/Views/Auth/Login.cshtml executed in 6.9682ms.
2026-05-04 09:23:16.102 +03:00 [INF] Executed action DetectiveInterrogation.Controllers.PageController.Login (DetectiveInterrogation) in 18.6544ms
2026-05-04 09:23:16.103 +03:00 [INF] Executed endpoint 'DetectiveInterrogation.Controllers.PageController.Login (DetectiveInterrogation)'
2026-05-04 09:23:16.104 +03:00 [INF] Request completed: GET /auth/login - Status: 200 - Duration: 58.7411ms
2026-05-04 09:23:16.107 +03:00 [DBG] Connection id "0HNL9KFNH0QVQ" completed keep alive response.
2026-05-04 09:23:16.108 +03:00 [INF] Request finished HTTP/1.1 GET http://localhost:5000/auth/login - 200 null text/html; charset=utf-8 66.556ms
2026-05-04 09:24:06.295 +03:00 [INF] Request starting HTTP/1.1 POST http://localhost:5000/api/Auth/login - application/json 50
2026-05-04 09:24:06.318 +03:00 [DBG] The request is insecure. Skipping HSTS header.
2026-05-04 09:24:06.320 +03:00 [INF] Request started: POST /api/Auth/login
2026-05-04 09:24:06.323 +03:00 [DBG] POST requests are not supported
2026-05-04 09:24:06.326 +03:00 [DBG] 1 candidate(s) found for the request path '/api/Auth/login'
2026-05-04 09:24:06.329 +03:00 [DBG] Endpoint 'DetectiveInterrogation.Controllers.AuthController.Login (DetectiveInterrogation)' with route pattern 'api/Auth/login' is valid for the request path '/api/Auth/login'
2026-05-04 09:24:06.333 +03:00 [DBG] Request matched endpoint 'DetectiveInterrogation.Controllers.AuthController.Login (DetectiveInterrogation)'
2026-05-04 09:24:06.335 +03:00 [DBG] AuthenticationScheme: Bearer was not authenticated.
2026-05-04 09:24:06.337 +03:00 [INF] Executing endpoint 'DetectiveInterrogation.Controllers.AuthController.Login (DetectiveInterrogation)'
2026-05-04 09:24:06.358 +03:00 [INF] Route matched with {action = "Login", controller = "Auth"}. Executing controller action with signature System.Threading.Tasks.Task`1[Microsoft.AspNetCore.Mvc.IActionResult] Login(DetectiveInterrogation.Controllers.LoginRequest) on controller DetectiveInterrogation.Controllers.AuthController (DetectiveInterrogation).
2026-05-04 09:24:06.363 +03:00 [DBG] Execution plan of authorization filters (in the following order): ["None"]
2026-05-04 09:24:06.365 +03:00 [DBG] Execution plan of resource filters (in the following order): ["Microsoft.AspNetCore.Mvc.ViewFeatures.Filters.SaveTempDataFilter"]
2026-05-04 09:24:06.367 +03:00 [DBG] Execution plan of action filters (in the following order): ["Microsoft.AspNetCore.Mvc.ModelBinding.UnsupportedContentTypeFilter (Order: -3000)","Microsoft.AspNetCore.Mvc.Infrastructure.ModelStateInvalidFilter (Order: -2000)"]
2026-05-04 09:24:06.371 +03:00 [DBG] Execution plan of exception filters (in the following order): ["None"]
2026-05-04 09:24:06.373 +03:00 [DBG] Execution plan of result filters (in the following order): ["Microsoft.AspNetCore.Mvc.ViewFeatures.Filters.SaveTempDataFilter","Microsoft.AspNetCore.Mvc.Infrastructure.ClientErrorResultFilter (Order: -2000)"]
2026-05-04 09:24:06.376 +03:00 [DBG] Executing controller factory for controller DetectiveInterrogation.Controllers.AuthController (DetectiveInterrogation)
2026-05-04 09:24:06.383 +03:00 [DBG] Executed controller factory for controller DetectiveInterrogation.Controllers.AuthController (DetectiveInterrogation)
2026-05-04 09:24:06.394 +03:00 [DBG] Attempting to bind parameter 'request' of type 'DetectiveInterrogation.Controllers.LoginRequest' ...
2026-05-04 09:24:06.399 +03:00 [DBG] Attempting to bind parameter 'request' of type 'DetectiveInterrogation.Controllers.LoginRequest' using the name '' in request data ...
2026-05-04 09:24:06.403 +03:00 [DBG] Selected input formatter 'Microsoft.AspNetCore.Mvc.Formatters.SystemTextJsonInputFormatter' for content type 'application/json'.
2026-05-04 09:24:06.419 +03:00 [DBG] Connection id "0HNL9KFNH0QVQ", Request id "0HNL9KFNH0QVQ:00000005": started reading request body.
2026-05-04 09:24:06.422 +03:00 [DBG] Connection id "0HNL9KFNH0QVQ", Request id "0HNL9KFNH0QVQ:00000005": done reading request body.
2026-05-04 09:24:06.436 +03:00 [DBG] JSON input formatter succeeded, deserializing to type 'DetectiveInterrogation.Controllers.LoginRequest'
2026-05-04 09:24:06.438 +03:00 [DBG] Done attempting to bind parameter 'request' of type 'DetectiveInterrogation.Controllers.LoginRequest'.
2026-05-04 09:24:06.449 +03:00 [DBG] Done attempting to bind parameter 'request' of type 'DetectiveInterrogation.Controllers.LoginRequest'.
2026-05-04 09:24:06.451 +03:00 [DBG] Attempting to validate the bound parameter 'request' of type 'DetectiveInterrogation.Controllers.LoginRequest' ...
2026-05-04 09:24:06.466 +03:00 [DBG] Done attempting to validate the bound parameter 'request' of type 'DetectiveInterrogation.Controllers.LoginRequest'.
2026-05-04 09:24:06.481 +03:00 [DBG] Entity Framework Core 8.0.4 initialized 'AppDbContext' using provider 'Npgsql.EntityFrameworkCore.PostgreSQL:8.0.4+51faf6e9c9c7ef99c3e98d98a96adb8fa8ae4553' with options: None
2026-05-04 09:24:06.487 +03:00 [DBG] Compiling query expression: 
'DbSet<User>()
    .SingleOrDefault(u => u.Username == __username_0)'
2026-05-04 09:24:06.511 +03:00 [DBG] Generated query execution expression: 
'queryContext => ShapedQueryCompilingExpressionVisitor.SingleOrDefaultAsync<User>(
    asyncEnumerable: new SingleQueryingEnumerable<User>(
        (RelationalQueryContext)queryContext, 
        RelationalCommandCache.QueryExpression(
            Projection Mapping:
                EmptyProjectionMember -> Dictionary<IProperty, int> { [Property: User.Id (int) Required PK AfterSave:Throw ValueGenerated.OnAdd, 0], [Property: User.Email (string) Required Index MaxLength(255), 1], [Property: User.PasswordHash (string) Required, 2], [Property: User.Role (string) Required ValueGenerated.OnAdd MaxLength(32), 3], [Property: User.Username (string) Required Index MaxLength(50), 4] }
            SELECT TOP(2) u.Id, u.Email, u.PasswordHash, u.Role, u.Username
            FROM Users AS u
            WHERE u.Username == @__username_0), 
        null, 
        Func<QueryContext, DbDataReader, ResultContext, SingleQueryResultCoordinator, User>, 
        DetectiveInterrogation.Data.AppDbContext, 
        False, 
        False, 
        True
    ), 
    cancellationToken: queryContext.CancellationToken)'
2026-05-04 09:24:06.521 +03:00 [DBG] Creating DbConnection.
2026-05-04 09:24:06.526 +03:00 [DBG] Created DbConnection. (5ms).
2026-05-04 09:24:06.528 +03:00 [DBG] Opening connection to database 'DetectiveInterrogation' on server 'tcp://localhost:5432'.
2026-05-04 09:24:06.530 +03:00 [DBG] Opened connection to database 'DetectiveInterrogation' on server 'tcp://localhost:5432'.
2026-05-04 09:24:06.532 +03:00 [DBG] Creating DbCommand for 'ExecuteReader'.
2026-05-04 09:24:06.534 +03:00 [DBG] Created DbCommand for 'ExecuteReader' (1ms).
2026-05-04 09:24:06.548 +03:00 [DBG] Initialized DbCommand for 'ExecuteReader' (15ms).
2026-05-04 09:24:06.556 +03:00 [DBG] Executing DbCommand [Parameters=[@__username_0='?'], CommandType='"Text"', CommandTimeout='30']
SELECT u."Id", u."Email", u."PasswordHash", u."Role", u."Username"
FROM "Users" AS u
WHERE u."Username" = @__username_0
LIMIT 2
2026-05-04 09:24:06.582 +03:00 [INF] Executed DbCommand (31ms) [Parameters=[@__username_0='?'], CommandType='"Text"', CommandTimeout='30']
SELECT u."Id", u."Email", u."PasswordHash", u."Role", u."Username"
FROM "Users" AS u
WHERE u."Username" = @__username_0
LIMIT 2
2026-05-04 09:24:06.597 +03:00 [DBG] Context 'AppDbContext' started tracking 'User' entity. Consider using 'DbContextOptionsBuilder.EnableSensitiveDataLogging' to see key values.
2026-05-04 09:24:06.624 +03:00 [DBG] Closing data reader to 'DetectiveInterrogation' on server 'tcp://localhost:5432'.
2026-05-04 09:24:06.626 +03:00 [DBG] A data reader for 'DetectiveInterrogation' on server 'tcp://localhost:5432' is being disposed after spending 37ms reading results.
2026-05-04 09:24:06.629 +03:00 [DBG] Closing connection to database 'DetectiveInterrogation' on server 'tcp://localhost:5432'.
2026-05-04 09:24:06.637 +03:00 [DBG] Closed connection to database 'DetectiveInterrogation' on server 'tcp://localhost:5432' (8ms).
2026-05-04 09:24:07.438 +03:00 [DBG] List of registered output formatters, in the following order: ["Microsoft.AspNetCore.Mvc.Formatters.HttpNoContentOutputFormatter","Microsoft.AspNetCore.Mvc.Formatters.StringOutputFormatter","Microsoft.AspNetCore.Mvc.Formatters.StreamOutputFormatter","Microsoft.AspNetCore.Mvc.Formatters.SystemTextJsonOutputFormatter"]
2026-05-04 09:24:07.446 +03:00 [DBG] No information found on request to perform content negotiation.
2026-05-04 09:24:07.448 +03:00 [DBG] Attempting to select an output formatter without using a content type as no explicit content types were specified for the response.
2026-05-04 09:24:07.449 +03:00 [DBG] Attempting to select the first formatter in the output formatters list which can write the result.
2026-05-04 09:24:07.454 +03:00 [DBG] Selected output formatter 'Microsoft.AspNetCore.Mvc.Formatters.SystemTextJsonOutputFormatter' and content type 'application/json' to write the response.
2026-05-04 09:24:07.457 +03:00 [INF] Executing UnauthorizedObjectResult, writing value of type '<>f__AnonymousType0`1[[System.String, System.Private.CoreLib, Version=8.0.0.0, Culture=neutral, PublicKeyToken=7cec85d7bea7798e]]'.
2026-05-04 09:24:07.471 +03:00 [INF] Executed action DetectiveInterrogation.Controllers.AuthController.Login (DetectiveInterrogation) in 1094.3393ms
2026-05-04 09:24:07.477 +03:00 [INF] Executed endpoint 'DetectiveInterrogation.Controllers.AuthController.Login (DetectiveInterrogation)'
2026-05-04 09:24:07.479 +03:00 [INF] Request completed: POST /api/Auth/login - Status: 401 - Duration: 1158.5375ms
2026-05-04 09:24:07.482 +03:00 [DBG] Connection id "0HNL9KFNH0QVQ" completed keep alive response.
2026-05-04 09:24:07.484 +03:00 [DBG] 'AppDbContext' disposed.
2026-05-04 09:24:07.488 +03:00 [DBG] Disposing connection to database 'DetectiveInterrogation' on server 'tcp://localhost:5432'.
2026-05-04 09:24:07.503 +03:00 [DBG] Disposed connection to database 'DetectiveInterrogation' on server 'tcp://localhost:5432' (15ms).
2026-05-04 09:24:07.505 +03:00 [INF] Request finished HTTP/1.1 POST http://localhost:5000/api/Auth/login - 401 null application/json; charset=utf-8 1209.6655ms
2026-05-04 09:24:18.409 +03:00 [INF] Request starting HTTP/1.1 POST http://localhost:5000/api/Auth/login - application/json 41
2026-05-04 09:24:18.418 +03:00 [DBG] The request is insecure. Skipping HSTS header.
2026-05-04 09:24:18.419 +03:00 [INF] Request started: POST /api/Auth/login
2026-05-04 09:24:18.427 +03:00 [DBG] POST requests are not supported
2026-05-04 09:24:18.430 +03:00 [DBG] 1 candidate(s) found for the request path '/api/Auth/login'
2026-05-04 09:24:18.432 +03:00 [DBG] Endpoint 'DetectiveInterrogation.Controllers.AuthController.Login (DetectiveInterrogation)' with route pattern 'api/Auth/login' is valid for the request path '/api/Auth/login'
2026-05-04 09:24:18.434 +03:00 [DBG] Request matched endpoint 'DetectiveInterrogation.Controllers.AuthController.Login (DetectiveInterrogation)'
2026-05-04 09:24:18.445 +03:00 [DBG] AuthenticationScheme: Bearer was not authenticated.
2026-05-04 09:24:18.447 +03:00 [INF] Executing endpoint 'DetectiveInterrogation.Controllers.AuthController.Login (DetectiveInterrogation)'
2026-05-04 09:24:18.449 +03:00 [INF] Route matched with {action = "Login", controller = "Auth"}. Executing controller action with signature System.Threading.Tasks.Task`1[Microsoft.AspNetCore.Mvc.IActionResult] Login(DetectiveInterrogation.Controllers.LoginRequest) on controller DetectiveInterrogation.Controllers.AuthController (DetectiveInterrogation).
2026-05-04 09:24:18.458 +03:00 [DBG] Execution plan of authorization filters (in the following order): ["None"]
2026-05-04 09:24:18.461 +03:00 [DBG] Execution plan of resource filters (in the following order): ["Microsoft.AspNetCore.Mvc.ViewFeatures.Filters.SaveTempDataFilter"]
2026-05-04 09:24:18.463 +03:00 [DBG] Execution plan of action filters (in the following order): ["Microsoft.AspNetCore.Mvc.ModelBinding.UnsupportedContentTypeFilter (Order: -3000)","Microsoft.AspNetCore.Mvc.Infrastructure.ModelStateInvalidFilter (Order: -2000)"]
2026-05-04 09:24:18.466 +03:00 [DBG] Execution plan of exception filters (in the following order): ["None"]
2026-05-04 09:24:18.476 +03:00 [DBG] Execution plan of result filters (in the following order): ["Microsoft.AspNetCore.Mvc.ViewFeatures.Filters.SaveTempDataFilter","Microsoft.AspNetCore.Mvc.Infrastructure.ClientErrorResultFilter (Order: -2000)"]
2026-05-04 09:24:18.479 +03:00 [DBG] Executing controller factory for controller DetectiveInterrogation.Controllers.AuthController (DetectiveInterrogation)
2026-05-04 09:24:18.482 +03:00 [DBG] Executed controller factory for controller DetectiveInterrogation.Controllers.AuthController (DetectiveInterrogation)
2026-05-04 09:24:18.493 +03:00 [DBG] Attempting to bind parameter 'request' of type 'DetectiveInterrogation.Controllers.LoginRequest' ...
2026-05-04 09:24:18.496 +03:00 [DBG] Attempting to bind parameter 'request' of type 'DetectiveInterrogation.Controllers.LoginRequest' using the name '' in request data ...
2026-05-04 09:24:18.499 +03:00 [DBG] Selected input formatter 'Microsoft.AspNetCore.Mvc.Formatters.SystemTextJsonInputFormatter' for content type 'application/json'.
2026-05-04 09:24:18.510 +03:00 [DBG] Connection id "0HNL9KFNH0QVQ", Request id "0HNL9KFNH0QVQ:00000006": started reading request body.
2026-05-04 09:24:18.513 +03:00 [DBG] Connection id "0HNL9KFNH0QVQ", Request id "0HNL9KFNH0QVQ:00000006": done reading request body.
2026-05-04 09:24:18.521 +03:00 [DBG] JSON input formatter succeeded, deserializing to type 'DetectiveInterrogation.Controllers.LoginRequest'
2026-05-04 09:24:18.523 +03:00 [DBG] Done attempting to bind parameter 'request' of type 'DetectiveInterrogation.Controllers.LoginRequest'.
2026-05-04 09:24:18.526 +03:00 [DBG] Done attempting to bind parameter 'request' of type 'DetectiveInterrogation.Controllers.LoginRequest'.
2026-05-04 09:24:18.528 +03:00 [DBG] Attempting to validate the bound parameter 'request' of type 'DetectiveInterrogation.Controllers.LoginRequest' ...
2026-05-04 09:24:18.531 +03:00 [DBG] Done attempting to validate the bound parameter 'request' of type 'DetectiveInterrogation.Controllers.LoginRequest'.
2026-05-04 09:24:18.540 +03:00 [DBG] Entity Framework Core 8.0.4 initialized 'AppDbContext' using provider 'Npgsql.EntityFrameworkCore.PostgreSQL:8.0.4+51faf6e9c9c7ef99c3e98d98a96adb8fa8ae4553' with options: None
2026-05-04 09:24:18.545 +03:00 [DBG] Creating DbConnection.
2026-05-04 09:24:18.554 +03:00 [DBG] Created DbConnection. (8ms).
2026-05-04 09:24:18.557 +03:00 [DBG] Opening connection to database 'DetectiveInterrogation' on server 'tcp://localhost:5432'.
2026-05-04 09:24:18.560 +03:00 [DBG] Opened connection to database 'DetectiveInterrogation' on server 'tcp://localhost:5432'.
2026-05-04 09:24:18.564 +03:00 [DBG] Creating DbCommand for 'ExecuteReader'.
2026-05-04 09:24:18.566 +03:00 [DBG] Created DbCommand for 'ExecuteReader' (2ms).
2026-05-04 09:24:18.569 +03:00 [DBG] Initialized DbCommand for 'ExecuteReader' (4ms).
2026-05-04 09:24:18.571 +03:00 [DBG] Executing DbCommand [Parameters=[@__username_0='?'], CommandType='"Text"', CommandTimeout='30']
SELECT u."Id", u."Email", u."PasswordHash", u."Role", u."Username"
FROM "Users" AS u
WHERE u."Username" = @__username_0
LIMIT 2
2026-05-04 09:24:18.576 +03:00 [INF] Executed DbCommand (5ms) [Parameters=[@__username_0='?'], CommandType='"Text"', CommandTimeout='30']
SELECT u."Id", u."Email", u."PasswordHash", u."Role", u."Username"
FROM "Users" AS u
WHERE u."Username" = @__username_0
LIMIT 2
2026-05-04 09:24:18.583 +03:00 [DBG] Context 'AppDbContext' started tracking 'User' entity. Consider using 'DbContextOptionsBuilder.EnableSensitiveDataLogging' to see key values.
2026-05-04 09:24:18.586 +03:00 [DBG] Closing data reader to 'DetectiveInterrogation' on server 'tcp://localhost:5432'.
2026-05-04 09:24:18.588 +03:00 [DBG] A data reader for 'DetectiveInterrogation' on server 'tcp://localhost:5432' is being disposed after spending 5ms reading results.
2026-05-04 09:24:18.591 +03:00 [DBG] Closing connection to database 'DetectiveInterrogation' on server 'tcp://localhost:5432'.
2026-05-04 09:24:18.595 +03:00 [DBG] Closed connection to database 'DetectiveInterrogation' on server 'tcp://localhost:5432' (3ms).
2026-05-04 09:24:18.949 +03:00 [DBG] List of registered output formatters, in the following order: ["Microsoft.AspNetCore.Mvc.Formatters.HttpNoContentOutputFormatter","Microsoft.AspNetCore.Mvc.Formatters.StringOutputFormatter","Microsoft.AspNetCore.Mvc.Formatters.StreamOutputFormatter","Microsoft.AspNetCore.Mvc.Formatters.SystemTextJsonOutputFormatter"]
2026-05-04 09:24:18.960 +03:00 [DBG] No information found on request to perform content negotiation.
2026-05-04 09:24:18.961 +03:00 [DBG] Attempting to select an output formatter without using a content type as no explicit content types were specified for the response.
2026-05-04 09:24:18.963 +03:00 [DBG] Attempting to select the first formatter in the output formatters list which can write the result.
2026-05-04 09:24:18.964 +03:00 [DBG] Selected output formatter 'Microsoft.AspNetCore.Mvc.Formatters.SystemTextJsonOutputFormatter' and content type 'application/json' to write the response.
2026-05-04 09:24:18.966 +03:00 [INF] Executing UnauthorizedObjectResult, writing value of type '<>f__AnonymousType0`1[[System.String, System.Private.CoreLib, Version=8.0.0.0, Culture=neutral, PublicKeyToken=7cec85d7bea7798e]]'.
2026-05-04 09:24:18.968 +03:00 [INF] Executed action DetectiveInterrogation.Controllers.AuthController.Login (DetectiveInterrogation) in 489.5397ms
2026-05-04 09:24:18.971 +03:00 [INF] Executed endpoint 'DetectiveInterrogation.Controllers.AuthController.Login (DetectiveInterrogation)'
2026-05-04 09:24:18.979 +03:00 [INF] Request completed: POST /api/Auth/login - Status: 401 - Duration: 559.9838ms
2026-05-04 09:24:18.982 +03:00 [DBG] Connection id "0HNL9KFNH0QVQ" completed keep alive response.
2026-05-04 09:24:18.986 +03:00 [DBG] 'AppDbContext' disposed.
2026-05-04 09:24:18.987 +03:00 [DBG] Disposing connection to database 'DetectiveInterrogation' on server 'tcp://localhost:5432'.
2026-05-04 09:24:19.013 +03:00 [DBG] Disposed connection to database 'DetectiveInterrogation' on server 'tcp://localhost:5432' (25ms).
2026-05-04 09:24:19.016 +03:00 [INF] Request finished HTTP/1.1 POST http://localhost:5000/api/Auth/login - 401 null application/json; charset=utf-8 606.3661ms
2026-05-04 09:25:22.163 +03:00 [DBG] Connection id "0HNL9KFNH0QVO" disconnecting.
2026-05-04 09:25:22.164 +03:00 [DBG] Connection id "0HNL9KFNH0QVP" disconnecting.
2026-05-04 09:25:22.170 +03:00 [DBG] Connection id "0HNL9KFNH0QVP" stopped.
2026-05-04 09:25:22.168 +03:00 [DBG] Connection id "0HNL9KFNH0QVO" stopped.
2026-05-04 09:25:22.172 +03:00 [DBG] Connection id "0HNL9KFNH0QVP" sending FIN because: "The Socket transport's send loop completed gracefully."
2026-05-04 09:25:22.178 +03:00 [DBG] Connection id "0HNL9KFNH0QVO" sending FIN because: "The Socket transport's send loop completed gracefully."
2026-05-04 09:26:05.174 +03:00 [INF] Request starting HTTP/1.1 POST http://localhost:5000/api/Auth/login - application/json 45
2026-05-04 09:26:05.190 +03:00 [DBG] The request is insecure. Skipping HSTS header.
2026-05-04 09:26:05.192 +03:00 [INF] Request started: POST /api/Auth/login
2026-05-04 09:26:05.195 +03:00 [DBG] POST requests are not supported
2026-05-04 09:26:05.205 +03:00 [DBG] 1 candidate(s) found for the request path '/api/Auth/login'
2026-05-04 09:26:05.207 +03:00 [DBG] Endpoint 'DetectiveInterrogation.Controllers.AuthController.Login (DetectiveInterrogation)' with route pattern 'api/Auth/login' is valid for the request path '/api/Auth/login'
2026-05-04 09:26:05.211 +03:00 [DBG] Request matched endpoint 'DetectiveInterrogation.Controllers.AuthController.Login (DetectiveInterrogation)'
2026-05-04 09:26:05.217 +03:00 [DBG] AuthenticationScheme: Bearer was not authenticated.
2026-05-04 09:26:05.219 +03:00 [INF] Executing endpoint 'DetectiveInterrogation.Controllers.AuthController.Login (DetectiveInterrogation)'
2026-05-04 09:26:05.221 +03:00 [INF] Route matched with {action = "Login", controller = "Auth"}. Executing controller action with signature System.Threading.Tasks.Task`1[Microsoft.AspNetCore.Mvc.IActionResult] Login(DetectiveInterrogation.Controllers.LoginRequest) on controller DetectiveInterrogation.Controllers.AuthController (DetectiveInterrogation).
2026-05-04 09:26:05.224 +03:00 [DBG] Execution plan of authorization filters (in the following order): ["None"]
2026-05-04 09:26:05.226 +03:00 [DBG] Execution plan of resource filters (in the following order): ["Microsoft.AspNetCore.Mvc.ViewFeatures.Filters.SaveTempDataFilter"]
2026-05-04 09:26:05.238 +03:00 [DBG] Execution plan of action filters (in the following order): ["Microsoft.AspNetCore.Mvc.ModelBinding.UnsupportedContentTypeFilter (Order: -3000)","Microsoft.AspNetCore.Mvc.Infrastructure.ModelStateInvalidFilter (Order: -2000)"]
2026-05-04 09:26:05.241 +03:00 [DBG] Execution plan of exception filters (in the following order): ["None"]
2026-05-04 09:26:05.248 +03:00 [DBG] Execution plan of result filters (in the following order): ["Microsoft.AspNetCore.Mvc.ViewFeatures.Filters.SaveTempDataFilter","Microsoft.AspNetCore.Mvc.Infrastructure.ClientErrorResultFilter (Order: -2000)"]
2026-05-04 09:26:05.251 +03:00 [DBG] Executing controller factory for controller DetectiveInterrogation.Controllers.AuthController (DetectiveInterrogation)
2026-05-04 09:26:05.258 +03:00 [DBG] Executed controller factory for controller DetectiveInterrogation.Controllers.AuthController (DetectiveInterrogation)
2026-05-04 09:26:05.264 +03:00 [DBG] Attempting to bind parameter 'request' of type 'DetectiveInterrogation.Controllers.LoginRequest' ...
2026-05-04 09:26:05.266 +03:00 [DBG] Attempting to bind parameter 'request' of type 'DetectiveInterrogation.Controllers.LoginRequest' using the name '' in request data ...
2026-05-04 09:26:05.269 +03:00 [DBG] Selected input formatter 'Microsoft.AspNetCore.Mvc.Formatters.SystemTextJsonInputFormatter' for content type 'application/json'.
2026-05-04 09:26:05.271 +03:00 [DBG] Connection id "0HNL9KFNH0QVQ", Request id "0HNL9KFNH0QVQ:00000007": started reading request body.
2026-05-04 09:26:05.274 +03:00 [DBG] Connection id "0HNL9KFNH0QVQ", Request id "0HNL9KFNH0QVQ:00000007": done reading request body.
2026-05-04 09:26:05.281 +03:00 [DBG] JSON input formatter succeeded, deserializing to type 'DetectiveInterrogation.Controllers.LoginRequest'
2026-05-04 09:26:05.283 +03:00 [DBG] Done attempting to bind parameter 'request' of type 'DetectiveInterrogation.Controllers.LoginRequest'.
2026-05-04 09:26:05.285 +03:00 [DBG] Done attempting to bind parameter 'request' of type 'DetectiveInterrogation.Controllers.LoginRequest'.
2026-05-04 09:26:05.287 +03:00 [DBG] Attempting to validate the bound parameter 'request' of type 'DetectiveInterrogation.Controllers.LoginRequest' ...
2026-05-04 09:26:05.290 +03:00 [DBG] Done attempting to validate the bound parameter 'request' of type 'DetectiveInterrogation.Controllers.LoginRequest'.
2026-05-04 09:26:05.305 +03:00 [DBG] Entity Framework Core 8.0.4 initialized 'AppDbContext' using provider 'Npgsql.EntityFrameworkCore.PostgreSQL:8.0.4+51faf6e9c9c7ef99c3e98d98a96adb8fa8ae4553' with options: None
2026-05-04 09:26:05.382 +03:00 [DBG] Creating DbConnection.
2026-05-04 09:26:05.394 +03:00 [DBG] Created DbConnection. (11ms).
2026-05-04 09:26:05.396 +03:00 [DBG] Opening connection to database 'DetectiveInterrogation' on server 'tcp://localhost:5432'.
2026-05-04 09:26:05.413 +03:00 [DBG] Opened connection to database 'DetectiveInterrogation' on server 'tcp://localhost:5432'.
2026-05-04 09:26:05.427 +03:00 [DBG] Creating DbCommand for 'ExecuteReader'.
2026-05-04 09:26:05.438 +03:00 [DBG] Created DbCommand for 'ExecuteReader' (10ms).
2026-05-04 09:26:05.441 +03:00 [DBG] Initialized DbCommand for 'ExecuteReader' (12ms).
2026-05-04 09:26:05.453 +03:00 [DBG] Executing DbCommand [Parameters=[@__username_0='?'], CommandType='"Text"', CommandTimeout='30']
SELECT u."Id", u."Email", u."PasswordHash", u."Role", u."Username"
FROM "Users" AS u
WHERE u."Username" = @__username_0
LIMIT 2
2026-05-04 09:26:05.463 +03:00 [INF] Executed DbCommand (10ms) [Parameters=[@__username_0='?'], CommandType='"Text"', CommandTimeout='30']
SELECT u."Id", u."Email", u."PasswordHash", u."Role", u."Username"
FROM "Users" AS u
WHERE u."Username" = @__username_0
LIMIT 2
2026-05-04 09:26:05.473 +03:00 [DBG] Context 'AppDbContext' started tracking 'User' entity. Consider using 'DbContextOptionsBuilder.EnableSensitiveDataLogging' to see key values.
2026-05-04 09:26:05.475 +03:00 [DBG] Closing data reader to 'DetectiveInterrogation' on server 'tcp://localhost:5432'.
2026-05-04 09:26:05.482 +03:00 [DBG] A data reader for 'DetectiveInterrogation' on server 'tcp://localhost:5432' is being disposed after spending 10ms reading results.
2026-05-04 09:26:05.486 +03:00 [DBG] Closing connection to database 'DetectiveInterrogation' on server 'tcp://localhost:5432'.
2026-05-04 09:26:05.489 +03:00 [DBG] Closed connection to database 'DetectiveInterrogation' on server 'tcp://localhost:5432' (2ms).
2026-05-04 09:26:05.870 +03:00 [INF] User player logged in successfully
2026-05-04 09:26:05.878 +03:00 [DBG] List of registered output formatters, in the following order: ["Microsoft.AspNetCore.Mvc.Formatters.HttpNoContentOutputFormatter","Microsoft.AspNetCore.Mvc.Formatters.StringOutputFormatter","Microsoft.AspNetCore.Mvc.Formatters.StreamOutputFormatter","Microsoft.AspNetCore.Mvc.Formatters.SystemTextJsonOutputFormatter"]
2026-05-04 09:26:05.894 +03:00 [DBG] No information found on request to perform content negotiation.
2026-05-04 09:26:05.895 +03:00 [DBG] Attempting to select an output formatter without using a content type as no explicit content types were specified for the response.
2026-05-04 09:26:05.898 +03:00 [DBG] Attempting to select the first formatter in the output formatters list which can write the result.
2026-05-04 09:26:05.901 +03:00 [DBG] Selected output formatter 'Microsoft.AspNetCore.Mvc.Formatters.SystemTextJsonOutputFormatter' and content type 'application/json' to write the response.
2026-05-04 09:26:05.904 +03:00 [INF] Executing OkObjectResult, writing value of type '<>f__AnonymousType1`2[[System.String, System.Private.CoreLib, Version=8.0.0.0, Culture=neutral, PublicKeyToken=7cec85d7bea7798e],[System.String, System.Private.CoreLib, Version=8.0.0.0, Culture=neutral, PublicKeyToken=7cec85d7bea7798e]]'.
2026-05-04 09:26:05.911 +03:00 [INF] Executed action DetectiveInterrogation.Controllers.AuthController.Login (DetectiveInterrogation) in 659.317ms
2026-05-04 09:26:05.916 +03:00 [INF] Executed endpoint 'DetectiveInterrogation.Controllers.AuthController.Login (DetectiveInterrogation)'
2026-05-04 09:26:05.918 +03:00 [INF] Request completed: POST /api/Auth/login - Status: 200 - Duration: 725.8922ms
2026-05-04 09:26:05.921 +03:00 [DBG] Connection id "0HNL9KFNH0QVQ" completed keep alive response.
2026-05-04 09:26:05.923 +03:00 [DBG] 'AppDbContext' disposed.
2026-05-04 09:26:05.925 +03:00 [DBG] Disposing connection to database 'DetectiveInterrogation' on server 'tcp://localhost:5432'.
2026-05-04 09:26:05.943 +03:00 [DBG] Connection id "0HNL9KFNH0QVR" accepted.
2026-05-04 09:26:05.950 +03:00 [DBG] Connection id "0HNL9KFNH0QVR" started.
2026-05-04 09:26:05.946 +03:00 [DBG] Disposed connection to database 'DetectiveInterrogation' on server 'tcp://localhost:5432' (21ms).
2026-05-04 09:26:05.953 +03:00 [INF] Request finished HTTP/1.1 POST http://localhost:5000/api/Auth/login - 200 null application/json; charset=utf-8 779.9264ms
2026-05-04 09:26:05.960 +03:00 [INF] Request starting HTTP/1.1 GET http://localhost:5000/ - null null
2026-05-04 09:26:05.967 +03:00 [DBG] The request is insecure. Skipping HSTS header.
2026-05-04 09:26:05.968 +03:00 [INF] Request started: GET /
2026-05-04 09:26:05.970 +03:00 [DBG] The request path / does not match a supported file type
2026-05-04 09:26:05.972 +03:00 [DBG] 1 candidate(s) found for the request path '/'
2026-05-04 09:26:05.974 +03:00 [DBG] Endpoint 'DetectiveInterrogation.Controllers.HomeController.Index (DetectiveInterrogation)' with route pattern '{controller=Home}/{action=Index}/{id?}' is valid for the request path '/'
2026-05-04 09:26:05.985 +03:00 [DBG] Request matched endpoint 'DetectiveInterrogation.Controllers.HomeController.Index (DetectiveInterrogation)'
2026-05-04 09:26:05.986 +03:00 [DBG] AuthenticationScheme: Bearer was not authenticated.
2026-05-04 09:26:05.987 +03:00 [INF] Executing endpoint 'DetectiveInterrogation.Controllers.HomeController.Index (DetectiveInterrogation)'
2026-05-04 09:26:05.988 +03:00 [INF] Route matched with {action = "Index", controller = "Home"}. Executing controller action with signature Microsoft.AspNetCore.Mvc.IActionResult Index() on controller DetectiveInterrogation.Controllers.HomeController (DetectiveInterrogation).
2026-05-04 09:26:05.990 +03:00 [DBG] Execution plan of authorization filters (in the following order): ["None"]
2026-05-04 09:26:05.991 +03:00 [DBG] Execution plan of resource filters (in the following order): ["Microsoft.AspNetCore.Mvc.ViewFeatures.Filters.SaveTempDataFilter"]
2026-05-04 09:26:05.993 +03:00 [DBG] Execution plan of action filters (in the following order): ["Microsoft.AspNetCore.Mvc.Filters.ControllerActionFilter (Order: -2147483648)","Microsoft.AspNetCore.Mvc.ModelBinding.UnsupportedContentTypeFilter (Order: -3000)"]
2026-05-04 09:26:05.995 +03:00 [DBG] Execution plan of exception filters (in the following order): ["None"]
2026-05-04 09:26:05.996 +03:00 [DBG] Execution plan of result filters (in the following order): ["Microsoft.AspNetCore.Mvc.ViewFeatures.Filters.SaveTempDataFilter"]
2026-05-04 09:26:05.997 +03:00 [DBG] Executing controller factory for controller DetectiveInterrogation.Controllers.HomeController (DetectiveInterrogation)
2026-05-04 09:26:05.998 +03:00 [DBG] Executed controller factory for controller DetectiveInterrogation.Controllers.HomeController (DetectiveInterrogation)
2026-05-04 09:26:06.000 +03:00 [DBG] View lookup cache hit for view 'Index' in controller 'Home'.
2026-05-04 09:26:06.002 +03:00 [INF] Executing ViewResult, running view Index.
2026-05-04 09:26:06.004 +03:00 [DBG] The view path '/Views/Home/Index.cshtml' was found in 3.9819ms.
2026-05-04 09:26:06.006 +03:00 [DBG] View lookup cache hit for view '_Layout' in controller 'Home'.
2026-05-04 09:26:06.016 +03:00 [INF] Executed ViewResult - view Index executed in 15.5596ms.
2026-05-04 09:26:06.018 +03:00 [INF] Executed action DetectiveInterrogation.Controllers.HomeController.Index (DetectiveInterrogation) in 20.4695ms
2026-05-04 09:26:06.020 +03:00 [INF] Executed endpoint 'DetectiveInterrogation.Controllers.HomeController.Index (DetectiveInterrogation)'
2026-05-04 09:26:06.022 +03:00 [INF] Request completed: GET / - Status: 200 - Duration: 53.5529ms
2026-05-04 09:26:06.026 +03:00 [DBG] Connection id "0HNL9KFNH0QVQ" completed keep alive response.
2026-05-04 09:26:06.027 +03:00 [INF] Request starting HTTP/1.1 GET http://localhost:5000/js/app.js?v=96MkXKHSFhmMYqZGjv2cu6byzDEE-EPv0tXQE5lmsnU - null null
2026-05-04 09:26:06.027 +03:00 [INF] Request finished HTTP/1.1 GET http://localhost:5000/ - 200 null text/html; charset=utf-8 66.713ms
2026-05-04 09:26:06.029 +03:00 [DBG] The request is insecure. Skipping HSTS header.
2026-05-04 09:26:06.032 +03:00 [INF] Request starting HTTP/1.1 GET http://localhost:5000/css/site.css?v=dRDns0HmqJfBdVXaZEsqf_Bnua9THkmB_mhigqCXwJo - null null
2026-05-04 09:26:06.033 +03:00 [INF] Request started: GET /js/app.js?v=96MkXKHSFhmMYqZGjv2cu6byzDEE-EPv0tXQE5lmsnU
2026-05-04 09:26:06.035 +03:00 [DBG] The request is insecure. Skipping HSTS header.
2026-05-04 09:26:06.037 +03:00 [INF] The file /js/app.js was not modified
2026-05-04 09:26:06.037 +03:00 [INF] Request started: GET /css/site.css?v=dRDns0HmqJfBdVXaZEsqf_Bnua9THkmB_mhigqCXwJo
2026-05-04 09:26:06.038 +03:00 [DBG] Handled. Status code: 304 File: /js/app.js
2026-05-04 09:26:06.039 +03:00 [INF] The file /css/site.css was not modified
2026-05-04 09:26:06.043 +03:00 [INF] Request completed: GET /js/app.js?v=96MkXKHSFhmMYqZGjv2cu6byzDEE-EPv0tXQE5lmsnU - Status: 304 - Duration: 10.6734ms
2026-05-04 09:26:06.044 +03:00 [DBG] Handled. Status code: 304 File: /css/site.css
2026-05-04 09:26:06.046 +03:00 [DBG] Connection id "0HNL9KFNH0QVR" completed keep alive response.
2026-05-04 09:26:06.047 +03:00 [INF] Request completed: GET /css/site.css?v=dRDns0HmqJfBdVXaZEsqf_Bnua9THkmB_mhigqCXwJo - Status: 304 - Duration: 10.3268ms
2026-05-04 09:26:06.048 +03:00 [INF] Request finished HTTP/1.1 GET http://localhost:5000/js/app.js?v=96MkXKHSFhmMYqZGjv2cu6byzDEE-EPv0tXQE5lmsnU - 304 null text/javascript 21.3209ms
2026-05-04 09:26:06.053 +03:00 [DBG] Connection id "0HNL9KFNH0QVQ" completed keep alive response.
2026-05-04 09:26:06.059 +03:00 [INF] Request finished HTTP/1.1 GET http://localhost:5000/css/site.css?v=dRDns0HmqJfBdVXaZEsqf_Bnua9THkmB_mhigqCXwJo - 304 null text/css 27.0857ms
2026-05-04 09:26:06.063 +03:00 [INF] Request starting HTTP/1.1 GET http://localhost:5000/api/Case/main-newspaper - application/json null
2026-05-04 09:26:06.066 +03:00 [DBG] The request is insecure. Skipping HSTS header.
2026-05-04 09:26:06.067 +03:00 [INF] Request started: GET /api/Case/main-newspaper
2026-05-04 09:26:06.069 +03:00 [DBG] The request path /api/Case/main-newspaper does not match a supported file type
2026-05-04 09:26:06.070 +03:00 [DBG] 2 candidate(s) found for the request path '/api/Case/main-newspaper'
2026-05-04 09:26:06.076 +03:00 [DBG] Endpoint 'DetectiveInterrogation.Controllers.CaseController.GetMainNewspaper (DetectiveInterrogation)' with route pattern 'api/Case/main-newspaper' is valid for the request path '/api/Case/main-newspaper'
2026-05-04 09:26:06.078 +03:00 [DBG] Endpoint 'DetectiveInterrogation.Controllers.CaseController.GetCaseById (DetectiveInterrogation)' with route pattern 'api/Case/{caseId}' is valid for the request path '/api/Case/main-newspaper'
2026-05-04 09:26:06.080 +03:00 [DBG] Request matched endpoint 'DetectiveInterrogation.Controllers.CaseController.GetMainNewspaper (DetectiveInterrogation)'
2026-05-04 09:26:06.174 +03:00 [DBG] Successfully validated the token.
2026-05-04 09:26:06.182 +03:00 [DBG] AuthenticationScheme: Bearer was successfully authenticated.
2026-05-04 09:26:06.186 +03:00 [INF] Executing endpoint 'DetectiveInterrogation.Controllers.CaseController.GetMainNewspaper (DetectiveInterrogation)'
2026-05-04 09:26:06.188 +03:00 [INF] Route matched with {action = "GetMainNewspaper", controller = "Case"}. Executing controller action with signature System.Threading.Tasks.Task`1[Microsoft.AspNetCore.Mvc.IActionResult] GetMainNewspaper() on controller DetectiveInterrogation.Controllers.CaseController (DetectiveInterrogation).
2026-05-04 09:26:06.191 +03:00 [DBG] Execution plan of authorization filters (in the following order): ["None"]
2026-05-04 09:26:06.193 +03:00 [DBG] Execution plan of resource filters (in the following order): ["Microsoft.AspNetCore.Mvc.ViewFeatures.Filters.SaveTempDataFilter"]
2026-05-04 09:26:06.195 +03:00 [DBG] Execution plan of action filters (in the following order): ["Microsoft.AspNetCore.Mvc.ModelBinding.UnsupportedContentTypeFilter (Order: -3000)","Microsoft.AspNetCore.Mvc.Infrastructure.ModelStateInvalidFilter (Order: -2000)"]
2026-05-04 09:26:06.211 +03:00 [DBG] Execution plan of exception filters (in the following order): ["None"]
2026-05-04 09:26:06.219 +03:00 [DBG] Execution plan of result filters (in the following order): ["Microsoft.AspNetCore.Mvc.ViewFeatures.Filters.SaveTempDataFilter","Microsoft.AspNetCore.Mvc.Infrastructure.ClientErrorResultFilter (Order: -2000)"]
2026-05-04 09:26:06.222 +03:00 [DBG] Executing controller factory for controller DetectiveInterrogation.Controllers.CaseController (DetectiveInterrogation)
2026-05-04 09:26:06.225 +03:00 [DBG] Executed controller factory for controller DetectiveInterrogation.Controllers.CaseController (DetectiveInterrogation)
2026-05-04 09:26:06.228 +03:00 [DBG] Entity Framework Core 8.0.4 initialized 'AppDbContext' using provider 'Npgsql.EntityFrameworkCore.PostgreSQL:8.0.4+51faf6e9c9c7ef99c3e98d98a96adb8fa8ae4553' with options: None
2026-05-04 09:26:06.239 +03:00 [DBG] Creating DbConnection.
2026-05-04 09:26:06.240 +03:00 [DBG] Created DbConnection. (1ms).
2026-05-04 09:26:06.242 +03:00 [DBG] Opening connection to database 'DetectiveInterrogation' on server 'tcp://localhost:5432'.
2026-05-04 09:26:06.248 +03:00 [DBG] Opened connection to database 'DetectiveInterrogation' on server 'tcp://localhost:5432'.
2026-05-04 09:26:06.250 +03:00 [DBG] Creating DbCommand for 'ExecuteReader'.
2026-05-04 09:26:06.252 +03:00 [DBG] Created DbCommand for 'ExecuteReader' (1ms).
2026-05-04 09:26:06.254 +03:00 [DBG] Initialized DbCommand for 'ExecuteReader' (4ms).
2026-05-04 09:26:06.257 +03:00 [DBG] Executing DbCommand [Parameters=[], CommandType='"Text"', CommandTimeout='30']
SELECT c."Id", c."FullDescription", c."NewspaperText", c."ShortDescription", c."Title", s."Id", s."CaseId", s."Description", s."InitialAggression", s."InitialTrust", s."IsGuilty", s."Name", e."Id", e."CaseId", e."FullText", e."ShortText", e."Title"
FROM "Cases" AS c
LEFT JOIN "Suspects" AS s ON c."Id" = s."CaseId"
LEFT JOIN "Evidence" AS e ON c."Id" = e."CaseId"
ORDER BY c."Id", s."Id"
2026-05-04 09:26:06.261 +03:00 [INF] Executed DbCommand (4ms) [Parameters=[], CommandType='"Text"', CommandTimeout='30']
SELECT c."Id", c."FullDescription", c."NewspaperText", c."ShortDescription", c."Title", s."Id", s."CaseId", s."Description", s."InitialAggression", s."InitialTrust", s."IsGuilty", s."Name", e."Id", e."CaseId", e."FullText", e."ShortText", e."Title"
FROM "Cases" AS c
LEFT JOIN "Suspects" AS s ON c."Id" = s."CaseId"
LEFT JOIN "Evidence" AS e ON c."Id" = e."CaseId"
ORDER BY c."Id", s."Id"
2026-05-04 09:26:06.263 +03:00 [DBG] Context 'AppDbContext' started tracking 'Case' entity. Consider using 'DbContextOptionsBuilder.EnableSensitiveDataLogging' to see key values.
2026-05-04 09:26:06.265 +03:00 [DBG] Context 'AppDbContext' started tracking 'Suspect' entity. Consider using 'DbContextOptionsBuilder.EnableSensitiveDataLogging' to see key values.
2026-05-04 09:26:06.267 +03:00 [DBG] Context 'AppDbContext' started tracking 'Evidence' entity. Consider using 'DbContextOptionsBuilder.EnableSensitiveDataLogging' to see key values.
2026-05-04 09:26:06.270 +03:00 [DBG] Context 'AppDbContext' started tracking 'Evidence' entity. Consider using 'DbContextOptionsBuilder.EnableSensitiveDataLogging' to see key values.
2026-05-04 09:26:06.272 +03:00 [DBG] Context 'AppDbContext' started tracking 'Evidence' entity. Consider using 'DbContextOptionsBuilder.EnableSensitiveDataLogging' to see key values.
2026-05-04 09:26:06.274 +03:00 [DBG] Context 'AppDbContext' started tracking 'Suspect' entity. Consider using 'DbContextOptionsBuilder.EnableSensitiveDataLogging' to see key values.
2026-05-04 09:26:06.283 +03:00 [DBG] Closing data reader to 'DetectiveInterrogation' on server 'tcp://localhost:5432'.
2026-05-04 09:26:06.285 +03:00 [DBG] A data reader for 'DetectiveInterrogation' on server 'tcp://localhost:5432' is being disposed after spending 21ms reading results.
2026-05-04 09:26:06.288 +03:00 [DBG] Closing connection to database 'DetectiveInterrogation' on server 'tcp://localhost:5432'.
2026-05-04 09:26:06.290 +03:00 [DBG] Closed connection to database 'DetectiveInterrogation' on server 'tcp://localhost:5432' (2ms).
2026-05-04 09:26:06.293 +03:00 [DBG] List of registered output formatters, in the following order: ["Microsoft.AspNetCore.Mvc.Formatters.HttpNoContentOutputFormatter","Microsoft.AspNetCore.Mvc.Formatters.StringOutputFormatter","Microsoft.AspNetCore.Mvc.Formatters.StreamOutputFormatter","Microsoft.AspNetCore.Mvc.Formatters.SystemTextJsonOutputFormatter"]
2026-05-04 09:26:06.295 +03:00 [DBG] No information found on request to perform content negotiation.
2026-05-04 09:26:06.296 +03:00 [DBG] Attempting to select an output formatter without using a content type as no explicit content types were specified for the response.
2026-05-04 09:26:06.296 +03:00 [DBG] Attempting to select the first formatter in the output formatters list which can write the result.
2026-05-04 09:26:06.297 +03:00 [DBG] Selected output formatter 'Microsoft.AspNetCore.Mvc.Formatters.SystemTextJsonOutputFormatter' and content type 'application/json' to write the response.
2026-05-04 09:26:06.299 +03:00 [INF] Executing OkObjectResult, writing value of type '<>f__AnonymousType2`3[[System.Int32, System.Private.CoreLib, Version=8.0.0.0, Culture=neutral, PublicKeyToken=7cec85d7bea7798e],[System.String, System.Private.CoreLib, Version=8.0.0.0, Culture=neutral, PublicKeyToken=7cec85d7bea7798e],[System.String, System.Private.CoreLib, Version=8.0.0.0, Culture=neutral, PublicKeyToken=7cec85d7bea7798e]]'.
2026-05-04 09:26:06.301 +03:00 [INF] Executed action DetectiveInterrogation.Controllers.CaseController.GetMainNewspaper (DetectiveInterrogation) in 79.0181ms
2026-05-04 09:26:06.304 +03:00 [INF] Executed endpoint 'DetectiveInterrogation.Controllers.CaseController.GetMainNewspaper (DetectiveInterrogation)'
2026-05-04 09:26:06.305 +03:00 [INF] Request completed: GET /api/Case/main-newspaper - Status: 200 - Duration: 238.0763ms
2026-05-04 09:26:06.312 +03:00 [DBG] Connection id "0HNL9KFNH0QVQ" completed keep alive response.
2026-05-04 09:26:06.314 +03:00 [DBG] 'AppDbContext' disposed.
2026-05-04 09:26:06.315 +03:00 [DBG] Disposing connection to database 'DetectiveInterrogation' on server 'tcp://localhost:5432'.
2026-05-04 09:26:06.316 +03:00 [DBG] Disposed connection to database 'DetectiveInterrogation' on server 'tcp://localhost:5432' (1ms).
2026-05-04 09:26:06.318 +03:00 [INF] Request finished HTTP/1.1 GET http://localhost:5000/api/Case/main-newspaper - 200 null application/json; charset=utf-8 255.0471ms
2026-05-04 09:26:08.863 +03:00 [INF] Request starting HTTP/1.1 GET http://localhost:5000/desk - null null
2026-05-04 09:26:08.867 +03:00 [DBG] The request is insecure. Skipping HSTS header.
2026-05-04 09:26:08.869 +03:00 [INF] Request started: GET /desk
2026-05-04 09:26:08.871 +03:00 [DBG] The request path /desk does not match a supported file type
2026-05-04 09:26:08.873 +03:00 [DBG] 1 candidate(s) found for the request path '/desk'
2026-05-04 09:26:08.875 +03:00 [DBG] Endpoint 'DetectiveInterrogation.Controllers.PageController.Desk (DetectiveInterrogation)' with route pattern 'desk' is valid for the request path '/desk'
2026-05-04 09:26:08.878 +03:00 [DBG] Request matched endpoint 'DetectiveInterrogation.Controllers.PageController.Desk (DetectiveInterrogation)'
2026-05-04 09:26:08.882 +03:00 [DBG] AuthenticationScheme: Bearer was not authenticated.
2026-05-04 09:26:08.884 +03:00 [INF] Executing endpoint 'DetectiveInterrogation.Controllers.PageController.Desk (DetectiveInterrogation)'
2026-05-04 09:26:08.889 +03:00 [INF] Route matched with {action = "Desk", controller = "Page"}. Executing controller action with signature Microsoft.AspNetCore.Mvc.IActionResult Desk() on controller DetectiveInterrogation.Controllers.PageController (DetectiveInterrogation).
2026-05-04 09:26:08.892 +03:00 [DBG] Execution plan of authorization filters (in the following order): ["None"]
2026-05-04 09:26:08.894 +03:00 [DBG] Execution plan of resource filters (in the following order): ["Microsoft.AspNetCore.Mvc.ViewFeatures.Filters.SaveTempDataFilter"]
2026-05-04 09:26:08.895 +03:00 [DBG] Execution plan of action filters (in the following order): ["Microsoft.AspNetCore.Mvc.Filters.ControllerActionFilter (Order: -2147483648)","Microsoft.AspNetCore.Mvc.ModelBinding.UnsupportedContentTypeFilter (Order: -3000)"]
2026-05-04 09:26:08.897 +03:00 [DBG] Execution plan of exception filters (in the following order): ["None"]
2026-05-04 09:26:08.899 +03:00 [DBG] Execution plan of result filters (in the following order): ["Microsoft.AspNetCore.Mvc.ViewFeatures.Filters.SaveTempDataFilter"]
2026-05-04 09:26:08.900 +03:00 [DBG] Executing controller factory for controller DetectiveInterrogation.Controllers.PageController (DetectiveInterrogation)
2026-05-04 09:26:08.901 +03:00 [DBG] Executed controller factory for controller DetectiveInterrogation.Controllers.PageController (DetectiveInterrogation)
2026-05-04 09:26:09.153 +03:00 [DBG] Compilation of the generated code for the Razor file at 'C:\Users\vikto\OneDrive\Desktop\sem\DetectiveInterrogation\Views\Case\Index.cshtml' started.
2026-05-04 09:26:09.320 +03:00 [DBG] Compilation of the generated code for the Razor file at 'C:\Users\vikto\OneDrive\Desktop\sem\DetectiveInterrogation\Views\Case\Index.cshtml' completed in 165.0312ms.
2026-05-04 09:26:09.340 +03:00 [INF] Executing ViewResult, running view ~/Views/Case/Index.cshtml.
2026-05-04 09:26:09.352 +03:00 [DBG] The view path '/Views/Case/Index.cshtml' was found in 448.8957ms.
2026-05-04 09:26:09.362 +03:00 [DBG] View lookup cache hit for view '_Layout' in controller 'Page'.
2026-05-04 09:26:09.366 +03:00 [INF] Executed ViewResult - view ~/Views/Case/Index.cshtml executed in 463.2605ms.
2026-05-04 09:26:09.369 +03:00 [INF] Executed action DetectiveInterrogation.Controllers.PageController.Desk (DetectiveInterrogation) in 469.0248ms
2026-05-04 09:26:09.372 +03:00 [INF] Executed endpoint 'DetectiveInterrogation.Controllers.PageController.Desk (DetectiveInterrogation)'
2026-05-04 09:26:09.373 +03:00 [INF] Request completed: GET /desk - Status: 200 - Duration: 504.6123ms
2026-05-04 09:26:09.379 +03:00 [DBG] Connection id "0HNL9KFNH0QVQ" completed keep alive response.
2026-05-04 09:26:09.380 +03:00 [INF] Request finished HTTP/1.1 GET http://localhost:5000/desk - 200 null text/html; charset=utf-8 517.5686ms
2026-05-04 09:26:09.394 +03:00 [INF] Request starting HTTP/1.1 GET http://localhost:5000/api/Case - application/json null
2026-05-04 09:26:09.397 +03:00 [DBG] The request is insecure. Skipping HSTS header.
2026-05-04 09:26:09.398 +03:00 [INF] Request started: GET /api/Case
2026-05-04 09:26:09.399 +03:00 [DBG] The request path /api/Case does not match a supported file type
2026-05-04 09:26:09.401 +03:00 [DBG] 1 candidate(s) found for the request path '/api/Case'
2026-05-04 09:26:09.403 +03:00 [DBG] Endpoint 'DetectiveInterrogation.Controllers.CaseController.GetAllCases (DetectiveInterrogation)' with route pattern 'api/Case' is valid for the request path '/api/Case'
2026-05-04 09:26:09.405 +03:00 [DBG] Request matched endpoint 'DetectiveInterrogation.Controllers.CaseController.GetAllCases (DetectiveInterrogation)'
2026-05-04 09:26:09.411 +03:00 [DBG] Successfully validated the token.
2026-05-04 09:26:09.413 +03:00 [DBG] AuthenticationScheme: Bearer was successfully authenticated.
2026-05-04 09:26:09.419 +03:00 [DBG] Authorization was successful.
2026-05-04 09:26:09.421 +03:00 [INF] Executing endpoint 'DetectiveInterrogation.Controllers.CaseController.GetAllCases (DetectiveInterrogation)'
2026-05-04 09:26:09.427 +03:00 [INF] Route matched with {action = "GetAllCases", controller = "Case"}. Executing controller action with signature System.Threading.Tasks.Task`1[Microsoft.AspNetCore.Mvc.IActionResult] GetAllCases() on controller DetectiveInterrogation.Controllers.CaseController (DetectiveInterrogation).
2026-05-04 09:26:09.431 +03:00 [DBG] Execution plan of authorization filters (in the following order): ["None"]
2026-05-04 09:26:09.434 +03:00 [DBG] Execution plan of resource filters (in the following order): ["Microsoft.AspNetCore.Mvc.ViewFeatures.Filters.SaveTempDataFilter"]
2026-05-04 09:26:09.443 +03:00 [DBG] Execution plan of action filters (in the following order): ["Microsoft.AspNetCore.Mvc.ModelBinding.UnsupportedContentTypeFilter (Order: -3000)","Microsoft.AspNetCore.Mvc.Infrastructure.ModelStateInvalidFilter (Order: -2000)"]
2026-05-04 09:26:09.447 +03:00 [DBG] Execution plan of exception filters (in the following order): ["None"]
2026-05-04 09:26:09.449 +03:00 [DBG] Execution plan of result filters (in the following order): ["Microsoft.AspNetCore.Mvc.ViewFeatures.Filters.SaveTempDataFilter","Microsoft.AspNetCore.Mvc.Infrastructure.ClientErrorResultFilter (Order: -2000)"]
2026-05-04 09:26:09.453 +03:00 [DBG] Executing controller factory for controller DetectiveInterrogation.Controllers.CaseController (DetectiveInterrogation)
2026-05-04 09:26:09.454 +03:00 [DBG] Executed controller factory for controller DetectiveInterrogation.Controllers.CaseController (DetectiveInterrogation)
2026-05-04 09:26:09.458 +03:00 [DBG] Entity Framework Core 8.0.4 initialized 'AppDbContext' using provider 'Npgsql.EntityFrameworkCore.PostgreSQL:8.0.4+51faf6e9c9c7ef99c3e98d98a96adb8fa8ae4553' with options: None
2026-05-04 09:26:09.461 +03:00 [DBG] Creating DbConnection.
2026-05-04 09:26:09.463 +03:00 [DBG] Created DbConnection. (1ms).
2026-05-04 09:26:09.465 +03:00 [DBG] Opening connection to database 'DetectiveInterrogation' on server 'tcp://localhost:5432'.
2026-05-04 09:26:09.470 +03:00 [DBG] Opened connection to database 'DetectiveInterrogation' on server 'tcp://localhost:5432'.
2026-05-04 09:26:09.472 +03:00 [DBG] Creating DbCommand for 'ExecuteReader'.
2026-05-04 09:26:09.474 +03:00 [DBG] Created DbCommand for 'ExecuteReader' (1ms).
2026-05-04 09:26:09.476 +03:00 [DBG] Initialized DbCommand for 'ExecuteReader' (4ms).
2026-05-04 09:26:09.479 +03:00 [DBG] Executing DbCommand [Parameters=[], CommandType='"Text"', CommandTimeout='30']
SELECT c."Id", c."FullDescription", c."NewspaperText", c."ShortDescription", c."Title", s."Id", s."CaseId", s."Description", s."InitialAggression", s."InitialTrust", s."IsGuilty", s."Name", e."Id", e."CaseId", e."FullText", e."ShortText", e."Title"
FROM "Cases" AS c
LEFT JOIN "Suspects" AS s ON c."Id" = s."CaseId"
LEFT JOIN "Evidence" AS e ON c."Id" = e."CaseId"
ORDER BY c."Id", s."Id"
2026-05-04 09:26:09.484 +03:00 [INF] Executed DbCommand (5ms) [Parameters=[], CommandType='"Text"', CommandTimeout='30']
SELECT c."Id", c."FullDescription", c."NewspaperText", c."ShortDescription", c."Title", s."Id", s."CaseId", s."Description", s."InitialAggression", s."InitialTrust", s."IsGuilty", s."Name", e."Id", e."CaseId", e."FullText", e."ShortText", e."Title"
FROM "Cases" AS c
LEFT JOIN "Suspects" AS s ON c."Id" = s."CaseId"
LEFT JOIN "Evidence" AS e ON c."Id" = e."CaseId"
ORDER BY c."Id", s."Id"
2026-05-04 09:26:09.486 +03:00 [DBG] Context 'AppDbContext' started tracking 'Case' entity. Consider using 'DbContextOptionsBuilder.EnableSensitiveDataLogging' to see key values.
2026-05-04 09:26:09.488 +03:00 [DBG] Context 'AppDbContext' started tracking 'Suspect' entity. Consider using 'DbContextOptionsBuilder.EnableSensitiveDataLogging' to see key values.
2026-05-04 09:26:09.489 +03:00 [DBG] Context 'AppDbContext' started tracking 'Evidence' entity. Consider using 'DbContextOptionsBuilder.EnableSensitiveDataLogging' to see key values.
2026-05-04 09:26:09.490 +03:00 [DBG] Context 'AppDbContext' started tracking 'Evidence' entity. Consider using 'DbContextOptionsBuilder.EnableSensitiveDataLogging' to see key values.
2026-05-04 09:26:09.492 +03:00 [DBG] Context 'AppDbContext' started tracking 'Evidence' entity. Consider using 'DbContextOptionsBuilder.EnableSensitiveDataLogging' to see key values.
2026-05-04 09:26:09.493 +03:00 [DBG] Context 'AppDbContext' started tracking 'Suspect' entity. Consider using 'DbContextOptionsBuilder.EnableSensitiveDataLogging' to see key values.
2026-05-04 09:26:09.496 +03:00 [DBG] Closing data reader to 'DetectiveInterrogation' on server 'tcp://localhost:5432'.
2026-05-04 09:26:09.498 +03:00 [DBG] A data reader for 'DetectiveInterrogation' on server 'tcp://localhost:5432' is being disposed after spending 11ms reading results.
2026-05-04 09:26:09.506 +03:00 [DBG] Closing connection to database 'DetectiveInterrogation' on server 'tcp://localhost:5432'.
2026-05-04 09:26:09.508 +03:00 [DBG] Closed connection to database 'DetectiveInterrogation' on server 'tcp://localhost:5432' (2ms).
2026-05-04 09:26:09.511 +03:00 [DBG] List of registered output formatters, in the following order: ["Microsoft.AspNetCore.Mvc.Formatters.HttpNoContentOutputFormatter","Microsoft.AspNetCore.Mvc.Formatters.StringOutputFormatter","Microsoft.AspNetCore.Mvc.Formatters.StreamOutputFormatter","Microsoft.AspNetCore.Mvc.Formatters.SystemTextJsonOutputFormatter"]
2026-05-04 09:26:09.514 +03:00 [DBG] No information found on request to perform content negotiation.
2026-05-04 09:26:09.516 +03:00 [DBG] Attempting to select an output formatter without using a content type as no explicit content types were specified for the response.
2026-05-04 09:26:09.516 +03:00 [DBG] Attempting to select the first formatter in the output formatters list which can write the result.
2026-05-04 09:26:09.517 +03:00 [DBG] Selected output formatter 'Microsoft.AspNetCore.Mvc.Formatters.SystemTextJsonOutputFormatter' and content type 'application/json' to write the response.
2026-05-04 09:26:09.519 +03:00 [INF] Executing OkObjectResult, writing value of type 'System.Collections.Generic.List`1[[DetectiveInterrogation.Models.Entities.Case, DetectiveInterrogation, Version=1.0.0.0, Culture=neutral, PublicKeyToken=null]]'.
2026-05-04 09:26:09.566 +03:00 [INF] Executed action DetectiveInterrogation.Controllers.CaseController.GetAllCases (DetectiveInterrogation) in 113.4803ms
2026-05-04 09:26:09.570 +03:00 [INF] Executed endpoint 'DetectiveInterrogation.Controllers.CaseController.GetAllCases (DetectiveInterrogation)'
2026-05-04 09:26:09.572 +03:00 [ERR] An unhandled exception occurred
System.Text.Json.JsonException: A possible object cycle was detected. This can either be due to a cycle or if the object depth is larger than the maximum allowed depth of 32. Consider using ReferenceHandler.Preserve on JsonSerializerOptions to support cycles. Path: $.Suspects.Case.Suspects.Case.Suspects.Case.Suspects.Case.Suspects.Case.Suspects.Case.Suspects.Case.Suspects.Case.Suspects.Case.Suspects.Case.Id.
   at System.Text.Json.ThrowHelper.ThrowJsonException_SerializerCycleDetected(Int32 maxDepth)
   at System.Text.Json.Serialization.JsonConverter`1.TryWrite(Utf8JsonWriter writer, T& value, JsonSerializerOptions options, WriteStack& state)
   at System.Text.Json.Serialization.Metadata.JsonPropertyInfo`1.GetMemberAndWriteJson(Object obj, WriteStack& state, Utf8JsonWriter writer)
   at System.Text.Json.Serialization.Converters.ObjectDefaultConverter`1.OnTryWrite(Utf8JsonWriter writer, T value, JsonSerializerOptions options, WriteStack& state)
   at System.Text.Json.Serialization.JsonConverter`1.TryWrite(Utf8JsonWriter writer, T& value, JsonSerializerOptions options, WriteStack& state)
   at System.Text.Json.Serialization.Metadata.JsonPropertyInfo`1.GetMemberAndWriteJson(Object obj, WriteStack& state, Utf8JsonWriter writer)
   at System.Text.Json.Serialization.Converters.ObjectDefaultConverter`1.OnTryWrite(Utf8JsonWriter writer, T value, JsonSerializerOptions options, WriteStack& state)
   at System.Text.Json.Serialization.JsonConverter`1.TryWrite(Utf8JsonWriter writer, T& value, JsonSerializerOptions options, WriteStack& state)
   at System.Text.Json.Serialization.Converters.IEnumerableDefaultConverter`2.OnWriteResume(Utf8JsonWriter writer, TCollection value, JsonSerializerOptions options, WriteStack& state)
   at System.Text.Json.Serialization.JsonCollectionConverter`2.OnTryWrite(Utf8JsonWriter writer, TCollection value, JsonSerializerOptions options, WriteStack& state)
   at System.Text.Json.Serialization.JsonConverter`1.TryWrite(Utf8JsonWriter writer, T& value, JsonSerializerOptions options, WriteStack& state)
   at System.Text.Json.Serialization.Metadata.JsonPropertyInfo`1.GetMemberAndWriteJson(Object obj, WriteStack& state, Utf8JsonWriter writer)
   at System.Text.Json.Serialization.Converters.ObjectDefaultConverter`1.OnTryWrite(Utf8JsonWriter writer, T value, JsonSerializerOptions options, WriteStack& state)
   at System.Text.Json.Serialization.JsonConverter`1.TryWrite(Utf8JsonWriter writer, T& value, JsonSerializerOptions options, WriteStack& state)
   at System.Text.Json.Serialization.Metadata.JsonPropertyInfo`1.GetMemberAndWriteJson(Object obj, WriteStack& state, Utf8JsonWriter writer)
   at System.Text.Json.Serialization.Converters.ObjectDefaultConverter`1.OnTryWrite(Utf8JsonWriter writer, T value, JsonSerializerOptions options, WriteStack& state)
   at System.Text.Json.Serialization.JsonConverter`1.TryWrite(Utf8JsonWriter writer, T& value, JsonSerializerOptions options, WriteStack& state)
   at System.Text.Json.Serialization.Converters.IEnumerableDefaultConverter`2.OnWriteResume(Utf8JsonWriter writer, TCollection value, JsonSerializerOptions options, WriteStack& state)
   at System.Text.Json.Serialization.JsonCollectionConverter`2.OnTryWrite(Utf8JsonWriter writer, TCollection value, JsonSerializerOptions options, WriteStack& state)
   at System.Text.Json.Serialization.JsonConverter`1.TryWrite(Utf8JsonWriter writer, T& value, JsonSerializerOptions options, WriteStack& state)
   at System.Text.Json.Serialization.Metadata.JsonPropertyInfo`1.GetMemberAndWriteJson(Object obj, WriteStack& state, Utf8JsonWriter writer)
   at System.Text.Json.Serialization.Converters.ObjectDefaultConverter`1.OnTryWrite(Utf8JsonWriter writer, T value, JsonSerializerOptions options, WriteStack& state)
   at System.Text.Json.Serialization.JsonConverter`1.TryWrite(Utf8JsonWriter writer, T& value, JsonSerializerOptions options, WriteStack& state)
   at System.Text.Json.Serialization.Metadata.JsonPropertyInfo`1.GetMemberAndWriteJson(Object obj, WriteStack& state, Utf8JsonWriter writer)
   at System.Text.Json.Serialization.Converters.ObjectDefaultConverter`1.OnTryWrite(Utf8JsonWriter writer, T value, JsonSerializerOptions options, WriteStack& state)
   at System.Text.Json.Serialization.JsonConverter`1.TryWrite(Utf8JsonWriter writer, T& value, JsonSerializerOptions options, WriteStack& state)
   at System.Text.Json.Serialization.Converters.IEnumerableDefaultConverter`2.OnWriteResume(Utf8JsonWriter writer, TCollection value, JsonSerializerOptions options, WriteStack& state)
   at System.Text.Json.Serialization.JsonCollectionConverter`2.OnTryWrite(Utf8JsonWriter writer, TCollection value, JsonSerializerOptions options, WriteStack& state)
   at System.Text.Json.Serialization.JsonConverter`1.TryWrite(Utf8JsonWriter writer, T& value, JsonSerializerOptions options, WriteStack& state)
   at System.Text.Json.Serialization.Metadata.JsonPropertyInfo`1.GetMemberAndWriteJson(Object obj, WriteStack& state, Utf8JsonWriter writer)
   at System.Text.Json.Serialization.Converters.ObjectDefaultConverter`1.OnTryWrite(Utf8JsonWriter writer, T value, JsonSerializerOptions options, WriteStack& state)
   at System.Text.Json.Serialization.JsonConverter`1.TryWrite(Utf8JsonWriter writer, T& value, JsonSerializerOptions options, WriteStack& state)
   at System.Text.Json.Serialization.Metadata.JsonPropertyInfo`1.GetMemberAndWriteJson(Object obj, WriteStack& state, Utf8JsonWriter writer)
   at System.Text.Json.Serialization.Converters.ObjectDefaultConverter`1.OnTryWrite(Utf8JsonWriter writer, T value, JsonSerializerOptions options, WriteStack& state)
   at System.Text.Json.Serialization.JsonConverter`1.TryWrite(Utf8JsonWriter writer, T& value, JsonSerializerOptions options, WriteStack& state)
   at System.Text.Json.Serialization.Converters.IEnumerableDefaultConverter`2.OnWriteResume(Utf8JsonWriter writer, TCollection value, JsonSerializerOptions options, WriteStack& state)
   at System.Text.Json.Serialization.JsonCollectionConverter`2.OnTryWrite(Utf8JsonWriter writer, TCollection value, JsonSerializerOptions options, WriteStack& state)
   at System.Text.Json.Serialization.JsonConverter`1.TryWrite(Utf8JsonWriter writer, T& value, JsonSerializerOptions options, WriteStack& state)
   at System.Text.Json.Serialization.Metadata.JsonPropertyInfo`1.GetMemberAndWriteJson(Object obj, WriteStack& state, Utf8JsonWriter writer)
   at System.Text.Json.Serialization.Converters.ObjectDefaultConverter`1.OnTryWrite(Utf8JsonWriter writer, T value, JsonSerializerOptions options, WriteStack& state)
   at System.Text.Json.Serialization.JsonConverter`1.TryWrite(Utf8JsonWriter writer, T& value, JsonSerializerOptions options, WriteStack& state)
   at System.Text.Json.Serialization.Metadata.JsonPropertyInfo`1.GetMemberAndWriteJson(Object obj, WriteStack& state, Utf8JsonWriter writer)
   at System.Text.Json.Serialization.Converters.ObjectDefaultConverter`1.OnTryWrite(Utf8JsonWriter writer, T value, JsonSerializerOptions options, WriteStack& state)
   at System.Text.Json.Serialization.JsonConverter`1.TryWrite(Utf8JsonWriter writer, T& value, JsonSerializerOptions options, WriteStack& state)
   at System.Text.Json.Serialization.Converters.IEnumerableDefaultConverter`2.OnWriteResume(Utf8JsonWriter writer, TCollection value, JsonSerializerOptions options, WriteStack& state)
   at System.Text.Json.Serialization.JsonCollectionConverter`2.OnTryWrite(Utf8JsonWriter writer, TCollection value, JsonSerializerOptions options, WriteStack& state)
   at System.Text.Json.Serialization.JsonConverter`1.TryWrite(Utf8JsonWriter writer, T& value, JsonSerializerOptions options, WriteStack& state)
   at System.Text.Json.Serialization.Metadata.JsonPropertyInfo`1.GetMemberAndWriteJson(Object obj, WriteStack& state, Utf8JsonWriter writer)
   at System.Text.Json.Serialization.Converters.ObjectDefaultConverter`1.OnTryWrite(Utf8JsonWriter writer, T value, JsonSerializerOptions options, WriteStack& state)
   at System.Text.Json.Serialization.JsonConverter`1.TryWrite(Utf8JsonWriter writer, T& value, JsonSerializerOptions options, WriteStack& state)
   at System.Text.Json.Serialization.Metadata.JsonPropertyInfo`1.GetMemberAndWriteJson(Object obj, WriteStack& state, Utf8JsonWriter writer)
   at System.Text.Json.Serialization.Converters.ObjectDefaultConverter`1.OnTryWrite(Utf8JsonWriter writer, T value, JsonSerializerOptions options, WriteStack& state)
   at System.Text.Json.Serialization.JsonConverter`1.TryWrite(Utf8JsonWriter writer, T& value, JsonSerializerOptions options, WriteStack& state)
   at System.Text.Json.Serialization.Converters.IEnumerableDefaultConverter`2.OnWriteResume(Utf8JsonWriter writer, TCollection value, JsonSerializerOptions options, WriteStack& state)
   at System.Text.Json.Serialization.JsonCollectionConverter`2.OnTryWrite(Utf8JsonWriter writer, TCollection value, JsonSerializerOptions options, WriteStack& state)
   at System.Text.Json.Serialization.JsonConverter`1.TryWrite(Utf8JsonWriter writer, T& value, JsonSerializerOptions options, WriteStack& state)
   at System.Text.Json.Serialization.Metadata.JsonPropertyInfo`1.GetMemberAndWriteJson(Object obj, WriteStack& state, Utf8JsonWriter writer)
   at System.Text.Json.Serialization.Converters.ObjectDefaultConverter`1.OnTryWrite(Utf8JsonWriter writer, T value, JsonSerializerOptions options, WriteStack& state)
   at System.Text.Json.Serialization.JsonConverter`1.TryWrite(Utf8JsonWriter writer, T& value, JsonSerializerOptions options, WriteStack& state)
   at System.Text.Json.Serialization.Metadata.JsonPropertyInfo`1.GetMemberAndWriteJson(Object obj, WriteStack& state, Utf8JsonWriter writer)
   at System.Text.Json.Serialization.Converters.ObjectDefaultConverter`1.OnTryWrite(Utf8JsonWriter writer, T value, JsonSerializerOptions options, WriteStack& state)
   at System.Text.Json.Serialization.JsonConverter`1.TryWrite(Utf8JsonWriter writer, T& value, JsonSerializerOptions options, WriteStack& state)
   at System.Text.Json.Serialization.Converters.IEnumerableDefaultConverter`2.OnWriteResume(Utf8JsonWriter writer, TCollection value, JsonSerializerOptions options, WriteStack& state)
   at System.Text.Json.Serialization.JsonCollectionConverter`2.OnTryWrite(Utf8JsonWriter writer, TCollection value, JsonSerializerOptions options, WriteStack& state)
   at System.Text.Json.Serialization.JsonConverter`1.TryWrite(Utf8JsonWriter writer, T& value, JsonSerializerOptions options, WriteStack& state)
   at System.Text.Json.Serialization.Metadata.JsonPropertyInfo`1.GetMemberAndWriteJson(Object obj, WriteStack& state, Utf8JsonWriter writer)
   at System.Text.Json.Serialization.Converters.ObjectDefaultConverter`1.OnTryWrite(Utf8JsonWriter writer, T value, JsonSerializerOptions options, WriteStack& state)
   at System.Text.Json.Serialization.JsonConverter`1.TryWrite(Utf8JsonWriter writer, T& value, JsonSerializerOptions options, WriteStack& state)
   at System.Text.Json.Serialization.Metadata.JsonPropertyInfo`1.GetMemberAndWriteJson(Object obj, WriteStack& state, Utf8JsonWriter writer)
   at System.Text.Json.Serialization.Converters.ObjectDefaultConverter`1.OnTryWrite(Utf8JsonWriter writer, T value, JsonSerializerOptions options, WriteStack& state)
   at System.Text.Json.Serialization.JsonConverter`1.TryWrite(Utf8JsonWriter writer, T& value, JsonSerializerOptions options, WriteStack& state)
   at System.Text.Json.Serialization.Converters.IEnumerableDefaultConverter`2.OnWriteResume(Utf8JsonWriter writer, TCollection value, JsonSerializerOptions options, WriteStack& state)
   at System.Text.Json.Serialization.JsonCollectionConverter`2.OnTryWrite(Utf8JsonWriter writer, TCollection value, JsonSerializerOptions options, WriteStack& state)
   at System.Text.Json.Serialization.JsonConverter`1.TryWrite(Utf8JsonWriter writer, T& value, JsonSerializerOptions options, WriteStack& state)
   at System.Text.Json.Serialization.Metadata.JsonPropertyInfo`1.GetMemberAndWriteJson(Object obj, WriteStack& state, Utf8JsonWriter writer)
   at System.Text.Json.Serialization.Converters.ObjectDefaultConverter`1.OnTryWrite(Utf8JsonWriter writer, T value, JsonSerializerOptions options, WriteStack& state)
   at System.Text.Json.Serialization.JsonConverter`1.TryWrite(Utf8JsonWriter writer, T& value, JsonSerializerOptions options, WriteStack& state)
   at System.Text.Json.Serialization.Metadata.JsonPropertyInfo`1.GetMemberAndWriteJson(Object obj, WriteStack& state, Utf8JsonWriter writer)
   at System.Text.Json.Serialization.Converters.ObjectDefaultConverter`1.OnTryWrite(Utf8JsonWriter writer, T value, JsonSerializerOptions options, WriteStack& state)
   at System.Text.Json.Serialization.JsonConverter`1.TryWrite(Utf8JsonWriter writer, T& value, JsonSerializerOptions options, WriteStack& state)
   at System.Text.Json.Serialization.Converters.IEnumerableDefaultConverter`2.OnWriteResume(Utf8JsonWriter writer, TCollection value, JsonSerializerOptions options, WriteStack& state)
   at System.Text.Json.Serialization.JsonCollectionConverter`2.OnTryWrite(Utf8JsonWriter writer, TCollection value, JsonSerializerOptions options, WriteStack& state)
   at System.Text.Json.Serialization.JsonConverter`1.TryWrite(Utf8JsonWriter writer, T& value, JsonSerializerOptions options, WriteStack& state)
   at System.Text.Json.Serialization.Metadata.JsonPropertyInfo`1.GetMemberAndWriteJson(Object obj, WriteStack& state, Utf8JsonWriter writer)
   at System.Text.Json.Serialization.Converters.ObjectDefaultConverter`1.OnTryWrite(Utf8JsonWriter writer, T value, JsonSerializerOptions options, WriteStack& state)
   at System.Text.Json.Serialization.JsonConverter`1.TryWrite(Utf8JsonWriter writer, T& value, JsonSerializerOptions options, WriteStack& state)
   at System.Text.Json.Serialization.Metadata.JsonPropertyInfo`1.GetMemberAndWriteJson(Object obj, WriteStack& state, Utf8JsonWriter writer)
   at System.Text.Json.Serialization.Converters.ObjectDefaultConverter`1.OnTryWrite(Utf8JsonWriter writer, T value, JsonSerializerOptions options, WriteStack& state)
   at System.Text.Json.Serialization.JsonConverter`1.TryWrite(Utf8JsonWriter writer, T& value, JsonSerializerOptions options, WriteStack& state)
   at System.Text.Json.Serialization.Converters.IEnumerableDefaultConverter`2.OnWriteResume(Utf8JsonWriter writer, TCollection value, JsonSerializerOptions options, WriteStack& state)
   at System.Text.Json.Serialization.JsonCollectionConverter`2.OnTryWrite(Utf8JsonWriter writer, TCollection value, JsonSerializerOptions options, WriteStack& state)
   at System.Text.Json.Serialization.JsonConverter`1.TryWrite(Utf8JsonWriter writer, T& value, JsonSerializerOptions options, WriteStack& state)
   at System.Text.Json.Serialization.Metadata.JsonPropertyInfo`1.GetMemberAndWriteJson(Object obj, WriteStack& state, Utf8JsonWriter writer)
   at System.Text.Json.Serialization.Converters.ObjectDefaultConverter`1.OnTryWrite(Utf8JsonWriter writer, T value, JsonSerializerOptions options, WriteStack& state)
   at System.Text.Json.Serialization.JsonConverter`1.TryWrite(Utf8JsonWriter writer, T& value, JsonSerializerOptions options, WriteStack& state)
   at System.Text.Json.Serialization.Converters.ListOfTConverter`2.OnWriteResume(Utf8JsonWriter writer, TCollection value, JsonSerializerOptions options, WriteStack& state)
   at System.Text.Json.Serialization.JsonCollectionConverter`2.OnTryWrite(Utf8JsonWriter writer, TCollection value, JsonSerializerOptions options, WriteStack& state)
   at System.Text.Json.Serialization.JsonConverter`1.TryWrite(Utf8JsonWriter writer, T& value, JsonSerializerOptions options, WriteStack& state)
   at System.Text.Json.Serialization.JsonConverter`1.WriteCore(Utf8JsonWriter writer, T& value, JsonSerializerOptions options, WriteStack& state)
   at System.Text.Json.Serialization.Metadata.JsonTypeInfo`1.SerializeAsync(Stream utf8Json, T rootValue, CancellationToken cancellationToken, Object rootValueBoxed)
   at System.Text.Json.Serialization.Metadata.JsonTypeInfo`1.SerializeAsync(Stream utf8Json, T rootValue, CancellationToken cancellationToken, Object rootValueBoxed)
   at System.Text.Json.Serialization.Metadata.JsonTypeInfo`1.SerializeAsync(Stream utf8Json, T rootValue, CancellationToken cancellationToken, Object rootValueBoxed)
   at Microsoft.AspNetCore.Mvc.Formatters.SystemTextJsonOutputFormatter.WriteResponseBodyAsync(OutputFormatterWriteContext context, Encoding selectedEncoding)
   at Microsoft.AspNetCore.Mvc.Infrastructure.ResourceInvoker.<InvokeNextResultFilterAsync>g__Awaited|30_0[TFilter,TFilterAsync](ResourceInvoker invoker, Task lastTask, State next, Scope scope, Object state, Boolean isCompleted)
   at Microsoft.AspNetCore.Mvc.Infrastructure.ResourceInvoker.Rethrow(ResultExecutedContextSealed context)
   at Microsoft.AspNetCore.Mvc.Infrastructure.ResourceInvoker.ResultNext[TFilter,TFilterAsync](State& next, Scope& scope, Object& state, Boolean& isCompleted)
   at Microsoft.AspNetCore.Mvc.Infrastructure.ResourceInvoker.InvokeResultFilters()
--- End of stack trace from previous location ---
   at Microsoft.AspNetCore.Mvc.Infrastructure.ResourceInvoker.<InvokeNextResourceFilter>g__Awaited|25_0(ResourceInvoker invoker, Task lastTask, State next, Scope scope, Object state, Boolean isCompleted)
   at Microsoft.AspNetCore.Mvc.Infrastructure.ResourceInvoker.Rethrow(ResourceExecutedContextSealed context)
   at Microsoft.AspNetCore.Mvc.Infrastructure.ResourceInvoker.Next(State& next, Scope& scope, Object& state, Boolean& isCompleted)
   at Microsoft.AspNetCore.Mvc.Infrastructure.ResourceInvoker.<InvokeFilterPipelineAsync>g__Awaited|20_0(ResourceInvoker invoker, Task lastTask, State next, Scope scope, Object state, Boolean isCompleted)
   at Microsoft.AspNetCore.Mvc.Infrastructure.ResourceInvoker.<InvokeAsync>g__Logged|17_1(ResourceInvoker invoker)
   at Microsoft.AspNetCore.Mvc.Infrastructure.ResourceInvoker.<InvokeAsync>g__Logged|17_1(ResourceInvoker invoker)
   at Microsoft.AspNetCore.Routing.EndpointMiddleware.<Invoke>g__AwaitRequestTask|7_0(Endpoint endpoint, Task requestTask, ILogger logger)
   at Microsoft.AspNetCore.Authorization.AuthorizationMiddleware.Invoke(HttpContext context)
   at Microsoft.AspNetCore.Authentication.AuthenticationMiddleware.Invoke(HttpContext context)
   at DetectiveInterrogation.Middleware.RequestLoggingMiddleware.InvokeAsync(HttpContext context) in C:\Users\vikto\OneDrive\Desktop\sem\DetectiveInterrogation\Middleware\RequestLoggingMiddleware.cs:line 25
   at DetectiveInterrogation.Middleware.ExceptionHandlingMiddleware.InvokeAsync(HttpContext context) in C:\Users\vikto\OneDrive\Desktop\sem\DetectiveInterrogation\Middleware\ExceptionHandlingMiddleware.cs:line 22
2026-05-04 09:26:09.666 +03:00 [DBG] Connection id "0HNL9KFNH0QVQ" completed keep alive response.
2026-05-04 09:26:09.668 +03:00 [DBG] 'AppDbContext' disposed.
2026-05-04 09:26:09.670 +03:00 [DBG] Disposing connection to database 'DetectiveInterrogation' on server 'tcp://localhost:5432'.
2026-05-04 09:26:09.677 +03:00 [DBG] Disposed connection to database 'DetectiveInterrogation' on server 'tcp://localhost:5432' (6ms).
2026-05-04 09:26:09.679 +03:00 [INF] Request finished HTTP/1.1 GET http://localhost:5000/api/Case - 500 null application/json; charset=utf-8 284.6585ms
2026-05-04 09:26:35.168 +03:00 [INF] Request starting HTTP/1.1 GET http://localhost:5000/interrogation/room - null null
2026-05-04 09:26:35.179 +03:00 [DBG] The request is insecure. Skipping HSTS header.
2026-05-04 09:26:35.181 +03:00 [INF] Request started: GET /interrogation/room
2026-05-04 09:26:35.183 +03:00 [DBG] The request path /interrogation/room does not match a supported file type
2026-05-04 09:26:35.184 +03:00 [DBG] 1 candidate(s) found for the request path '/interrogation/room'
2026-05-04 09:26:35.186 +03:00 [DBG] Endpoint 'DetectiveInterrogation.Controllers.PageController.InterrogationRoom (DetectiveInterrogation)' with route pattern 'interrogation/room' is valid for the request path '/interrogation/room'
2026-05-04 09:26:35.189 +03:00 [DBG] Request matched endpoint 'DetectiveInterrogation.Controllers.PageController.InterrogationRoom (DetectiveInterrogation)'
2026-05-04 09:26:35.190 +03:00 [DBG] AuthenticationScheme: Bearer was not authenticated.
2026-05-04 09:26:35.191 +03:00 [INF] Executing endpoint 'DetectiveInterrogation.Controllers.PageController.InterrogationRoom (DetectiveInterrogation)'
2026-05-04 09:26:35.193 +03:00 [INF] Route matched with {action = "InterrogationRoom", controller = "Page"}. Executing controller action with signature Microsoft.AspNetCore.Mvc.IActionResult InterrogationRoom() on controller DetectiveInterrogation.Controllers.PageController (DetectiveInterrogation).
2026-05-04 09:26:35.196 +03:00 [DBG] Execution plan of authorization filters (in the following order): ["None"]
2026-05-04 09:26:35.198 +03:00 [DBG] Execution plan of resource filters (in the following order): ["Microsoft.AspNetCore.Mvc.ViewFeatures.Filters.SaveTempDataFilter"]
2026-05-04 09:26:35.200 +03:00 [DBG] Execution plan of action filters (in the following order): ["Microsoft.AspNetCore.Mvc.Filters.ControllerActionFilter (Order: -2147483648)","Microsoft.AspNetCore.Mvc.ModelBinding.UnsupportedContentTypeFilter (Order: -3000)"]
2026-05-04 09:26:35.204 +03:00 [DBG] Execution plan of exception filters (in the following order): ["None"]
2026-05-04 09:26:35.208 +03:00 [DBG] Execution plan of result filters (in the following order): ["Microsoft.AspNetCore.Mvc.ViewFeatures.Filters.SaveTempDataFilter"]
2026-05-04 09:26:35.214 +03:00 [DBG] Executing controller factory for controller DetectiveInterrogation.Controllers.PageController (DetectiveInterrogation)
2026-05-04 09:26:35.216 +03:00 [DBG] Executed controller factory for controller DetectiveInterrogation.Controllers.PageController (DetectiveInterrogation)
2026-05-04 09:26:35.311 +03:00 [DBG] Compilation of the generated code for the Razor file at 'C:\Users\vikto\OneDrive\Desktop\sem\DetectiveInterrogation\Views\Interrogation\Room.cshtml' started.
2026-05-04 09:26:35.403 +03:00 [DBG] Compilation of the generated code for the Razor file at 'C:\Users\vikto\OneDrive\Desktop\sem\DetectiveInterrogation\Views\Interrogation\Room.cshtml' completed in 90.5664ms.
2026-05-04 09:26:35.408 +03:00 [INF] Executing ViewResult, running view ~/Views/Interrogation/Room.cshtml.
2026-05-04 09:26:35.416 +03:00 [DBG] The view path '/Views/Interrogation/Room.cshtml' was found in 197.0077ms.
2026-05-04 09:26:35.422 +03:00 [DBG] View lookup cache hit for view '_Layout' in controller 'Page'.
2026-05-04 09:26:35.430 +03:00 [INF] Executed ViewResult - view ~/Views/Interrogation/Room.cshtml executed in 210.5004ms.
2026-05-04 09:26:35.432 +03:00 [INF] Executed action DetectiveInterrogation.Controllers.PageController.InterrogationRoom (DetectiveInterrogation) in 218.1264ms
2026-05-04 09:26:35.434 +03:00 [INF] Executed endpoint 'DetectiveInterrogation.Controllers.PageController.InterrogationRoom (DetectiveInterrogation)'
2026-05-04 09:26:35.435 +03:00 [INF] Request completed: GET /interrogation/room - Status: 200 - Duration: 254.6868ms
2026-05-04 09:26:35.437 +03:00 [DBG] Connection id "0HNL9KFNH0QVQ" completed keep alive response.
2026-05-04 09:26:35.439 +03:00 [INF] Request finished HTTP/1.1 GET http://localhost:5000/interrogation/room - 200 null text/html; charset=utf-8 271.3746ms
2026-05-04 09:26:35.453 +03:00 [INF] Request starting HTTP/1.1 GET http://localhost:5000/api/Case - application/json null
2026-05-04 09:26:35.460 +03:00 [DBG] The request is insecure. Skipping HSTS header.
2026-05-04 09:26:35.462 +03:00 [INF] Request started: GET /api/Case
2026-05-04 09:26:35.464 +03:00 [DBG] The request path /api/Case does not match a supported file type
2026-05-04 09:26:35.466 +03:00 [DBG] 1 candidate(s) found for the request path '/api/Case'
2026-05-04 09:26:35.468 +03:00 [DBG] Endpoint 'DetectiveInterrogation.Controllers.CaseController.GetAllCases (DetectiveInterrogation)' with route pattern 'api/Case' is valid for the request path '/api/Case'
2026-05-04 09:26:35.482 +03:00 [DBG] Request matched endpoint 'DetectiveInterrogation.Controllers.CaseController.GetAllCases (DetectiveInterrogation)'
2026-05-04 09:26:35.554 +03:00 [DBG] Successfully validated the token.
2026-05-04 09:26:35.626 +03:00 [DBG] AuthenticationScheme: Bearer was successfully authenticated.
2026-05-04 09:26:35.649 +03:00 [DBG] Authorization was successful.
2026-05-04 09:26:35.652 +03:00 [INF] Executing endpoint 'DetectiveInterrogation.Controllers.CaseController.GetAllCases (DetectiveInterrogation)'
2026-05-04 09:26:35.654 +03:00 [INF] Route matched with {action = "GetAllCases", controller = "Case"}. Executing controller action with signature System.Threading.Tasks.Task`1[Microsoft.AspNetCore.Mvc.IActionResult] GetAllCases() on controller DetectiveInterrogation.Controllers.CaseController (DetectiveInterrogation).
2026-05-04 09:26:35.656 +03:00 [DBG] Execution plan of authorization filters (in the following order): ["None"]
2026-05-04 09:26:35.661 +03:00 [DBG] Execution plan of resource filters (in the following order): ["Microsoft.AspNetCore.Mvc.ViewFeatures.Filters.SaveTempDataFilter"]
2026-05-04 09:26:35.668 +03:00 [DBG] Execution plan of action filters (in the following order): ["Microsoft.AspNetCore.Mvc.ModelBinding.UnsupportedContentTypeFilter (Order: -3000)","Microsoft.AspNetCore.Mvc.Infrastructure.ModelStateInvalidFilter (Order: -2000)"]
2026-05-04 09:26:35.671 +03:00 [DBG] Execution plan of exception filters (in the following order): ["None"]
2026-05-04 09:26:35.673 +03:00 [DBG] Execution plan of result filters (in the following order): ["Microsoft.AspNetCore.Mvc.ViewFeatures.Filters.SaveTempDataFilter","Microsoft.AspNetCore.Mvc.Infrastructure.ClientErrorResultFilter (Order: -2000)"]
2026-05-04 09:26:35.682 +03:00 [DBG] Executing controller factory for controller DetectiveInterrogation.Controllers.CaseController (DetectiveInterrogation)
2026-05-04 09:26:35.685 +03:00 [DBG] Executed controller factory for controller DetectiveInterrogation.Controllers.CaseController (DetectiveInterrogation)
2026-05-04 09:26:35.688 +03:00 [DBG] Entity Framework Core 8.0.4 initialized 'AppDbContext' using provider 'Npgsql.EntityFrameworkCore.PostgreSQL:8.0.4+51faf6e9c9c7ef99c3e98d98a96adb8fa8ae4553' with options: None
2026-05-04 09:26:35.698 +03:00 [DBG] Creating DbConnection.
2026-05-04 09:26:35.700 +03:00 [DBG] Created DbConnection. (1ms).
2026-05-04 09:26:35.701 +03:00 [DBG] Opening connection to database 'DetectiveInterrogation' on server 'tcp://localhost:5432'.
2026-05-04 09:26:35.704 +03:00 [DBG] Opened connection to database 'DetectiveInterrogation' on server 'tcp://localhost:5432'.
2026-05-04 09:26:35.712 +03:00 [DBG] Creating DbCommand for 'ExecuteReader'.
2026-05-04 09:26:35.714 +03:00 [DBG] Created DbCommand for 'ExecuteReader' (2ms).
2026-05-04 09:26:35.716 +03:00 [DBG] Initialized DbCommand for 'ExecuteReader' (4ms).
2026-05-04 09:26:35.719 +03:00 [DBG] Executing DbCommand [Parameters=[], CommandType='"Text"', CommandTimeout='30']
SELECT c."Id", c."FullDescription", c."NewspaperText", c."ShortDescription", c."Title", s."Id", s."CaseId", s."Description", s."InitialAggression", s."InitialTrust", s."IsGuilty", s."Name", e."Id", e."CaseId", e."FullText", e."ShortText", e."Title"
FROM "Cases" AS c
LEFT JOIN "Suspects" AS s ON c."Id" = s."CaseId"
LEFT JOIN "Evidence" AS e ON c."Id" = e."CaseId"
ORDER BY c."Id", s."Id"
2026-05-04 09:26:35.726 +03:00 [INF] Executed DbCommand (8ms) [Parameters=[], CommandType='"Text"', CommandTimeout='30']
SELECT c."Id", c."FullDescription", c."NewspaperText", c."ShortDescription", c."Title", s."Id", s."CaseId", s."Description", s."InitialAggression", s."InitialTrust", s."IsGuilty", s."Name", e."Id", e."CaseId", e."FullText", e."ShortText", e."Title"
FROM "Cases" AS c
LEFT JOIN "Suspects" AS s ON c."Id" = s."CaseId"
LEFT JOIN "Evidence" AS e ON c."Id" = e."CaseId"
ORDER BY c."Id", s."Id"
2026-05-04 09:26:35.730 +03:00 [DBG] Context 'AppDbContext' started tracking 'Case' entity. Consider using 'DbContextOptionsBuilder.EnableSensitiveDataLogging' to see key values.
2026-05-04 09:26:35.733 +03:00 [DBG] Context 'AppDbContext' started tracking 'Suspect' entity. Consider using 'DbContextOptionsBuilder.EnableSensitiveDataLogging' to see key values.
2026-05-04 09:26:35.736 +03:00 [DBG] Context 'AppDbContext' started tracking 'Evidence' entity. Consider using 'DbContextOptionsBuilder.EnableSensitiveDataLogging' to see key values.
2026-05-04 09:26:35.748 +03:00 [DBG] Context 'AppDbContext' started tracking 'Evidence' entity. Consider using 'DbContextOptionsBuilder.EnableSensitiveDataLogging' to see key values.
2026-05-04 09:26:35.751 +03:00 [DBG] Context 'AppDbContext' started tracking 'Evidence' entity. Consider using 'DbContextOptionsBuilder.EnableSensitiveDataLogging' to see key values.
2026-05-04 09:26:35.768 +03:00 [DBG] Context 'AppDbContext' started tracking 'Suspect' entity. Consider using 'DbContextOptionsBuilder.EnableSensitiveDataLogging' to see key values.
2026-05-04 09:26:35.772 +03:00 [DBG] Closing data reader to 'DetectiveInterrogation' on server 'tcp://localhost:5432'.
2026-05-04 09:26:35.775 +03:00 [DBG] A data reader for 'DetectiveInterrogation' on server 'tcp://localhost:5432' is being disposed after spending 44ms reading results.
2026-05-04 09:26:35.777 +03:00 [DBG] Closing connection to database 'DetectiveInterrogation' on server 'tcp://localhost:5432'.
2026-05-04 09:26:35.779 +03:00 [DBG] Closed connection to database 'DetectiveInterrogation' on server 'tcp://localhost:5432' (2ms).
2026-05-04 09:26:35.782 +03:00 [DBG] List of registered output formatters, in the following order: ["Microsoft.AspNetCore.Mvc.Formatters.HttpNoContentOutputFormatter","Microsoft.AspNetCore.Mvc.Formatters.StringOutputFormatter","Microsoft.AspNetCore.Mvc.Formatters.StreamOutputFormatter","Microsoft.AspNetCore.Mvc.Formatters.SystemTextJsonOutputFormatter"]
2026-05-04 09:26:35.792 +03:00 [DBG] No information found on request to perform content negotiation.
2026-05-04 09:26:35.793 +03:00 [DBG] Attempting to select an output formatter without using a content type as no explicit content types were specified for the response.
2026-05-04 09:26:35.794 +03:00 [DBG] Attempting to select the first formatter in the output formatters list which can write the result.
2026-05-04 09:26:35.796 +03:00 [DBG] Selected output formatter 'Microsoft.AspNetCore.Mvc.Formatters.SystemTextJsonOutputFormatter' and content type 'application/json' to write the response.
2026-05-04 09:26:35.806 +03:00 [INF] Executing OkObjectResult, writing value of type 'System.Collections.Generic.List`1[[DetectiveInterrogation.Models.Entities.Case, DetectiveInterrogation, Version=1.0.0.0, Culture=neutral, PublicKeyToken=null]]'.
2026-05-04 09:26:35.811 +03:00 [INF] Executed action DetectiveInterrogation.Controllers.CaseController.GetAllCases (DetectiveInterrogation) in 129.1116ms
2026-05-04 09:26:35.813 +03:00 [INF] Executed endpoint 'DetectiveInterrogation.Controllers.CaseController.GetAllCases (DetectiveInterrogation)'
2026-05-04 09:26:35.827 +03:00 [ERR] An unhandled exception occurred
System.Text.Json.JsonException: A possible object cycle was detected. This can either be due to a cycle or if the object depth is larger than the maximum allowed depth of 32. Consider using ReferenceHandler.Preserve on JsonSerializerOptions to support cycles. Path: $.Suspects.Case.Suspects.Case.Suspects.Case.Suspects.Case.Suspects.Case.Suspects.Case.Suspects.Case.Suspects.Case.Suspects.Case.Suspects.Case.Id.
   at System.Text.Json.ThrowHelper.ThrowJsonException_SerializerCycleDetected(Int32 maxDepth)
   at System.Text.Json.Serialization.JsonConverter`1.TryWrite(Utf8JsonWriter writer, T& value, JsonSerializerOptions options, WriteStack& state)
   at System.Text.Json.Serialization.Metadata.JsonPropertyInfo`1.GetMemberAndWriteJson(Object obj, WriteStack& state, Utf8JsonWriter writer)
   at System.Text.Json.Serialization.Converters.ObjectDefaultConverter`1.OnTryWrite(Utf8JsonWriter writer, T value, JsonSerializerOptions options, WriteStack& state)
   at System.Text.Json.Serialization.JsonConverter`1.TryWrite(Utf8JsonWriter writer, T& value, JsonSerializerOptions options, WriteStack& state)
   at System.Text.Json.Serialization.Metadata.JsonPropertyInfo`1.GetMemberAndWriteJson(Object obj, WriteStack& state, Utf8JsonWriter writer)
   at System.Text.Json.Serialization.Converters.ObjectDefaultConverter`1.OnTryWrite(Utf8JsonWriter writer, T value, JsonSerializerOptions options, WriteStack& state)
   at System.Text.Json.Serialization.JsonConverter`1.TryWrite(Utf8JsonWriter writer, T& value, JsonSerializerOptions options, WriteStack& state)
   at System.Text.Json.Serialization.Converters.IEnumerableDefaultConverter`2.OnWriteResume(Utf8JsonWriter writer, TCollection value, JsonSerializerOptions options, WriteStack& state)
   at System.Text.Json.Serialization.JsonCollectionConverter`2.OnTryWrite(Utf8JsonWriter writer, TCollection value, JsonSerializerOptions options, WriteStack& state)
   at System.Text.Json.Serialization.JsonConverter`1.TryWrite(Utf8JsonWriter writer, T& value, JsonSerializerOptions options, WriteStack& state)
   at System.Text.Json.Serialization.Metadata.JsonPropertyInfo`1.GetMemberAndWriteJson(Object obj, WriteStack& state, Utf8JsonWriter writer)
   at System.Text.Json.Serialization.Converters.ObjectDefaultConverter`1.OnTryWrite(Utf8JsonWriter writer, T value, JsonSerializerOptions options, WriteStack& state)
   at System.Text.Json.Serialization.JsonConverter`1.TryWrite(Utf8JsonWriter writer, T& value, JsonSerializerOptions options, WriteStack& state)
   at System.Text.Json.Serialization.Metadata.JsonPropertyInfo`1.GetMemberAndWriteJson(Object obj, WriteStack& state, Utf8JsonWriter writer)
   at System.Text.Json.Serialization.Converters.ObjectDefaultConverter`1.OnTryWrite(Utf8JsonWriter writer, T value, JsonSerializerOptions options, WriteStack& state)
   at System.Text.Json.Serialization.JsonConverter`1.TryWrite(Utf8JsonWriter writer, T& value, JsonSerializerOptions options, WriteStack& state)
   at System.Text.Json.Serialization.Converters.IEnumerableDefaultConverter`2.OnWriteResume(Utf8JsonWriter writer, TCollection value, JsonSerializerOptions options, WriteStack& state)
   at System.Text.Json.Serialization.JsonCollectionConverter`2.OnTryWrite(Utf8JsonWriter writer, TCollection value, JsonSerializerOptions options, WriteStack& state)
   at System.Text.Json.Serialization.JsonConverter`1.TryWrite(Utf8JsonWriter writer, T& value, JsonSerializerOptions options, WriteStack& state)
   at System.Text.Json.Serialization.Metadata.JsonPropertyInfo`1.GetMemberAndWriteJson(Object obj, WriteStack& state, Utf8JsonWriter writer)
   at System.Text.Json.Serialization.Converters.ObjectDefaultConverter`1.OnTryWrite(Utf8JsonWriter writer, T value, JsonSerializerOptions options, WriteStack& state)
   at System.Text.Json.Serialization.JsonConverter`1.TryWrite(Utf8JsonWriter writer, T& value, JsonSerializerOptions options, WriteStack& state)
   at System.Text.Json.Serialization.Metadata.JsonPropertyInfo`1.GetMemberAndWriteJson(Object obj, WriteStack& state, Utf8JsonWriter writer)
   at System.Text.Json.Serialization.Converters.ObjectDefaultConverter`1.OnTryWrite(Utf8JsonWriter writer, T value, JsonSerializerOptions options, WriteStack& state)
   at System.Text.Json.Serialization.JsonConverter`1.TryWrite(Utf8JsonWriter writer, T& value, JsonSerializerOptions options, WriteStack& state)
   at System.Text.Json.Serialization.Converters.IEnumerableDefaultConverter`2.OnWriteResume(Utf8JsonWriter writer, TCollection value, JsonSerializerOptions options, WriteStack& state)
   at System.Text.Json.Serialization.JsonCollectionConverter`2.OnTryWrite(Utf8JsonWriter writer, TCollection value, JsonSerializerOptions options, WriteStack& state)
   at System.Text.Json.Serialization.JsonConverter`1.TryWrite(Utf8JsonWriter writer, T& value, JsonSerializerOptions options, WriteStack& state)
   at System.Text.Json.Serialization.Metadata.JsonPropertyInfo`1.GetMemberAndWriteJson(Object obj, WriteStack& state, Utf8JsonWriter writer)
   at System.Text.Json.Serialization.Converters.ObjectDefaultConverter`1.OnTryWrite(Utf8JsonWriter writer, T value, JsonSerializerOptions options, WriteStack& state)
   at System.Text.Json.Serialization.JsonConverter`1.TryWrite(Utf8JsonWriter writer, T& value, JsonSerializerOptions options, WriteStack& state)
   at System.Text.Json.Serialization.Metadata.JsonPropertyInfo`1.GetMemberAndWriteJson(Object obj, WriteStack& state, Utf8JsonWriter writer)
   at System.Text.Json.Serialization.Converters.ObjectDefaultConverter`1.OnTryWrite(Utf8JsonWriter writer, T value, JsonSerializerOptions options, WriteStack& state)
   at System.Text.Json.Serialization.JsonConverter`1.TryWrite(Utf8JsonWriter writer, T& value, JsonSerializerOptions options, WriteStack& state)
   at System.Text.Json.Serialization.Converters.IEnumerableDefaultConverter`2.OnWriteResume(Utf8JsonWriter writer, TCollection value, JsonSerializerOptions options, WriteStack& state)
   at System.Text.Json.Serialization.JsonCollectionConverter`2.OnTryWrite(Utf8JsonWriter writer, TCollection value, JsonSerializerOptions options, WriteStack& state)
   at System.Text.Json.Serialization.JsonConverter`1.TryWrite(Utf8JsonWriter writer, T& value, JsonSerializerOptions options, WriteStack& state)
   at System.Text.Json.Serialization.Metadata.JsonPropertyInfo`1.GetMemberAndWriteJson(Object obj, WriteStack& state, Utf8JsonWriter writer)
   at System.Text.Json.Serialization.Converters.ObjectDefaultConverter`1.OnTryWrite(Utf8JsonWriter writer, T value, JsonSerializerOptions options, WriteStack& state)
   at System.Text.Json.Serialization.JsonConverter`1.TryWrite(Utf8JsonWriter writer, T& value, JsonSerializerOptions options, WriteStack& state)
   at System.Text.Json.Serialization.Metadata.JsonPropertyInfo`1.GetMemberAndWriteJson(Object obj, WriteStack& state, Utf8JsonWriter writer)
   at System.Text.Json.Serialization.Converters.ObjectDefaultConverter`1.OnTryWrite(Utf8JsonWriter writer, T value, JsonSerializerOptions options, WriteStack& state)
   at System.Text.Json.Serialization.JsonConverter`1.TryWrite(Utf8JsonWriter writer, T& value, JsonSerializerOptions options, WriteStack& state)
   at System.Text.Json.Serialization.Converters.IEnumerableDefaultConverter`2.OnWriteResume(Utf8JsonWriter writer, TCollection value, JsonSerializerOptions options, WriteStack& state)
   at System.Text.Json.Serialization.JsonCollectionConverter`2.OnTryWrite(Utf8JsonWriter writer, TCollection value, JsonSerializerOptions options, WriteStack& state)
   at System.Text.Json.Serialization.JsonConverter`1.TryWrite(Utf8JsonWriter writer, T& value, JsonSerializerOptions options, WriteStack& state)
   at System.Text.Json.Serialization.Metadata.JsonPropertyInfo`1.GetMemberAndWriteJson(Object obj, WriteStack& state, Utf8JsonWriter writer)
   at System.Text.Json.Serialization.Converters.ObjectDefaultConverter`1.OnTryWrite(Utf8JsonWriter writer, T value, JsonSerializerOptions options, WriteStack& state)
   at System.Text.Json.Serialization.JsonConverter`1.TryWrite(Utf8JsonWriter writer, T& value, JsonSerializerOptions options, WriteStack& state)
   at System.Text.Json.Serialization.Metadata.JsonPropertyInfo`1.GetMemberAndWriteJson(Object obj, WriteStack& state, Utf8JsonWriter writer)
   at System.Text.Json.Serialization.Converters.ObjectDefaultConverter`1.OnTryWrite(Utf8JsonWriter writer, T value, JsonSerializerOptions options, WriteStack& state)
   at System.Text.Json.Serialization.JsonConverter`1.TryWrite(Utf8JsonWriter writer, T& value, JsonSerializerOptions options, WriteStack& state)
   at System.Text.Json.Serialization.Converters.IEnumerableDefaultConverter`2.OnWriteResume(Utf8JsonWriter writer, TCollection value, JsonSerializerOptions options, WriteStack& state)
   at System.Text.Json.Serialization.JsonCollectionConverter`2.OnTryWrite(Utf8JsonWriter writer, TCollection value, JsonSerializerOptions options, WriteStack& state)
   at System.Text.Json.Serialization.JsonConverter`1.TryWrite(Utf8JsonWriter writer, T& value, JsonSerializerOptions options, WriteStack& state)
   at System.Text.Json.Serialization.Metadata.JsonPropertyInfo`1.GetMemberAndWriteJson(Object obj, WriteStack& state, Utf8JsonWriter writer)
   at System.Text.Json.Serialization.Converters.ObjectDefaultConverter`1.OnTryWrite(Utf8JsonWriter writer, T value, JsonSerializerOptions options, WriteStack& state)
   at System.Text.Json.Serialization.JsonConverter`1.TryWrite(Utf8JsonWriter writer, T& value, JsonSerializerOptions options, WriteStack& state)
   at System.Text.Json.Serialization.Metadata.JsonPropertyInfo`1.GetMemberAndWriteJson(Object obj, WriteStack& state, Utf8JsonWriter writer)
   at System.Text.Json.Serialization.Converters.ObjectDefaultConverter`1.OnTryWrite(Utf8JsonWriter writer, T value, JsonSerializerOptions options, WriteStack& state)
   at System.Text.Json.Serialization.JsonConverter`1.TryWrite(Utf8JsonWriter writer, T& value, JsonSerializerOptions options, WriteStack& state)
   at System.Text.Json.Serialization.Converters.IEnumerableDefaultConverter`2.OnWriteResume(Utf8JsonWriter writer, TCollection value, JsonSerializerOptions options, WriteStack& state)
   at System.Text.Json.Serialization.JsonCollectionConverter`2.OnTryWrite(Utf8JsonWriter writer, TCollection value, JsonSerializerOptions options, WriteStack& state)
   at System.Text.Json.Serialization.JsonConverter`1.TryWrite(Utf8JsonWriter writer, T& value, JsonSerializerOptions options, WriteStack& state)
   at System.Text.Json.Serialization.Metadata.JsonPropertyInfo`1.GetMemberAndWriteJson(Object obj, WriteStack& state, Utf8JsonWriter writer)
   at System.Text.Json.Serialization.Converters.ObjectDefaultConverter`1.OnTryWrite(Utf8JsonWriter writer, T value, JsonSerializerOptions options, WriteStack& state)
   at System.Text.Json.Serialization.JsonConverter`1.TryWrite(Utf8JsonWriter writer, T& value, JsonSerializerOptions options, WriteStack& state)
   at System.Text.Json.Serialization.Metadata.JsonPropertyInfo`1.GetMemberAndWriteJson(Object obj, WriteStack& state, Utf8JsonWriter writer)
   at System.Text.Json.Serialization.Converters.ObjectDefaultConverter`1.OnTryWrite(Utf8JsonWriter writer, T value, JsonSerializerOptions options, WriteStack& state)
   at System.Text.Json.Serialization.JsonConverter`1.TryWrite(Utf8JsonWriter writer, T& value, JsonSerializerOptions options, WriteStack& state)
   at System.Text.Json.Serialization.Converters.IEnumerableDefaultConverter`2.OnWriteResume(Utf8JsonWriter writer, TCollection value, JsonSerializerOptions options, WriteStack& state)
   at System.Text.Json.Serialization.JsonCollectionConverter`2.OnTryWrite(Utf8JsonWriter writer, TCollection value, JsonSerializerOptions options, WriteStack& state)
   at System.Text.Json.Serialization.JsonConverter`1.TryWrite(Utf8JsonWriter writer, T& value, JsonSerializerOptions options, WriteStack& state)
   at System.Text.Json.Serialization.Metadata.JsonPropertyInfo`1.GetMemberAndWriteJson(Object obj, WriteStack& state, Utf8JsonWriter writer)
   at System.Text.Json.Serialization.Converters.ObjectDefaultConverter`1.OnTryWrite(Utf8JsonWriter writer, T value, JsonSerializerOptions options, WriteStack& state)
   at System.Text.Json.Serialization.JsonConverter`1.TryWrite(Utf8JsonWriter writer, T& value, JsonSerializerOptions options, WriteStack& state)
   at System.Text.Json.Serialization.Metadata.JsonPropertyInfo`1.GetMemberAndWriteJson(Object obj, WriteStack& state, Utf8JsonWriter writer)
   at System.Text.Json.Serialization.Converters.ObjectDefaultConverter`1.OnTryWrite(Utf8JsonWriter writer, T value, JsonSerializerOptions options, WriteStack& state)
   at System.Text.Json.Serialization.JsonConverter`1.TryWrite(Utf8JsonWriter writer, T& value, JsonSerializerOptions options, WriteStack& state)
   at System.Text.Json.Serialization.Converters.IEnumerableDefaultConverter`2.OnWriteResume(Utf8JsonWriter writer, TCollection value, JsonSerializerOptions options, WriteStack& state)
   at System.Text.Json.Serialization.JsonCollectionConverter`2.OnTryWrite(Utf8JsonWriter writer, TCollection value, JsonSerializerOptions options, WriteStack& state)
   at System.Text.Json.Serialization.JsonConverter`1.TryWrite(Utf8JsonWriter writer, T& value, JsonSerializerOptions options, WriteStack& state)
   at System.Text.Json.Serialization.Metadata.JsonPropertyInfo`1.GetMemberAndWriteJson(Object obj, WriteStack& state, Utf8JsonWriter writer)
   at System.Text.Json.Serialization.Converters.ObjectDefaultConverter`1.OnTryWrite(Utf8JsonWriter writer, T value, JsonSerializerOptions options, WriteStack& state)
   at System.Text.Json.Serialization.JsonConverter`1.TryWrite(Utf8JsonWriter writer, T& value, JsonSerializerOptions options, WriteStack& state)
   at System.Text.Json.Serialization.Metadata.JsonPropertyInfo`1.GetMemberAndWriteJson(Object obj, WriteStack& state, Utf8JsonWriter writer)
   at System.Text.Json.Serialization.Converters.ObjectDefaultConverter`1.OnTryWrite(Utf8JsonWriter writer, T value, JsonSerializerOptions options, WriteStack& state)
   at System.Text.Json.Serialization.JsonConverter`1.TryWrite(Utf8JsonWriter writer, T& value, JsonSerializerOptions options, WriteStack& state)
   at System.Text.Json.Serialization.Converters.IEnumerableDefaultConverter`2.OnWriteResume(Utf8JsonWriter writer, TCollection value, JsonSerializerOptions options, WriteStack& state)
   at System.Text.Json.Serialization.JsonCollectionConverter`2.OnTryWrite(Utf8JsonWriter writer, TCollection value, JsonSerializerOptions options, WriteStack& state)
   at System.Text.Json.Serialization.JsonConverter`1.TryWrite(Utf8JsonWriter writer, T& value, JsonSerializerOptions options, WriteStack& state)
   at System.Text.Json.Serialization.Metadata.JsonPropertyInfo`1.GetMemberAndWriteJson(Object obj, WriteStack& state, Utf8JsonWriter writer)
   at System.Text.Json.Serialization.Converters.ObjectDefaultConverter`1.OnTryWrite(Utf8JsonWriter writer, T value, JsonSerializerOptions options, WriteStack& state)
   at System.Text.Json.Serialization.JsonConverter`1.TryWrite(Utf8JsonWriter writer, T& value, JsonSerializerOptions options, WriteStack& state)
   at System.Text.Json.Serialization.Converters.ListOfTConverter`2.OnWriteResume(Utf8JsonWriter writer, TCollection value, JsonSerializerOptions options, WriteStack& state)
   at System.Text.Json.Serialization.JsonCollectionConverter`2.OnTryWrite(Utf8JsonWriter writer, TCollection value, JsonSerializerOptions options, WriteStack& state)
   at System.Text.Json.Serialization.JsonConverter`1.TryWrite(Utf8JsonWriter writer, T& value, JsonSerializerOptions options, WriteStack& state)
   at System.Text.Json.Serialization.JsonConverter`1.WriteCore(Utf8JsonWriter writer, T& value, JsonSerializerOptions options, WriteStack& state)
   at System.Text.Json.Serialization.Metadata.JsonTypeInfo`1.SerializeAsync(Stream utf8Json, T rootValue, CancellationToken cancellationToken, Object rootValueBoxed)
   at System.Text.Json.Serialization.Metadata.JsonTypeInfo`1.SerializeAsync(Stream utf8Json, T rootValue, CancellationToken cancellationToken, Object rootValueBoxed)
   at System.Text.Json.Serialization.Metadata.JsonTypeInfo`1.SerializeAsync(Stream utf8Json, T rootValue, CancellationToken cancellationToken, Object rootValueBoxed)
   at Microsoft.AspNetCore.Mvc.Formatters.SystemTextJsonOutputFormatter.WriteResponseBodyAsync(OutputFormatterWriteContext context, Encoding selectedEncoding)
   at Microsoft.AspNetCore.Mvc.Infrastructure.ResourceInvoker.<InvokeNextResultFilterAsync>g__Awaited|30_0[TFilter,TFilterAsync](ResourceInvoker invoker, Task lastTask, State next, Scope scope, Object state, Boolean isCompleted)
   at Microsoft.AspNetCore.Mvc.Infrastructure.ResourceInvoker.Rethrow(ResultExecutedContextSealed context)
   at Microsoft.AspNetCore.Mvc.Infrastructure.ResourceInvoker.ResultNext[TFilter,TFilterAsync](State& next, Scope& scope, Object& state, Boolean& isCompleted)
   at Microsoft.AspNetCore.Mvc.Infrastructure.ResourceInvoker.InvokeResultFilters()
--- End of stack trace from previous location ---
   at Microsoft.AspNetCore.Mvc.Infrastructure.ResourceInvoker.<InvokeNextResourceFilter>g__Awaited|25_0(ResourceInvoker invoker, Task lastTask, State next, Scope scope, Object state, Boolean isCompleted)
   at Microsoft.AspNetCore.Mvc.Infrastructure.ResourceInvoker.Rethrow(ResourceExecutedContextSealed context)
   at Microsoft.AspNetCore.Mvc.Infrastructure.ResourceInvoker.Next(State& next, Scope& scope, Object& state, Boolean& isCompleted)
   at Microsoft.AspNetCore.Mvc.Infrastructure.ResourceInvoker.<InvokeFilterPipelineAsync>g__Awaited|20_0(ResourceInvoker invoker, Task lastTask, State next, Scope scope, Object state, Boolean isCompleted)
   at Microsoft.AspNetCore.Mvc.Infrastructure.ResourceInvoker.<InvokeAsync>g__Logged|17_1(ResourceInvoker invoker)
   at Microsoft.AspNetCore.Mvc.Infrastructure.ResourceInvoker.<InvokeAsync>g__Logged|17_1(ResourceInvoker invoker)
   at Microsoft.AspNetCore.Routing.EndpointMiddleware.<Invoke>g__AwaitRequestTask|7_0(Endpoint endpoint, Task requestTask, ILogger logger)
   at Microsoft.AspNetCore.Authorization.AuthorizationMiddleware.Invoke(HttpContext context)
   at Microsoft.AspNetCore.Authentication.AuthenticationMiddleware.Invoke(HttpContext context)
   at DetectiveInterrogation.Middleware.RequestLoggingMiddleware.InvokeAsync(HttpContext context) in C:\Users\vikto\OneDrive\Desktop\sem\DetectiveInterrogation\Middleware\RequestLoggingMiddleware.cs:line 25
   at DetectiveInterrogation.Middleware.ExceptionHandlingMiddleware.InvokeAsync(HttpContext context) in C:\Users\vikto\OneDrive\Desktop\sem\DetectiveInterrogation\Middleware\ExceptionHandlingMiddleware.cs:line 22
2026-05-04 09:26:35.871 +03:00 [DBG] Connection id "0HNL9KFNH0QVQ" completed keep alive response.
2026-05-04 09:26:35.872 +03:00 [DBG] 'AppDbContext' disposed.
2026-05-04 09:26:35.873 +03:00 [DBG] Disposing connection to database 'DetectiveInterrogation' on server 'tcp://localhost:5432'.
2026-05-04 09:26:35.875 +03:00 [DBG] Disposed connection to database 'DetectiveInterrogation' on server 'tcp://localhost:5432' (1ms).
2026-05-04 09:26:35.877 +03:00 [INF] Request finished HTTP/1.1 GET http://localhost:5000/api/Case - 500 null application/json; charset=utf-8 423.0819ms
2026-05-04 09:26:48.757 +03:00 [INF] Request starting HTTP/1.1 GET http://localhost:5000/desk - null null
2026-05-04 09:26:48.772 +03:00 [DBG] The request is insecure. Skipping HSTS header.
2026-05-04 09:26:48.774 +03:00 [INF] Request started: GET /desk
2026-05-04 09:26:48.778 +03:00 [DBG] The request path /desk does not match a supported file type
2026-05-04 09:26:48.780 +03:00 [DBG] 1 candidate(s) found for the request path '/desk'
2026-05-04 09:26:48.782 +03:00 [DBG] Endpoint 'DetectiveInterrogation.Controllers.PageController.Desk (DetectiveInterrogation)' with route pattern 'desk' is valid for the request path '/desk'
2026-05-04 09:26:48.784 +03:00 [DBG] Request matched endpoint 'DetectiveInterrogation.Controllers.PageController.Desk (DetectiveInterrogation)'
2026-05-04 09:26:48.786 +03:00 [DBG] AuthenticationScheme: Bearer was not authenticated.
2026-05-04 09:26:48.789 +03:00 [INF] Executing endpoint 'DetectiveInterrogation.Controllers.PageController.Desk (DetectiveInterrogation)'
2026-05-04 09:26:48.794 +03:00 [INF] Route matched with {action = "Desk", controller = "Page"}. Executing controller action with signature Microsoft.AspNetCore.Mvc.IActionResult Desk() on controller DetectiveInterrogation.Controllers.PageController (DetectiveInterrogation).
2026-05-04 09:26:48.798 +03:00 [DBG] Execution plan of authorization filters (in the following order): ["None"]
2026-05-04 09:26:48.801 +03:00 [DBG] Execution plan of resource filters (in the following order): ["Microsoft.AspNetCore.Mvc.ViewFeatures.Filters.SaveTempDataFilter"]
2026-05-04 09:26:48.804 +03:00 [DBG] Execution plan of action filters (in the following order): ["Microsoft.AspNetCore.Mvc.Filters.ControllerActionFilter (Order: -2147483648)","Microsoft.AspNetCore.Mvc.ModelBinding.UnsupportedContentTypeFilter (Order: -3000)"]
2026-05-04 09:26:48.809 +03:00 [DBG] Execution plan of exception filters (in the following order): ["None"]
2026-05-04 09:26:48.810 +03:00 [DBG] Execution plan of result filters (in the following order): ["Microsoft.AspNetCore.Mvc.ViewFeatures.Filters.SaveTempDataFilter"]
2026-05-04 09:26:48.813 +03:00 [DBG] Executing controller factory for controller DetectiveInterrogation.Controllers.PageController (DetectiveInterrogation)
2026-05-04 09:26:48.815 +03:00 [DBG] Executed controller factory for controller DetectiveInterrogation.Controllers.PageController (DetectiveInterrogation)
2026-05-04 09:26:48.817 +03:00 [INF] Executing ViewResult, running view ~/Views/Case/Index.cshtml.
2026-05-04 09:26:48.818 +03:00 [DBG] The view path '/Views/Case/Index.cshtml' was found in 1.0868ms.
2026-05-04 09:26:48.820 +03:00 [DBG] View lookup cache hit for view '_Layout' in controller 'Page'.
2026-05-04 09:26:48.824 +03:00 [INF] Executed ViewResult - view ~/Views/Case/Index.cshtml executed in 6.7055ms.
2026-05-04 09:26:48.825 +03:00 [INF] Executed action DetectiveInterrogation.Controllers.PageController.Desk (DetectiveInterrogation) in 12.7002ms
2026-05-04 09:26:48.828 +03:00 [INF] Executed endpoint 'DetectiveInterrogation.Controllers.PageController.Desk (DetectiveInterrogation)'
2026-05-04 09:26:48.830 +03:00 [INF] Request completed: GET /desk - Status: 200 - Duration: 55.4506ms
2026-05-04 09:26:48.832 +03:00 [DBG] Connection id "0HNL9KFNH0QVQ" completed keep alive response.
2026-05-04 09:26:48.834 +03:00 [INF] Request finished HTTP/1.1 GET http://localhost:5000/desk - 200 null text/html; charset=utf-8 76.4911ms
2026-05-04 09:26:48.837 +03:00 [INF] Request starting HTTP/1.1 GET http://localhost:5000/api/Case - application/json null
2026-05-04 09:26:48.840 +03:00 [DBG] The request is insecure. Skipping HSTS header.
2026-05-04 09:26:48.842 +03:00 [INF] Request started: GET /api/Case
2026-05-04 09:26:48.843 +03:00 [DBG] The request path /api/Case does not match a supported file type
2026-05-04 09:26:48.844 +03:00 [DBG] 1 candidate(s) found for the request path '/api/Case'
2026-05-04 09:26:48.845 +03:00 [DBG] Endpoint 'DetectiveInterrogation.Controllers.CaseController.GetAllCases (DetectiveInterrogation)' with route pattern 'api/Case' is valid for the request path '/api/Case'
2026-05-04 09:26:48.847 +03:00 [DBG] Request matched endpoint 'DetectiveInterrogation.Controllers.CaseController.GetAllCases (DetectiveInterrogation)'
2026-05-04 09:26:48.848 +03:00 [DBG] Successfully validated the token.
2026-05-04 09:26:48.849 +03:00 [DBG] AuthenticationScheme: Bearer was successfully authenticated.
2026-05-04 09:26:48.850 +03:00 [DBG] Authorization was successful.
2026-05-04 09:26:48.851 +03:00 [INF] Executing endpoint 'DetectiveInterrogation.Controllers.CaseController.GetAllCases (DetectiveInterrogation)'
2026-05-04 09:26:48.852 +03:00 [INF] Route matched with {action = "GetAllCases", controller = "Case"}. Executing controller action with signature System.Threading.Tasks.Task`1[Microsoft.AspNetCore.Mvc.IActionResult] GetAllCases() on controller DetectiveInterrogation.Controllers.CaseController (DetectiveInterrogation).
2026-05-04 09:26:48.855 +03:00 [DBG] Execution plan of authorization filters (in the following order): ["None"]
2026-05-04 09:26:48.857 +03:00 [DBG] Execution plan of resource filters (in the following order): ["Microsoft.AspNetCore.Mvc.ViewFeatures.Filters.SaveTempDataFilter"]
2026-05-04 09:26:48.858 +03:00 [DBG] Execution plan of action filters (in the following order): ["Microsoft.AspNetCore.Mvc.ModelBinding.UnsupportedContentTypeFilter (Order: -3000)","Microsoft.AspNetCore.Mvc.Infrastructure.ModelStateInvalidFilter (Order: -2000)"]
2026-05-04 09:26:48.860 +03:00 [DBG] Execution plan of exception filters (in the following order): ["None"]
2026-05-04 09:26:48.861 +03:00 [DBG] Execution plan of result filters (in the following order): ["Microsoft.AspNetCore.Mvc.ViewFeatures.Filters.SaveTempDataFilter","Microsoft.AspNetCore.Mvc.Infrastructure.ClientErrorResultFilter (Order: -2000)"]
2026-05-04 09:26:48.863 +03:00 [DBG] Executing controller factory for controller DetectiveInterrogation.Controllers.CaseController (DetectiveInterrogation)
2026-05-04 09:26:48.864 +03:00 [DBG] Executed controller factory for controller DetectiveInterrogation.Controllers.CaseController (DetectiveInterrogation)
2026-05-04 09:26:48.866 +03:00 [DBG] Entity Framework Core 8.0.4 initialized 'AppDbContext' using provider 'Npgsql.EntityFrameworkCore.PostgreSQL:8.0.4+51faf6e9c9c7ef99c3e98d98a96adb8fa8ae4553' with options: None
2026-05-04 09:26:48.869 +03:00 [DBG] Creating DbConnection.
2026-05-04 09:26:48.873 +03:00 [DBG] Created DbConnection. (3ms).
2026-05-04 09:26:48.874 +03:00 [DBG] Opening connection to database 'DetectiveInterrogation' on server 'tcp://localhost:5432'.
2026-05-04 09:26:48.877 +03:00 [DBG] Opened connection to database 'DetectiveInterrogation' on server 'tcp://localhost:5432'.
2026-05-04 09:26:48.879 +03:00 [DBG] Creating DbCommand for 'ExecuteReader'.
2026-05-04 09:26:48.880 +03:00 [DBG] Created DbCommand for 'ExecuteReader' (1ms).
2026-05-04 09:26:48.883 +03:00 [DBG] Initialized DbCommand for 'ExecuteReader' (3ms).
2026-05-04 09:26:48.884 +03:00 [DBG] Executing DbCommand [Parameters=[], CommandType='"Text"', CommandTimeout='30']
SELECT c."Id", c."FullDescription", c."NewspaperText", c."ShortDescription", c."Title", s."Id", s."CaseId", s."Description", s."InitialAggression", s."InitialTrust", s."IsGuilty", s."Name", e."Id", e."CaseId", e."FullText", e."ShortText", e."Title"
FROM "Cases" AS c
LEFT JOIN "Suspects" AS s ON c."Id" = s."CaseId"
LEFT JOIN "Evidence" AS e ON c."Id" = e."CaseId"
ORDER BY c."Id", s."Id"
2026-05-04 09:26:48.898 +03:00 [INF] Executed DbCommand (13ms) [Parameters=[], CommandType='"Text"', CommandTimeout='30']
SELECT c."Id", c."FullDescription", c."NewspaperText", c."ShortDescription", c."Title", s."Id", s."CaseId", s."Description", s."InitialAggression", s."InitialTrust", s."IsGuilty", s."Name", e."Id", e."CaseId", e."FullText", e."ShortText", e."Title"
FROM "Cases" AS c
LEFT JOIN "Suspects" AS s ON c."Id" = s."CaseId"
LEFT JOIN "Evidence" AS e ON c."Id" = e."CaseId"
ORDER BY c."Id", s."Id"
2026-05-04 09:26:48.909 +03:00 [DBG] Context 'AppDbContext' started tracking 'Case' entity. Consider using 'DbContextOptionsBuilder.EnableSensitiveDataLogging' to see key values.
2026-05-04 09:26:48.912 +03:00 [DBG] Context 'AppDbContext' started tracking 'Suspect' entity. Consider using 'DbContextOptionsBuilder.EnableSensitiveDataLogging' to see key values.
2026-05-04 09:26:48.914 +03:00 [DBG] Context 'AppDbContext' started tracking 'Evidence' entity. Consider using 'DbContextOptionsBuilder.EnableSensitiveDataLogging' to see key values.
2026-05-04 09:26:48.916 +03:00 [DBG] Context 'AppDbContext' started tracking 'Evidence' entity. Consider using 'DbContextOptionsBuilder.EnableSensitiveDataLogging' to see key values.
2026-05-04 09:26:48.924 +03:00 [DBG] Context 'AppDbContext' started tracking 'Evidence' entity. Consider using 'DbContextOptionsBuilder.EnableSensitiveDataLogging' to see key values.
2026-05-04 09:26:48.926 +03:00 [DBG] Context 'AppDbContext' started tracking 'Suspect' entity. Consider using 'DbContextOptionsBuilder.EnableSensitiveDataLogging' to see key values.
2026-05-04 09:26:48.928 +03:00 [DBG] Closing data reader to 'DetectiveInterrogation' on server 'tcp://localhost:5432'.
2026-05-04 09:26:48.931 +03:00 [DBG] A data reader for 'DetectiveInterrogation' on server 'tcp://localhost:5432' is being disposed after spending 22ms reading results.
2026-05-04 09:26:48.938 +03:00 [DBG] Closing connection to database 'DetectiveInterrogation' on server 'tcp://localhost:5432'.
2026-05-04 09:26:48.940 +03:00 [DBG] Closed connection to database 'DetectiveInterrogation' on server 'tcp://localhost:5432' (2ms).
2026-05-04 09:26:48.944 +03:00 [DBG] List of registered output formatters, in the following order: ["Microsoft.AspNetCore.Mvc.Formatters.HttpNoContentOutputFormatter","Microsoft.AspNetCore.Mvc.Formatters.StringOutputFormatter","Microsoft.AspNetCore.Mvc.Formatters.StreamOutputFormatter","Microsoft.AspNetCore.Mvc.Formatters.SystemTextJsonOutputFormatter"]
2026-05-04 09:26:48.953 +03:00 [DBG] No information found on request to perform content negotiation.
2026-05-04 09:26:48.954 +03:00 [DBG] Attempting to select an output formatter without using a content type as no explicit content types were specified for the response.
2026-05-04 09:26:48.955 +03:00 [DBG] Attempting to select the first formatter in the output formatters list which can write the result.
2026-05-04 09:26:48.955 +03:00 [DBG] Selected output formatter 'Microsoft.AspNetCore.Mvc.Formatters.SystemTextJsonOutputFormatter' and content type 'application/json' to write the response.
2026-05-04 09:26:48.956 +03:00 [INF] Executing OkObjectResult, writing value of type 'System.Collections.Generic.List`1[[DetectiveInterrogation.Models.Entities.Case, DetectiveInterrogation, Version=1.0.0.0, Culture=neutral, PublicKeyToken=null]]'.
2026-05-04 09:26:48.958 +03:00 [INF] Executed action DetectiveInterrogation.Controllers.CaseController.GetAllCases (DetectiveInterrogation) in 95.6839ms
2026-05-04 09:26:48.960 +03:00 [INF] Executed endpoint 'DetectiveInterrogation.Controllers.CaseController.GetAllCases (DetectiveInterrogation)'
2026-05-04 09:26:48.962 +03:00 [ERR] An unhandled exception occurred
System.Text.Json.JsonException: A possible object cycle was detected. This can either be due to a cycle or if the object depth is larger than the maximum allowed depth of 32. Consider using ReferenceHandler.Preserve on JsonSerializerOptions to support cycles. Path: $.Suspects.Case.Suspects.Case.Suspects.Case.Suspects.Case.Suspects.Case.Suspects.Case.Suspects.Case.Suspects.Case.Suspects.Case.Suspects.Case.Id.
   at System.Text.Json.ThrowHelper.ThrowJsonException_SerializerCycleDetected(Int32 maxDepth)
   at System.Text.Json.Serialization.Metadata.JsonPropertyInfo`1.GetMemberAndWriteJson(Object obj, WriteStack& state, Utf8JsonWriter writer)
   at System.Text.Json.Serialization.Converters.ObjectDefaultConverter`1.OnTryWrite(Utf8JsonWriter writer, T value, JsonSerializerOptions options, WriteStack& state)
   at System.Text.Json.Serialization.JsonConverter`1.TryWrite(Utf8JsonWriter writer, T& value, JsonSerializerOptions options, WriteStack& state)
   at System.Text.Json.Serialization.Metadata.JsonPropertyInfo`1.GetMemberAndWriteJson(Object obj, WriteStack& state, Utf8JsonWriter writer)
   at System.Text.Json.Serialization.Converters.ObjectDefaultConverter`1.OnTryWrite(Utf8JsonWriter writer, T value, JsonSerializerOptions options, WriteStack& state)
   at System.Text.Json.Serialization.JsonConverter`1.TryWrite(Utf8JsonWriter writer, T& value, JsonSerializerOptions options, WriteStack& state)
   at System.Text.Json.Serialization.Converters.IEnumerableDefaultConverter`2.OnWriteResume(Utf8JsonWriter writer, TCollection value, JsonSerializerOptions options, WriteStack& state)
   at System.Text.Json.Serialization.JsonCollectionConverter`2.OnTryWrite(Utf8JsonWriter writer, TCollection value, JsonSerializerOptions options, WriteStack& state)
   at System.Text.Json.Serialization.JsonConverter`1.TryWrite(Utf8JsonWriter writer, T& value, JsonSerializerOptions options, WriteStack& state)
   at System.Text.Json.Serialization.Metadata.JsonPropertyInfo`1.GetMemberAndWriteJson(Object obj, WriteStack& state, Utf8JsonWriter writer)
   at System.Text.Json.Serialization.Converters.ObjectDefaultConverter`1.OnTryWrite(Utf8JsonWriter writer, T value, JsonSerializerOptions options, WriteStack& state)
   at System.Text.Json.Serialization.JsonConverter`1.TryWrite(Utf8JsonWriter writer, T& value, JsonSerializerOptions options, WriteStack& state)
   at System.Text.Json.Serialization.Metadata.JsonPropertyInfo`1.GetMemberAndWriteJson(Object obj, WriteStack& state, Utf8JsonWriter writer)
   at System.Text.Json.Serialization.Converters.ObjectDefaultConverter`1.OnTryWrite(Utf8JsonWriter writer, T value, JsonSerializerOptions options, WriteStack& state)
   at System.Text.Json.Serialization.JsonConverter`1.TryWrite(Utf8JsonWriter writer, T& value, JsonSerializerOptions options, WriteStack& state)
   at System.Text.Json.Serialization.Converters.IEnumerableDefaultConverter`2.OnWriteResume(Utf8JsonWriter writer, TCollection value, JsonSerializerOptions options, WriteStack& state)
   at System.Text.Json.Serialization.JsonCollectionConverter`2.OnTryWrite(Utf8JsonWriter writer, TCollection value, JsonSerializerOptions options, WriteStack& state)
   at System.Text.Json.Serialization.JsonConverter`1.TryWrite(Utf8JsonWriter writer, T& value, JsonSerializerOptions options, WriteStack& state)
   at System.Text.Json.Serialization.Metadata.JsonPropertyInfo`1.GetMemberAndWriteJson(Object obj, WriteStack& state, Utf8JsonWriter writer)
   at System.Text.Json.Serialization.Converters.ObjectDefaultConverter`1.OnTryWrite(Utf8JsonWriter writer, T value, JsonSerializerOptions options, WriteStack& state)
   at System.Text.Json.Serialization.JsonConverter`1.TryWrite(Utf8JsonWriter writer, T& value, JsonSerializerOptions options, WriteStack& state)
   at System.Text.Json.Serialization.Metadata.JsonPropertyInfo`1.GetMemberAndWriteJson(Object obj, WriteStack& state, Utf8JsonWriter writer)
   at System.Text.Json.Serialization.Converters.ObjectDefaultConverter`1.OnTryWrite(Utf8JsonWriter writer, T value, JsonSerializerOptions options, WriteStack& state)
   at System.Text.Json.Serialization.JsonConverter`1.TryWrite(Utf8JsonWriter writer, T& value, JsonSerializerOptions options, WriteStack& state)
   at System.Text.Json.Serialization.Converters.IEnumerableDefaultConverter`2.OnWriteResume(Utf8JsonWriter writer, TCollection value, JsonSerializerOptions options, WriteStack& state)
   at System.Text.Json.Serialization.JsonCollectionConverter`2.OnTryWrite(Utf8JsonWriter writer, TCollection value, JsonSerializerOptions options, WriteStack& state)
   at System.Text.Json.Serialization.JsonConverter`1.TryWrite(Utf8JsonWriter writer, T& value, JsonSerializerOptions options, WriteStack& state)
   at System.Text.Json.Serialization.Metadata.JsonPropertyInfo`1.GetMemberAndWriteJson(Object obj, WriteStack& state, Utf8JsonWriter writer)
   at System.Text.Json.Serialization.Converters.ObjectDefaultConverter`1.OnTryWrite(Utf8JsonWriter writer, T value, JsonSerializerOptions options, WriteStack& state)
   at System.Text.Json.Serialization.JsonConverter`1.TryWrite(Utf8JsonWriter writer, T& value, JsonSerializerOptions options, WriteStack& state)
   at System.Text.Json.Serialization.Metadata.JsonPropertyInfo`1.GetMemberAndWriteJson(Object obj, WriteStack& state, Utf8JsonWriter writer)
   at System.Text.Json.Serialization.Converters.ObjectDefaultConverter`1.OnTryWrite(Utf8JsonWriter writer, T value, JsonSerializerOptions options, WriteStack& state)
   at System.Text.Json.Serialization.JsonConverter`1.TryWrite(Utf8JsonWriter writer, T& value, JsonSerializerOptions options, WriteStack& state)
   at System.Text.Json.Serialization.Converters.IEnumerableDefaultConverter`2.OnWriteResume(Utf8JsonWriter writer, TCollection value, JsonSerializerOptions options, WriteStack& state)
   at System.Text.Json.Serialization.JsonCollectionConverter`2.OnTryWrite(Utf8JsonWriter writer, TCollection value, JsonSerializerOptions options, WriteStack& state)
   at System.Text.Json.Serialization.JsonConverter`1.TryWrite(Utf8JsonWriter writer, T& value, JsonSerializerOptions options, WriteStack& state)
   at System.Text.Json.Serialization.Metadata.JsonPropertyInfo`1.GetMemberAndWriteJson(Object obj, WriteStack& state, Utf8JsonWriter writer)
   at System.Text.Json.Serialization.Converters.ObjectDefaultConverter`1.OnTryWrite(Utf8JsonWriter writer, T value, JsonSerializerOptions options, WriteStack& state)
   at System.Text.Json.Serialization.JsonConverter`1.TryWrite(Utf8JsonWriter writer, T& value, JsonSerializerOptions options, WriteStack& state)
   at System.Text.Json.Serialization.Metadata.JsonPropertyInfo`1.GetMemberAndWriteJson(Object obj, WriteStack& state, Utf8JsonWriter writer)
   at System.Text.Json.Serialization.Converters.ObjectDefaultConverter`1.OnTryWrite(Utf8JsonWriter writer, T value, JsonSerializerOptions options, WriteStack& state)
   at System.Text.Json.Serialization.JsonConverter`1.TryWrite(Utf8JsonWriter writer, T& value, JsonSerializerOptions options, WriteStack& state)
   at System.Text.Json.Serialization.Converters.IEnumerableDefaultConverter`2.OnWriteResume(Utf8JsonWriter writer, TCollection value, JsonSerializerOptions options, WriteStack& state)
   at System.Text.Json.Serialization.JsonCollectionConverter`2.OnTryWrite(Utf8JsonWriter writer, TCollection value, JsonSerializerOptions options, WriteStack& state)
   at System.Text.Json.Serialization.JsonConverter`1.TryWrite(Utf8JsonWriter writer, T& value, JsonSerializerOptions options, WriteStack& state)
   at System.Text.Json.Serialization.Metadata.JsonPropertyInfo`1.GetMemberAndWriteJson(Object obj, WriteStack& state, Utf8JsonWriter writer)
   at System.Text.Json.Serialization.Converters.ObjectDefaultConverter`1.OnTryWrite(Utf8JsonWriter writer, T value, JsonSerializerOptions options, WriteStack& state)
   at System.Text.Json.Serialization.JsonConverter`1.TryWrite(Utf8JsonWriter writer, T& value, JsonSerializerOptions options, WriteStack& state)
   at System.Text.Json.Serialization.Metadata.JsonPropertyInfo`1.GetMemberAndWriteJson(Object obj, WriteStack& state, Utf8JsonWriter writer)
   at System.Text.Json.Serialization.Converters.ObjectDefaultConverter`1.OnTryWrite(Utf8JsonWriter writer, T value, JsonSerializerOptions options, WriteStack& state)
   at System.Text.Json.Serialization.JsonConverter`1.TryWrite(Utf8JsonWriter writer, T& value, JsonSerializerOptions options, WriteStack& state)
   at System.Text.Json.Serialization.Converters.IEnumerableDefaultConverter`2.OnWriteResume(Utf8JsonWriter writer, TCollection value, JsonSerializerOptions options, WriteStack& state)
   at System.Text.Json.Serialization.JsonCollectionConverter`2.OnTryWrite(Utf8JsonWriter writer, TCollection value, JsonSerializerOptions options, WriteStack& state)
   at System.Text.Json.Serialization.JsonConverter`1.TryWrite(Utf8JsonWriter writer, T& value, JsonSerializerOptions options, WriteStack& state)
   at System.Text.Json.Serialization.Metadata.JsonPropertyInfo`1.GetMemberAndWriteJson(Object obj, WriteStack& state, Utf8JsonWriter writer)
   at System.Text.Json.Serialization.Converters.ObjectDefaultConverter`1.OnTryWrite(Utf8JsonWriter writer, T value, JsonSerializerOptions options, WriteStack& state)
   at System.Text.Json.Serialization.JsonConverter`1.TryWrite(Utf8JsonWriter writer, T& value, JsonSerializerOptions options, WriteStack& state)
   at System.Text.Json.Serialization.Metadata.JsonPropertyInfo`1.GetMemberAndWriteJson(Object obj, WriteStack& state, Utf8JsonWriter writer)
   at System.Text.Json.Serialization.Converters.ObjectDefaultConverter`1.OnTryWrite(Utf8JsonWriter writer, T value, JsonSerializerOptions options, WriteStack& state)
   at System.Text.Json.Serialization.JsonConverter`1.TryWrite(Utf8JsonWriter writer, T& value, JsonSerializerOptions options, WriteStack& state)
   at System.Text.Json.Serialization.Converters.IEnumerableDefaultConverter`2.OnWriteResume(Utf8JsonWriter writer, TCollection value, JsonSerializerOptions options, WriteStack& state)
   at System.Text.Json.Serialization.JsonCollectionConverter`2.OnTryWrite(Utf8JsonWriter writer, TCollection value, JsonSerializerOptions options, WriteStack& state)
   at System.Text.Json.Serialization.JsonConverter`1.TryWrite(Utf8JsonWriter writer, T& value, JsonSerializerOptions options, WriteStack& state)
   at System.Text.Json.Serialization.Metadata.JsonPropertyInfo`1.GetMemberAndWriteJson(Object obj, WriteStack& state, Utf8JsonWriter writer)
   at System.Text.Json.Serialization.Converters.ObjectDefaultConverter`1.OnTryWrite(Utf8JsonWriter writer, T value, JsonSerializerOptions options, WriteStack& state)
   at System.Text.Json.Serialization.JsonConverter`1.TryWrite(Utf8JsonWriter writer, T& value, JsonSerializerOptions options, WriteStack& state)
   at System.Text.Json.Serialization.Metadata.JsonPropertyInfo`1.GetMemberAndWriteJson(Object obj, WriteStack& state, Utf8JsonWriter writer)
   at System.Text.Json.Serialization.Converters.ObjectDefaultConverter`1.OnTryWrite(Utf8JsonWriter writer, T value, JsonSerializerOptions options, WriteStack& state)
   at System.Text.Json.Serialization.JsonConverter`1.TryWrite(Utf8JsonWriter writer, T& value, JsonSerializerOptions options, WriteStack& state)
   at System.Text.Json.Serialization.Converters.IEnumerableDefaultConverter`2.OnWriteResume(Utf8JsonWriter writer, TCollection value, JsonSerializerOptions options, WriteStack& state)
   at System.Text.Json.Serialization.JsonCollectionConverter`2.OnTryWrite(Utf8JsonWriter writer, TCollection value, JsonSerializerOptions options, WriteStack& state)
   at System.Text.Json.Serialization.JsonConverter`1.TryWrite(Utf8JsonWriter writer, T& value, JsonSerializerOptions options, WriteStack& state)
   at System.Text.Json.Serialization.Metadata.JsonPropertyInfo`1.GetMemberAndWriteJson(Object obj, WriteStack& state, Utf8JsonWriter writer)
   at System.Text.Json.Serialization.Converters.ObjectDefaultConverter`1.OnTryWrite(Utf8JsonWriter writer, T value, JsonSerializerOptions options, WriteStack& state)
   at System.Text.Json.Serialization.JsonConverter`1.TryWrite(Utf8JsonWriter writer, T& value, JsonSerializerOptions options, WriteStack& state)
   at System.Text.Json.Serialization.Metadata.JsonPropertyInfo`1.GetMemberAndWriteJson(Object obj, WriteStack& state, Utf8JsonWriter writer)
   at System.Text.Json.Serialization.Converters.ObjectDefaultConverter`1.OnTryWrite(Utf8JsonWriter writer, T value, JsonSerializerOptions options, WriteStack& state)
   at System.Text.Json.Serialization.JsonConverter`1.TryWrite(Utf8JsonWriter writer, T& value, JsonSerializerOptions options, WriteStack& state)
   at System.Text.Json.Serialization.Converters.IEnumerableDefaultConverter`2.OnWriteResume(Utf8JsonWriter writer, TCollection value, JsonSerializerOptions options, WriteStack& state)
   at System.Text.Json.Serialization.JsonCollectionConverter`2.OnTryWrite(Utf8JsonWriter writer, TCollection value, JsonSerializerOptions options, WriteStack& state)
   at System.Text.Json.Serialization.JsonConverter`1.TryWrite(Utf8JsonWriter writer, T& value, JsonSerializerOptions options, WriteStack& state)
   at System.Text.Json.Serialization.Metadata.JsonPropertyInfo`1.GetMemberAndWriteJson(Object obj, WriteStack& state, Utf8JsonWriter writer)
   at System.Text.Json.Serialization.Converters.ObjectDefaultConverter`1.OnTryWrite(Utf8JsonWriter writer, T value, JsonSerializerOptions options, WriteStack& state)
   at System.Text.Json.Serialization.JsonConverter`1.TryWrite(Utf8JsonWriter writer, T& value, JsonSerializerOptions options, WriteStack& state)
   at System.Text.Json.Serialization.Metadata.JsonPropertyInfo`1.GetMemberAndWriteJson(Object obj, WriteStack& state, Utf8JsonWriter writer)
   at System.Text.Json.Serialization.Converters.ObjectDefaultConverter`1.OnTryWrite(Utf8JsonWriter writer, T value, JsonSerializerOptions options, WriteStack& state)
   at System.Text.Json.Serialization.JsonConverter`1.TryWrite(Utf8JsonWriter writer, T& value, JsonSerializerOptions options, WriteStack& state)
   at System.Text.Json.Serialization.Converters.IEnumerableDefaultConverter`2.OnWriteResume(Utf8JsonWriter writer, TCollection value, JsonSerializerOptions options, WriteStack& state)
   at System.Text.Json.Serialization.JsonCollectionConverter`2.OnTryWrite(Utf8JsonWriter writer, TCollection value, JsonSerializerOptions options, WriteStack& state)
   at System.Text.Json.Serialization.JsonConverter`1.TryWrite(Utf8JsonWriter writer, T& value, JsonSerializerOptions options, WriteStack& state)
   at System.Text.Json.Serialization.Metadata.JsonPropertyInfo`1.GetMemberAndWriteJson(Object obj, WriteStack& state, Utf8JsonWriter writer)
   at System.Text.Json.Serialization.Converters.ObjectDefaultConverter`1.OnTryWrite(Utf8JsonWriter writer, T value, JsonSerializerOptions options, WriteStack& state)
   at System.Text.Json.Serialization.JsonConverter`1.TryWrite(Utf8JsonWriter writer, T& value, JsonSerializerOptions options, WriteStack& state)
   at System.Text.Json.Serialization.Converters.ListOfTConverter`2.OnWriteResume(Utf8JsonWriter writer, TCollection value, JsonSerializerOptions options, WriteStack& state)
   at System.Text.Json.Serialization.JsonCollectionConverter`2.OnTryWrite(Utf8JsonWriter writer, TCollection value, JsonSerializerOptions options, WriteStack& state)
   at System.Text.Json.Serialization.JsonConverter`1.TryWrite(Utf8JsonWriter writer, T& value, JsonSerializerOptions options, WriteStack& state)
   at System.Text.Json.Serialization.JsonConverter`1.WriteCore(Utf8JsonWriter writer, T& value, JsonSerializerOptions options, WriteStack& state)
   at System.Text.Json.Serialization.Metadata.JsonTypeInfo`1.SerializeAsync(Stream utf8Json, T rootValue, CancellationToken cancellationToken, Object rootValueBoxed)
   at System.Text.Json.Serialization.Metadata.JsonTypeInfo`1.SerializeAsync(Stream utf8Json, T rootValue, CancellationToken cancellationToken, Object rootValueBoxed)
   at System.Text.Json.Serialization.Metadata.JsonTypeInfo`1.SerializeAsync(Stream utf8Json, T rootValue, CancellationToken cancellationToken, Object rootValueBoxed)
   at Microsoft.AspNetCore.Mvc.Formatters.SystemTextJsonOutputFormatter.WriteResponseBodyAsync(OutputFormatterWriteContext context, Encoding selectedEncoding)
   at Microsoft.AspNetCore.Mvc.Infrastructure.ResourceInvoker.<InvokeNextResultFilterAsync>g__Awaited|30_0[TFilter,TFilterAsync](ResourceInvoker invoker, Task lastTask, State next, Scope scope, Object state, Boolean isCompleted)
   at Microsoft.AspNetCore.Mvc.Infrastructure.ResourceInvoker.Rethrow(ResultExecutedContextSealed context)
   at Microsoft.AspNetCore.Mvc.Infrastructure.ResourceInvoker.ResultNext[TFilter,TFilterAsync](State& next, Scope& scope, Object& state, Boolean& isCompleted)
   at Microsoft.AspNetCore.Mvc.Infrastructure.ResourceInvoker.InvokeResultFilters()
--- End of stack trace from previous location ---
   at Microsoft.AspNetCore.Mvc.Infrastructure.ResourceInvoker.<InvokeNextResourceFilter>g__Awaited|25_0(ResourceInvoker invoker, Task lastTask, State next, Scope scope, Object state, Boolean isCompleted)
   at Microsoft.AspNetCore.Mvc.Infrastructure.ResourceInvoker.Rethrow(ResourceExecutedContextSealed context)
   at Microsoft.AspNetCore.Mvc.Infrastructure.ResourceInvoker.Next(State& next, Scope& scope, Object& state, Boolean& isCompleted)
   at Microsoft.AspNetCore.Mvc.Infrastructure.ResourceInvoker.<InvokeFilterPipelineAsync>g__Awaited|20_0(ResourceInvoker invoker, Task lastTask, State next, Scope scope, Object state, Boolean isCompleted)
   at Microsoft.AspNetCore.Mvc.Infrastructure.ResourceInvoker.<InvokeAsync>g__Logged|17_1(ResourceInvoker invoker)
   at Microsoft.AspNetCore.Mvc.Infrastructure.ResourceInvoker.<InvokeAsync>g__Logged|17_1(ResourceInvoker invoker)
   at Microsoft.AspNetCore.Routing.EndpointMiddleware.<Invoke>g__AwaitRequestTask|7_0(Endpoint endpoint, Task requestTask, ILogger logger)
   at Microsoft.AspNetCore.Authorization.AuthorizationMiddleware.Invoke(HttpContext context)
   at Microsoft.AspNetCore.Authentication.AuthenticationMiddleware.Invoke(HttpContext context)
   at DetectiveInterrogation.Middleware.RequestLoggingMiddleware.InvokeAsync(HttpContext context) in C:\Users\vikto\OneDrive\Desktop\sem\DetectiveInterrogation\Middleware\RequestLoggingMiddleware.cs:line 25
   at DetectiveInterrogation.Middleware.ExceptionHandlingMiddleware.InvokeAsync(HttpContext context) in C:\Users\vikto\OneDrive\Desktop\sem\DetectiveInterrogation\Middleware\ExceptionHandlingMiddleware.cs:line 22
2026-05-04 09:26:49.001 +03:00 [DBG] Connection id "0HNL9KFNH0QVQ" completed keep alive response.
2026-05-04 09:26:49.002 +03:00 [DBG] 'AppDbContext' disposed.
2026-05-04 09:26:49.004 +03:00 [DBG] Disposing connection to database 'DetectiveInterrogation' on server 'tcp://localhost:5432'.
2026-05-04 09:26:49.005 +03:00 [DBG] Disposed connection to database 'DetectiveInterrogation' on server 'tcp://localhost:5432' (1ms).
2026-05-04 09:26:49.006 +03:00 [INF] Request finished HTTP/1.1 GET http://localhost:5000/api/Case - 500 null application/json; charset=utf-8 169.5144ms
2026-05-04 09:26:51.852 +03:00 [INF] Request starting HTTP/1.1 GET http://localhost:5000/desk - null null
2026-05-04 09:26:51.864 +03:00 [DBG] The request is insecure. Skipping HSTS header.
2026-05-04 09:26:51.865 +03:00 [INF] Request started: GET /desk
2026-05-04 09:26:51.867 +03:00 [DBG] The request path /desk does not match a supported file type
2026-05-04 09:26:51.868 +03:00 [DBG] 1 candidate(s) found for the request path '/desk'
2026-05-04 09:26:51.869 +03:00 [DBG] Endpoint 'DetectiveInterrogation.Controllers.PageController.Desk (DetectiveInterrogation)' with route pattern 'desk' is valid for the request path '/desk'
2026-05-04 09:26:51.874 +03:00 [DBG] Request matched endpoint 'DetectiveInterrogation.Controllers.PageController.Desk (DetectiveInterrogation)'
2026-05-04 09:26:51.876 +03:00 [DBG] AuthenticationScheme: Bearer was not authenticated.
2026-05-04 09:26:51.878 +03:00 [INF] Executing endpoint 'DetectiveInterrogation.Controllers.PageController.Desk (DetectiveInterrogation)'
2026-05-04 09:26:51.880 +03:00 [INF] Route matched with {action = "Desk", controller = "Page"}. Executing controller action with signature Microsoft.AspNetCore.Mvc.IActionResult Desk() on controller DetectiveInterrogation.Controllers.PageController (DetectiveInterrogation).
2026-05-04 09:26:51.883 +03:00 [DBG] Execution plan of authorization filters (in the following order): ["None"]
2026-05-04 09:26:51.885 +03:00 [DBG] Execution plan of resource filters (in the following order): ["Microsoft.AspNetCore.Mvc.ViewFeatures.Filters.SaveTempDataFilter"]
2026-05-04 09:26:51.888 +03:00 [DBG] Execution plan of action filters (in the following order): ["Microsoft.AspNetCore.Mvc.Filters.ControllerActionFilter (Order: -2147483648)","Microsoft.AspNetCore.Mvc.ModelBinding.UnsupportedContentTypeFilter (Order: -3000)"]
2026-05-04 09:26:51.892 +03:00 [DBG] Execution plan of exception filters (in the following order): ["None"]
2026-05-04 09:26:51.894 +03:00 [DBG] Execution plan of result filters (in the following order): ["Microsoft.AspNetCore.Mvc.ViewFeatures.Filters.SaveTempDataFilter"]
2026-05-04 09:26:51.897 +03:00 [DBG] Executing controller factory for controller DetectiveInterrogation.Controllers.PageController (DetectiveInterrogation)
2026-05-04 09:26:51.899 +03:00 [DBG] Executed controller factory for controller DetectiveInterrogation.Controllers.PageController (DetectiveInterrogation)
2026-05-04 09:26:51.902 +03:00 [INF] Executing ViewResult, running view ~/Views/Case/Index.cshtml.
2026-05-04 09:26:51.908 +03:00 [DBG] The view path '/Views/Case/Index.cshtml' was found in 6.4288ms.
2026-05-04 09:26:51.911 +03:00 [DBG] View lookup cache hit for view '_Layout' in controller 'Page'.
2026-05-04 09:26:51.914 +03:00 [INF] Executed ViewResult - view ~/Views/Case/Index.cshtml executed in 11.8378ms.
2026-05-04 09:26:51.924 +03:00 [INF] Executed action DetectiveInterrogation.Controllers.PageController.Desk (DetectiveInterrogation) in 26.8373ms
2026-05-04 09:26:51.927 +03:00 [INF] Executed endpoint 'DetectiveInterrogation.Controllers.PageController.Desk (DetectiveInterrogation)'
2026-05-04 09:26:51.930 +03:00 [INF] Request completed: GET /desk - Status: 200 - Duration: 64.9763ms
2026-05-04 09:26:51.940 +03:00 [DBG] Connection id "0HNL9KFNH0QVQ" completed keep alive response.
2026-05-04 09:26:51.942 +03:00 [INF] Request finished HTTP/1.1 GET http://localhost:5000/desk - 200 null text/html; charset=utf-8 90.0728ms
2026-05-04 09:26:51.948 +03:00 [INF] Request starting HTTP/1.1 GET http://localhost:5000/api/Case - application/json null
2026-05-04 09:26:51.954 +03:00 [DBG] The request is insecure. Skipping HSTS header.
2026-05-04 09:26:51.955 +03:00 [INF] Request started: GET /api/Case
2026-05-04 09:26:51.956 +03:00 [DBG] The request path /api/Case does not match a supported file type
2026-05-04 09:26:51.957 +03:00 [DBG] 1 candidate(s) found for the request path '/api/Case'
2026-05-04 09:26:51.959 +03:00 [DBG] Endpoint 'DetectiveInterrogation.Controllers.CaseController.GetAllCases (DetectiveInterrogation)' with route pattern 'api/Case' is valid for the request path '/api/Case'
2026-05-04 09:26:51.962 +03:00 [DBG] Request matched endpoint 'DetectiveInterrogation.Controllers.CaseController.GetAllCases (DetectiveInterrogation)'
2026-05-04 09:26:51.964 +03:00 [DBG] Successfully validated the token.
2026-05-04 09:26:51.966 +03:00 [DBG] AuthenticationScheme: Bearer was successfully authenticated.
2026-05-04 09:26:51.971 +03:00 [DBG] Authorization was successful.
2026-05-04 09:26:51.972 +03:00 [INF] Executing endpoint 'DetectiveInterrogation.Controllers.CaseController.GetAllCases (DetectiveInterrogation)'
2026-05-04 09:26:51.975 +03:00 [INF] Route matched with {action = "GetAllCases", controller = "Case"}. Executing controller action with signature System.Threading.Tasks.Task`1[Microsoft.AspNetCore.Mvc.IActionResult] GetAllCases() on controller DetectiveInterrogation.Controllers.CaseController (DetectiveInterrogation).
2026-05-04 09:26:51.978 +03:00 [DBG] Execution plan of authorization filters (in the following order): ["None"]
2026-05-04 09:26:51.980 +03:00 [DBG] Execution plan of resource filters (in the following order): ["Microsoft.AspNetCore.Mvc.ViewFeatures.Filters.SaveTempDataFilter"]
2026-05-04 09:26:51.986 +03:00 [DBG] Execution plan of action filters (in the following order): ["Microsoft.AspNetCore.Mvc.ModelBinding.UnsupportedContentTypeFilter (Order: -3000)","Microsoft.AspNetCore.Mvc.Infrastructure.ModelStateInvalidFilter (Order: -2000)"]
2026-05-04 09:26:51.989 +03:00 [DBG] Execution plan of exception filters (in the following order): ["None"]
2026-05-04 09:26:51.991 +03:00 [DBG] Execution plan of result filters (in the following order): ["Microsoft.AspNetCore.Mvc.ViewFeatures.Filters.SaveTempDataFilter","Microsoft.AspNetCore.Mvc.Infrastructure.ClientErrorResultFilter (Order: -2000)"]
2026-05-04 09:26:51.995 +03:00 [DBG] Executing controller factory for controller DetectiveInterrogation.Controllers.CaseController (DetectiveInterrogation)
2026-05-04 09:26:51.998 +03:00 [DBG] Executed controller factory for controller DetectiveInterrogation.Controllers.CaseController (DetectiveInterrogation)
2026-05-04 09:26:52.004 +03:00 [DBG] Entity Framework Core 8.0.4 initialized 'AppDbContext' using provider 'Npgsql.EntityFrameworkCore.PostgreSQL:8.0.4+51faf6e9c9c7ef99c3e98d98a96adb8fa8ae4553' with options: None
2026-05-04 09:26:52.008 +03:00 [DBG] Creating DbConnection.
2026-05-04 09:26:52.009 +03:00 [DBG] Created DbConnection. (1ms).
2026-05-04 09:26:52.011 +03:00 [DBG] Opening connection to database 'DetectiveInterrogation' on server 'tcp://localhost:5432'.
2026-05-04 09:26:52.013 +03:00 [DBG] Opened connection to database 'DetectiveInterrogation' on server 'tcp://localhost:5432'.
2026-05-04 09:26:52.019 +03:00 [DBG] Creating DbCommand for 'ExecuteReader'.
2026-05-04 09:26:52.021 +03:00 [DBG] Created DbCommand for 'ExecuteReader' (2ms).
2026-05-04 09:26:52.023 +03:00 [DBG] Initialized DbCommand for 'ExecuteReader' (4ms).
2026-05-04 09:26:52.026 +03:00 [DBG] Executing DbCommand [Parameters=[], CommandType='"Text"', CommandTimeout='30']
SELECT c."Id", c."FullDescription", c."NewspaperText", c."ShortDescription", c."Title", s."Id", s."CaseId", s."Description", s."InitialAggression", s."InitialTrust", s."IsGuilty", s."Name", e."Id", e."CaseId", e."FullText", e."ShortText", e."Title"
FROM "Cases" AS c
LEFT JOIN "Suspects" AS s ON c."Id" = s."CaseId"
LEFT JOIN "Evidence" AS e ON c."Id" = e."CaseId"
ORDER BY c."Id", s."Id"
2026-05-04 09:26:52.045 +03:00 [INF] Executed DbCommand (19ms) [Parameters=[], CommandType='"Text"', CommandTimeout='30']
SELECT c."Id", c."FullDescription", c."NewspaperText", c."ShortDescription", c."Title", s."Id", s."CaseId", s."Description", s."InitialAggression", s."InitialTrust", s."IsGuilty", s."Name", e."Id", e."CaseId", e."FullText", e."ShortText", e."Title"
FROM "Cases" AS c
LEFT JOIN "Suspects" AS s ON c."Id" = s."CaseId"
LEFT JOIN "Evidence" AS e ON c."Id" = e."CaseId"
ORDER BY c."Id", s."Id"
2026-05-04 09:26:52.053 +03:00 [DBG] Context 'AppDbContext' started tracking 'Case' entity. Consider using 'DbContextOptionsBuilder.EnableSensitiveDataLogging' to see key values.
2026-05-04 09:26:52.054 +03:00 [DBG] Context 'AppDbContext' started tracking 'Suspect' entity. Consider using 'DbContextOptionsBuilder.EnableSensitiveDataLogging' to see key values.
2026-05-04 09:26:52.055 +03:00 [DBG] Context 'AppDbContext' started tracking 'Evidence' entity. Consider using 'DbContextOptionsBuilder.EnableSensitiveDataLogging' to see key values.
2026-05-04 09:26:52.057 +03:00 [DBG] Context 'AppDbContext' started tracking 'Evidence' entity. Consider using 'DbContextOptionsBuilder.EnableSensitiveDataLogging' to see key values.
2026-05-04 09:26:52.059 +03:00 [DBG] Context 'AppDbContext' started tracking 'Evidence' entity. Consider using 'DbContextOptionsBuilder.EnableSensitiveDataLogging' to see key values.
2026-05-04 09:26:52.061 +03:00 [DBG] Context 'AppDbContext' started tracking 'Suspect' entity. Consider using 'DbContextOptionsBuilder.EnableSensitiveDataLogging' to see key values.
2026-05-04 09:26:52.068 +03:00 [DBG] Closing data reader to 'DetectiveInterrogation' on server 'tcp://localhost:5432'.
2026-05-04 09:26:52.071 +03:00 [DBG] A data reader for 'DetectiveInterrogation' on server 'tcp://localhost:5432' is being disposed after spending 18ms reading results.
2026-05-04 09:26:52.073 +03:00 [DBG] Closing connection to database 'DetectiveInterrogation' on server 'tcp://localhost:5432'.
2026-05-04 09:26:52.076 +03:00 [DBG] Closed connection to database 'DetectiveInterrogation' on server 'tcp://localhost:5432' (2ms).
2026-05-04 09:26:52.084 +03:00 [DBG] List of registered output formatters, in the following order: ["Microsoft.AspNetCore.Mvc.Formatters.HttpNoContentOutputFormatter","Microsoft.AspNetCore.Mvc.Formatters.StringOutputFormatter","Microsoft.AspNetCore.Mvc.Formatters.StreamOutputFormatter","Microsoft.AspNetCore.Mvc.Formatters.SystemTextJsonOutputFormatter"]
2026-05-04 09:26:52.086 +03:00 [DBG] No information found on request to perform content negotiation.
2026-05-04 09:26:52.087 +03:00 [DBG] Attempting to select an output formatter without using a content type as no explicit content types were specified for the response.
2026-05-04 09:26:52.089 +03:00 [DBG] Attempting to select the first formatter in the output formatters list which can write the result.
2026-05-04 09:26:52.090 +03:00 [DBG] Selected output formatter 'Microsoft.AspNetCore.Mvc.Formatters.SystemTextJsonOutputFormatter' and content type 'application/json' to write the response.
2026-05-04 09:26:52.092 +03:00 [INF] Executing OkObjectResult, writing value of type 'System.Collections.Generic.List`1[[DetectiveInterrogation.Models.Entities.Case, DetectiveInterrogation, Version=1.0.0.0, Culture=neutral, PublicKeyToken=null]]'.
2026-05-04 09:26:52.098 +03:00 [INF] Executed action DetectiveInterrogation.Controllers.CaseController.GetAllCases (DetectiveInterrogation) in 102.9042ms
2026-05-04 09:26:52.100 +03:00 [INF] Executed endpoint 'DetectiveInterrogation.Controllers.CaseController.GetAllCases (DetectiveInterrogation)'
2026-05-04 09:26:52.102 +03:00 [ERR] An unhandled exception occurred
System.Text.Json.JsonException: A possible object cycle was detected. This can either be due to a cycle or if the object depth is larger than the maximum allowed depth of 32. Consider using ReferenceHandler.Preserve on JsonSerializerOptions to support cycles. Path: $.Suspects.Case.Suspects.Case.Suspects.Case.Suspects.Case.Suspects.Case.Suspects.Case.Suspects.Case.Suspects.Case.Suspects.Case.Suspects.Case.Id.
   at System.Text.Json.ThrowHelper.ThrowJsonException_SerializerCycleDetected(Int32 maxDepth)
   at System.Text.Json.Serialization.Metadata.JsonPropertyInfo`1.GetMemberAndWriteJson(Object obj, WriteStack& state, Utf8JsonWriter writer)
   at System.Text.Json.Serialization.Converters.ObjectDefaultConverter`1.OnTryWrite(Utf8JsonWriter writer, T value, JsonSerializerOptions options, WriteStack& state)
   at System.Text.Json.Serialization.JsonConverter`1.TryWrite(Utf8JsonWriter writer, T& value, JsonSerializerOptions options, WriteStack& state)
   at System.Text.Json.Serialization.Metadata.JsonPropertyInfo`1.GetMemberAndWriteJson(Object obj, WriteStack& state, Utf8JsonWriter writer)
   at System.Text.Json.Serialization.Converters.ObjectDefaultConverter`1.OnTryWrite(Utf8JsonWriter writer, T value, JsonSerializerOptions options, WriteStack& state)
   at System.Text.Json.Serialization.JsonConverter`1.TryWrite(Utf8JsonWriter writer, T& value, JsonSerializerOptions options, WriteStack& state)
   at System.Text.Json.Serialization.Converters.IEnumerableDefaultConverter`2.OnWriteResume(Utf8JsonWriter writer, TCollection value, JsonSerializerOptions options, WriteStack& state)
   at System.Text.Json.Serialization.JsonCollectionConverter`2.OnTryWrite(Utf8JsonWriter writer, TCollection value, JsonSerializerOptions options, WriteStack& state)
   at System.Text.Json.Serialization.JsonConverter`1.TryWrite(Utf8JsonWriter writer, T& value, JsonSerializerOptions options, WriteStack& state)
   at System.Text.Json.Serialization.Metadata.JsonPropertyInfo`1.GetMemberAndWriteJson(Object obj, WriteStack& state, Utf8JsonWriter writer)
   at System.Text.Json.Serialization.Converters.ObjectDefaultConverter`1.OnTryWrite(Utf8JsonWriter writer, T value, JsonSerializerOptions options, WriteStack& state)
   at System.Text.Json.Serialization.JsonConverter`1.TryWrite(Utf8JsonWriter writer, T& value, JsonSerializerOptions options, WriteStack& state)
   at System.Text.Json.Serialization.Metadata.JsonPropertyInfo`1.GetMemberAndWriteJson(Object obj, WriteStack& state, Utf8JsonWriter writer)
   at System.Text.Json.Serialization.Converters.ObjectDefaultConverter`1.OnTryWrite(Utf8JsonWriter writer, T value, JsonSerializerOptions options, WriteStack& state)
   at System.Text.Json.Serialization.JsonConverter`1.TryWrite(Utf8JsonWriter writer, T& value, JsonSerializerOptions options, WriteStack& state)
   at System.Text.Json.Serialization.Converters.IEnumerableDefaultConverter`2.OnWriteResume(Utf8JsonWriter writer, TCollection value, JsonSerializerOptions options, WriteStack& state)
   at System.Text.Json.Serialization.JsonCollectionConverter`2.OnTryWrite(Utf8JsonWriter writer, TCollection value, JsonSerializerOptions options, WriteStack& state)
   at System.Text.Json.Serialization.JsonConverter`1.TryWrite(Utf8JsonWriter writer, T& value, JsonSerializerOptions options, WriteStack& state)
   at System.Text.Json.Serialization.Metadata.JsonPropertyInfo`1.GetMemberAndWriteJson(Object obj, WriteStack& state, Utf8JsonWriter writer)
   at System.Text.Json.Serialization.Converters.ObjectDefaultConverter`1.OnTryWrite(Utf8JsonWriter writer, T value, JsonSerializerOptions options, WriteStack& state)
   at System.Text.Json.Serialization.JsonConverter`1.TryWrite(Utf8JsonWriter writer, T& value, JsonSerializerOptions options, WriteStack& state)
   at System.Text.Json.Serialization.Metadata.JsonPropertyInfo`1.GetMemberAndWriteJson(Object obj, WriteStack& state, Utf8JsonWriter writer)
   at System.Text.Json.Serialization.Converters.ObjectDefaultConverter`1.OnTryWrite(Utf8JsonWriter writer, T value, JsonSerializerOptions options, WriteStack& state)
   at System.Text.Json.Serialization.JsonConverter`1.TryWrite(Utf8JsonWriter writer, T& value, JsonSerializerOptions options, WriteStack& state)
   at System.Text.Json.Serialization.Converters.IEnumerableDefaultConverter`2.OnWriteResume(Utf8JsonWriter writer, TCollection value, JsonSerializerOptions options, WriteStack& state)
   at System.Text.Json.Serialization.JsonCollectionConverter`2.OnTryWrite(Utf8JsonWriter writer, TCollection value, JsonSerializerOptions options, WriteStack& state)
   at System.Text.Json.Serialization.JsonConverter`1.TryWrite(Utf8JsonWriter writer, T& value, JsonSerializerOptions options, WriteStack& state)
   at System.Text.Json.Serialization.Metadata.JsonPropertyInfo`1.GetMemberAndWriteJson(Object obj, WriteStack& state, Utf8JsonWriter writer)
   at System.Text.Json.Serialization.Converters.ObjectDefaultConverter`1.OnTryWrite(Utf8JsonWriter writer, T value, JsonSerializerOptions options, WriteStack& state)
   at System.Text.Json.Serialization.JsonConverter`1.TryWrite(Utf8JsonWriter writer, T& value, JsonSerializerOptions options, WriteStack& state)
   at System.Text.Json.Serialization.Metadata.JsonPropertyInfo`1.GetMemberAndWriteJson(Object obj, WriteStack& state, Utf8JsonWriter writer)
   at System.Text.Json.Serialization.Converters.ObjectDefaultConverter`1.OnTryWrite(Utf8JsonWriter writer, T value, JsonSerializerOptions options, WriteStack& state)
   at System.Text.Json.Serialization.JsonConverter`1.TryWrite(Utf8JsonWriter writer, T& value, JsonSerializerOptions options, WriteStack& state)
   at System.Text.Json.Serialization.Converters.IEnumerableDefaultConverter`2.OnWriteResume(Utf8JsonWriter writer, TCollection value, JsonSerializerOptions options, WriteStack& state)
   at System.Text.Json.Serialization.JsonCollectionConverter`2.OnTryWrite(Utf8JsonWriter writer, TCollection value, JsonSerializerOptions options, WriteStack& state)
   at System.Text.Json.Serialization.JsonConverter`1.TryWrite(Utf8JsonWriter writer, T& value, JsonSerializerOptions options, WriteStack& state)
   at System.Text.Json.Serialization.Metadata.JsonPropertyInfo`1.GetMemberAndWriteJson(Object obj, WriteStack& state, Utf8JsonWriter writer)
   at System.Text.Json.Serialization.Converters.ObjectDefaultConverter`1.OnTryWrite(Utf8JsonWriter writer, T value, JsonSerializerOptions options, WriteStack& state)
   at System.Text.Json.Serialization.JsonConverter`1.TryWrite(Utf8JsonWriter writer, T& value, JsonSerializerOptions options, WriteStack& state)
   at System.Text.Json.Serialization.Metadata.JsonPropertyInfo`1.GetMemberAndWriteJson(Object obj, WriteStack& state, Utf8JsonWriter writer)
   at System.Text.Json.Serialization.Converters.ObjectDefaultConverter`1.OnTryWrite(Utf8JsonWriter writer, T value, JsonSerializerOptions options, WriteStack& state)
   at System.Text.Json.Serialization.JsonConverter`1.TryWrite(Utf8JsonWriter writer, T& value, JsonSerializerOptions options, WriteStack& state)
   at System.Text.Json.Serialization.Converters.IEnumerableDefaultConverter`2.OnWriteResume(Utf8JsonWriter writer, TCollection value, JsonSerializerOptions options, WriteStack& state)
   at System.Text.Json.Serialization.JsonCollectionConverter`2.OnTryWrite(Utf8JsonWriter writer, TCollection value, JsonSerializerOptions options, WriteStack& state)
   at System.Text.Json.Serialization.JsonConverter`1.TryWrite(Utf8JsonWriter writer, T& value, JsonSerializerOptions options, WriteStack& state)
   at System.Text.Json.Serialization.Metadata.JsonPropertyInfo`1.GetMemberAndWriteJson(Object obj, WriteStack& state, Utf8JsonWriter writer)
   at System.Text.Json.Serialization.Converters.ObjectDefaultConverter`1.OnTryWrite(Utf8JsonWriter writer, T value, JsonSerializerOptions options, WriteStack& state)
   at System.Text.Json.Serialization.JsonConverter`1.TryWrite(Utf8JsonWriter writer, T& value, JsonSerializerOptions options, WriteStack& state)
   at System.Text.Json.Serialization.Metadata.JsonPropertyInfo`1.GetMemberAndWriteJson(Object obj, WriteStack& state, Utf8JsonWriter writer)
   at System.Text.Json.Serialization.Converters.ObjectDefaultConverter`1.OnTryWrite(Utf8JsonWriter writer, T value, JsonSerializerOptions options, WriteStack& state)
   at System.Text.Json.Serialization.JsonConverter`1.TryWrite(Utf8JsonWriter writer, T& value, JsonSerializerOptions options, WriteStack& state)
   at System.Text.Json.Serialization.Converters.IEnumerableDefaultConverter`2.OnWriteResume(Utf8JsonWriter writer, TCollection value, JsonSerializerOptions options, WriteStack& state)
   at System.Text.Json.Serialization.JsonCollectionConverter`2.OnTryWrite(Utf8JsonWriter writer, TCollection value, JsonSerializerOptions options, WriteStack& state)
   at System.Text.Json.Serialization.JsonConverter`1.TryWrite(Utf8JsonWriter writer, T& value, JsonSerializerOptions options, WriteStack& state)
   at System.Text.Json.Serialization.Metadata.JsonPropertyInfo`1.GetMemberAndWriteJson(Object obj, WriteStack& state, Utf8JsonWriter writer)
   at System.Text.Json.Serialization.Converters.ObjectDefaultConverter`1.OnTryWrite(Utf8JsonWriter writer, T value, JsonSerializerOptions options, WriteStack& state)
   at System.Text.Json.Serialization.JsonConverter`1.TryWrite(Utf8JsonWriter writer, T& value, JsonSerializerOptions options, WriteStack& state)
   at System.Text.Json.Serialization.Metadata.JsonPropertyInfo`1.GetMemberAndWriteJson(Object obj, WriteStack& state, Utf8JsonWriter writer)
   at System.Text.Json.Serialization.Converters.ObjectDefaultConverter`1.OnTryWrite(Utf8JsonWriter writer, T value, JsonSerializerOptions options, WriteStack& state)
   at System.Text.Json.Serialization.JsonConverter`1.TryWrite(Utf8JsonWriter writer, T& value, JsonSerializerOptions options, WriteStack& state)
   at System.Text.Json.Serialization.Converters.IEnumerableDefaultConverter`2.OnWriteResume(Utf8JsonWriter writer, TCollection value, JsonSerializerOptions options, WriteStack& state)
   at System.Text.Json.Serialization.JsonCollectionConverter`2.OnTryWrite(Utf8JsonWriter writer, TCollection value, JsonSerializerOptions options, WriteStack& state)
   at System.Text.Json.Serialization.JsonConverter`1.TryWrite(Utf8JsonWriter writer, T& value, JsonSerializerOptions options, WriteStack& state)
   at System.Text.Json.Serialization.Metadata.JsonPropertyInfo`1.GetMemberAndWriteJson(Object obj, WriteStack& state, Utf8JsonWriter writer)
   at System.Text.Json.Serialization.Converters.ObjectDefaultConverter`1.OnTryWrite(Utf8JsonWriter writer, T value, JsonSerializerOptions options, WriteStack& state)
   at System.Text.Json.Serialization.JsonConverter`1.TryWrite(Utf8JsonWriter writer, T& value, JsonSerializerOptions options, WriteStack& state)
   at System.Text.Json.Serialization.Metadata.JsonPropertyInfo`1.GetMemberAndWriteJson(Object obj, WriteStack& state, Utf8JsonWriter writer)
   at System.Text.Json.Serialization.Converters.ObjectDefaultConverter`1.OnTryWrite(Utf8JsonWriter writer, T value, JsonSerializerOptions options, WriteStack& state)
   at System.Text.Json.Serialization.JsonConverter`1.TryWrite(Utf8JsonWriter writer, T& value, JsonSerializerOptions options, WriteStack& state)
   at System.Text.Json.Serialization.Converters.IEnumerableDefaultConverter`2.OnWriteResume(Utf8JsonWriter writer, TCollection value, JsonSerializerOptions options, WriteStack& state)
   at System.Text.Json.Serialization.JsonCollectionConverter`2.OnTryWrite(Utf8JsonWriter writer, TCollection value, JsonSerializerOptions options, WriteStack& state)
   at System.Text.Json.Serialization.JsonConverter`1.TryWrite(Utf8JsonWriter writer, T& value, JsonSerializerOptions options, WriteStack& state)
   at System.Text.Json.Serialization.Metadata.JsonPropertyInfo`1.GetMemberAndWriteJson(Object obj, WriteStack& state, Utf8JsonWriter writer)
   at System.Text.Json.Serialization.Converters.ObjectDefaultConverter`1.OnTryWrite(Utf8JsonWriter writer, T value, JsonSerializerOptions options, WriteStack& state)
   at System.Text.Json.Serialization.JsonConverter`1.TryWrite(Utf8JsonWriter writer, T& value, JsonSerializerOptions options, WriteStack& state)
   at System.Text.Json.Serialization.Metadata.JsonPropertyInfo`1.GetMemberAndWriteJson(Object obj, WriteStack& state, Utf8JsonWriter writer)
   at System.Text.Json.Serialization.Converters.ObjectDefaultConverter`1.OnTryWrite(Utf8JsonWriter writer, T value, JsonSerializerOptions options, WriteStack& state)
   at System.Text.Json.Serialization.JsonConverter`1.TryWrite(Utf8JsonWriter writer, T& value, JsonSerializerOptions options, WriteStack& state)
   at System.Text.Json.Serialization.Converters.IEnumerableDefaultConverter`2.OnWriteResume(Utf8JsonWriter writer, TCollection value, JsonSerializerOptions options, WriteStack& state)
   at System.Text.Json.Serialization.JsonCollectionConverter`2.OnTryWrite(Utf8JsonWriter writer, TCollection value, JsonSerializerOptions options, WriteStack& state)
   at System.Text.Json.Serialization.JsonConverter`1.TryWrite(Utf8JsonWriter writer, T& value, JsonSerializerOptions options, WriteStack& state)
   at System.Text.Json.Serialization.Metadata.JsonPropertyInfo`1.GetMemberAndWriteJson(Object obj, WriteStack& state, Utf8JsonWriter writer)
   at System.Text.Json.Serialization.Converters.ObjectDefaultConverter`1.OnTryWrite(Utf8JsonWriter writer, T value, JsonSerializerOptions options, WriteStack& state)
   at System.Text.Json.Serialization.JsonConverter`1.TryWrite(Utf8JsonWriter writer, T& value, JsonSerializerOptions options, WriteStack& state)
   at System.Text.Json.Serialization.Metadata.JsonPropertyInfo`1.GetMemberAndWriteJson(Object obj, WriteStack& state, Utf8JsonWriter writer)
   at System.Text.Json.Serialization.Converters.ObjectDefaultConverter`1.OnTryWrite(Utf8JsonWriter writer, T value, JsonSerializerOptions options, WriteStack& state)
   at System.Text.Json.Serialization.JsonConverter`1.TryWrite(Utf8JsonWriter writer, T& value, JsonSerializerOptions options, WriteStack& state)
   at System.Text.Json.Serialization.Converters.IEnumerableDefaultConverter`2.OnWriteResume(Utf8JsonWriter writer, TCollection value, JsonSerializerOptions options, WriteStack& state)
   at System.Text.Json.Serialization.JsonCollectionConverter`2.OnTryWrite(Utf8JsonWriter writer, TCollection value, JsonSerializerOptions options, WriteStack& state)
   at System.Text.Json.Serialization.JsonConverter`1.TryWrite(Utf8JsonWriter writer, T& value, JsonSerializerOptions options, WriteStack& state)
   at System.Text.Json.Serialization.Metadata.JsonPropertyInfo`1.GetMemberAndWriteJson(Object obj, WriteStack& state, Utf8JsonWriter writer)
   at System.Text.Json.Serialization.Converters.ObjectDefaultConverter`1.OnTryWrite(Utf8JsonWriter writer, T value, JsonSerializerOptions options, WriteStack& state)
   at System.Text.Json.Serialization.JsonConverter`1.TryWrite(Utf8JsonWriter writer, T& value, JsonSerializerOptions options, WriteStack& state)
   at System.Text.Json.Serialization.Converters.ListOfTConverter`2.OnWriteResume(Utf8JsonWriter writer, TCollection value, JsonSerializerOptions options, WriteStack& state)
   at System.Text.Json.Serialization.JsonCollectionConverter`2.OnTryWrite(Utf8JsonWriter writer, TCollection value, JsonSerializerOptions options, WriteStack& state)
   at System.Text.Json.Serialization.JsonConverter`1.TryWrite(Utf8JsonWriter writer, T& value, JsonSerializerOptions options, WriteStack& state)
   at System.Text.Json.Serialization.JsonConverter`1.WriteCore(Utf8JsonWriter writer, T& value, JsonSerializerOptions options, WriteStack& state)
   at System.Text.Json.Serialization.Metadata.JsonTypeInfo`1.SerializeAsync(Stream utf8Json, T rootValue, CancellationToken cancellationToken, Object rootValueBoxed)
   at System.Text.Json.Serialization.Metadata.JsonTypeInfo`1.SerializeAsync(Stream utf8Json, T rootValue, CancellationToken cancellationToken, Object rootValueBoxed)
   at System.Text.Json.Serialization.Metadata.JsonTypeInfo`1.SerializeAsync(Stream utf8Json, T rootValue, CancellationToken cancellationToken, Object rootValueBoxed)
   at Microsoft.AspNetCore.Mvc.Formatters.SystemTextJsonOutputFormatter.WriteResponseBodyAsync(OutputFormatterWriteContext context, Encoding selectedEncoding)
   at Microsoft.AspNetCore.Mvc.Infrastructure.ResourceInvoker.<InvokeNextResultFilterAsync>g__Awaited|30_0[TFilter,TFilterAsync](ResourceInvoker invoker, Task lastTask, State next, Scope scope, Object state, Boolean isCompleted)
   at Microsoft.AspNetCore.Mvc.Infrastructure.ResourceInvoker.Rethrow(ResultExecutedContextSealed context)
   at Microsoft.AspNetCore.Mvc.Infrastructure.ResourceInvoker.ResultNext[TFilter,TFilterAsync](State& next, Scope& scope, Object& state, Boolean& isCompleted)
   at Microsoft.AspNetCore.Mvc.Infrastructure.ResourceInvoker.InvokeResultFilters()
--- End of stack trace from previous location ---
   at Microsoft.AspNetCore.Mvc.Infrastructure.ResourceInvoker.<InvokeNextResourceFilter>g__Awaited|25_0(ResourceInvoker invoker, Task lastTask, State next, Scope scope, Object state, Boolean isCompleted)
   at Microsoft.AspNetCore.Mvc.Infrastructure.ResourceInvoker.Rethrow(ResourceExecutedContextSealed context)
   at Microsoft.AspNetCore.Mvc.Infrastructure.ResourceInvoker.Next(State& next, Scope& scope, Object& state, Boolean& isCompleted)
   at Microsoft.AspNetCore.Mvc.Infrastructure.ResourceInvoker.<InvokeFilterPipelineAsync>g__Awaited|20_0(ResourceInvoker invoker, Task lastTask, State next, Scope scope, Object state, Boolean isCompleted)
   at Microsoft.AspNetCore.Mvc.Infrastructure.ResourceInvoker.<InvokeAsync>g__Logged|17_1(ResourceInvoker invoker)
   at Microsoft.AspNetCore.Mvc.Infrastructure.ResourceInvoker.<InvokeAsync>g__Logged|17_1(ResourceInvoker invoker)
   at Microsoft.AspNetCore.Routing.EndpointMiddleware.<Invoke>g__AwaitRequestTask|7_0(Endpoint endpoint, Task requestTask, ILogger logger)
   at Microsoft.AspNetCore.Authorization.AuthorizationMiddleware.Invoke(HttpContext context)
   at Microsoft.AspNetCore.Authentication.AuthenticationMiddleware.Invoke(HttpContext context)
   at DetectiveInterrogation.Middleware.RequestLoggingMiddleware.InvokeAsync(HttpContext context) in C:\Users\vikto\OneDrive\Desktop\sem\DetectiveInterrogation\Middleware\RequestLoggingMiddleware.cs:line 25
   at DetectiveInterrogation.Middleware.ExceptionHandlingMiddleware.InvokeAsync(HttpContext context) in C:\Users\vikto\OneDrive\Desktop\sem\DetectiveInterrogation\Middleware\ExceptionHandlingMiddleware.cs:line 22
2026-05-04 09:26:52.154 +03:00 [DBG] Connection id "0HNL9KFNH0QVQ" completed keep alive response.
2026-05-04 09:26:52.156 +03:00 [DBG] 'AppDbContext' disposed.
2026-05-04 09:26:52.159 +03:00 [DBG] Disposing connection to database 'DetectiveInterrogation' on server 'tcp://localhost:5432'.
2026-05-04 09:26:52.161 +03:00 [DBG] Disposed connection to database 'DetectiveInterrogation' on server 'tcp://localhost:5432' (1ms).
2026-05-04 09:26:52.164 +03:00 [INF] Request finished HTTP/1.1 GET http://localhost:5000/api/Case - 500 null application/json; charset=utf-8 215.5952ms
2026-05-04 09:26:53.916 +03:00 [INF] Request starting HTTP/1.1 GET http://localhost:5000/desk - null null
2026-05-04 09:26:53.922 +03:00 [DBG] The request is insecure. Skipping HSTS header.
2026-05-04 09:26:53.928 +03:00 [INF] Request started: GET /desk
2026-05-04 09:26:53.934 +03:00 [DBG] The request path /desk does not match a supported file type
2026-05-04 09:26:53.948 +03:00 [DBG] 1 candidate(s) found for the request path '/desk'
2026-05-04 09:26:53.958 +03:00 [DBG] Endpoint 'DetectiveInterrogation.Controllers.PageController.Desk (DetectiveInterrogation)' with route pattern 'desk' is valid for the request path '/desk'
2026-05-04 09:26:53.961 +03:00 [DBG] Request matched endpoint 'DetectiveInterrogation.Controllers.PageController.Desk (DetectiveInterrogation)'
2026-05-04 09:26:53.963 +03:00 [DBG] AuthenticationScheme: Bearer was not authenticated.
2026-05-04 09:26:53.965 +03:00 [INF] Executing endpoint 'DetectiveInterrogation.Controllers.PageController.Desk (DetectiveInterrogation)'
2026-05-04 09:26:53.967 +03:00 [INF] Route matched with {action = "Desk", controller = "Page"}. Executing controller action with signature Microsoft.AspNetCore.Mvc.IActionResult Desk() on controller DetectiveInterrogation.Controllers.PageController (DetectiveInterrogation).
2026-05-04 09:26:53.974 +03:00 [DBG] Execution plan of authorization filters (in the following order): ["None"]
2026-05-04 09:26:53.977 +03:00 [DBG] Execution plan of resource filters (in the following order): ["Microsoft.AspNetCore.Mvc.ViewFeatures.Filters.SaveTempDataFilter"]
2026-05-04 09:26:53.979 +03:00 [DBG] Execution plan of action filters (in the following order): ["Microsoft.AspNetCore.Mvc.Filters.ControllerActionFilter (Order: -2147483648)","Microsoft.AspNetCore.Mvc.ModelBinding.UnsupportedContentTypeFilter (Order: -3000)"]
2026-05-04 09:26:53.982 +03:00 [DBG] Execution plan of exception filters (in the following order): ["None"]
2026-05-04 09:26:53.984 +03:00 [DBG] Execution plan of result filters (in the following order): ["Microsoft.AspNetCore.Mvc.ViewFeatures.Filters.SaveTempDataFilter"]
2026-05-04 09:26:53.985 +03:00 [DBG] Executing controller factory for controller DetectiveInterrogation.Controllers.PageController (DetectiveInterrogation)
2026-05-04 09:26:53.987 +03:00 [DBG] Executed controller factory for controller DetectiveInterrogation.Controllers.PageController (DetectiveInterrogation)
2026-05-04 09:26:53.989 +03:00 [INF] Executing ViewResult, running view ~/Views/Case/Index.cshtml.
2026-05-04 09:26:53.991 +03:00 [DBG] The view path '/Views/Case/Index.cshtml' was found in 1.8881ms.
2026-05-04 09:26:53.994 +03:00 [DBG] View lookup cache hit for view '_Layout' in controller 'Page'.
2026-05-04 09:26:53.996 +03:00 [INF] Executed ViewResult - view ~/Views/Case/Index.cshtml executed in 6.7426ms.
2026-05-04 09:26:53.997 +03:00 [INF] Executed action DetectiveInterrogation.Controllers.PageController.Desk (DetectiveInterrogation) in 11.9572ms
2026-05-04 09:26:53.999 +03:00 [INF] Executed endpoint 'DetectiveInterrogation.Controllers.PageController.Desk (DetectiveInterrogation)'
2026-05-04 09:26:54.000 +03:00 [INF] Request completed: GET /desk - Status: 200 - Duration: 71.5095ms
2026-05-04 09:26:54.004 +03:00 [DBG] Connection id "0HNL9KFNH0QVQ" completed keep alive response.
2026-05-04 09:26:54.006 +03:00 [INF] Request finished HTTP/1.1 GET http://localhost:5000/desk - 200 null text/html; charset=utf-8 90.2643ms
2026-05-04 09:26:54.011 +03:00 [INF] Request starting HTTP/1.1 GET http://localhost:5000/api/Case - application/json null
2026-05-04 09:26:54.014 +03:00 [DBG] The request is insecure. Skipping HSTS header.
2026-05-04 09:26:54.014 +03:00 [INF] Request started: GET /api/Case
2026-05-04 09:26:54.016 +03:00 [DBG] The request path /api/Case does not match a supported file type
2026-05-04 09:26:54.018 +03:00 [DBG] 1 candidate(s) found for the request path '/api/Case'
2026-05-04 09:26:54.019 +03:00 [DBG] Endpoint 'DetectiveInterrogation.Controllers.CaseController.GetAllCases (DetectiveInterrogation)' with route pattern 'api/Case' is valid for the request path '/api/Case'
2026-05-04 09:26:54.021 +03:00 [DBG] Request matched endpoint 'DetectiveInterrogation.Controllers.CaseController.GetAllCases (DetectiveInterrogation)'
2026-05-04 09:26:54.022 +03:00 [DBG] Successfully validated the token.
2026-05-04 09:26:54.023 +03:00 [DBG] AuthenticationScheme: Bearer was successfully authenticated.
2026-05-04 09:26:54.024 +03:00 [DBG] Authorization was successful.
2026-05-04 09:26:54.025 +03:00 [INF] Executing endpoint 'DetectiveInterrogation.Controllers.CaseController.GetAllCases (DetectiveInterrogation)'
2026-05-04 09:26:54.026 +03:00 [INF] Route matched with {action = "GetAllCases", controller = "Case"}. Executing controller action with signature System.Threading.Tasks.Task`1[Microsoft.AspNetCore.Mvc.IActionResult] GetAllCases() on controller DetectiveInterrogation.Controllers.CaseController (DetectiveInterrogation).
2026-05-04 09:26:54.027 +03:00 [DBG] Execution plan of authorization filters (in the following order): ["None"]
2026-05-04 09:26:54.029 +03:00 [DBG] Execution plan of resource filters (in the following order): ["Microsoft.AspNetCore.Mvc.ViewFeatures.Filters.SaveTempDataFilter"]
2026-05-04 09:26:54.031 +03:00 [DBG] Execution plan of action filters (in the following order): ["Microsoft.AspNetCore.Mvc.ModelBinding.UnsupportedContentTypeFilter (Order: -3000)","Microsoft.AspNetCore.Mvc.Infrastructure.ModelStateInvalidFilter (Order: -2000)"]
2026-05-04 09:26:54.036 +03:00 [DBG] Execution plan of exception filters (in the following order): ["None"]
2026-05-04 09:26:54.037 +03:00 [DBG] Execution plan of result filters (in the following order): ["Microsoft.AspNetCore.Mvc.ViewFeatures.Filters.SaveTempDataFilter","Microsoft.AspNetCore.Mvc.Infrastructure.ClientErrorResultFilter (Order: -2000)"]
2026-05-04 09:26:54.039 +03:00 [DBG] Executing controller factory for controller DetectiveInterrogation.Controllers.CaseController (DetectiveInterrogation)
2026-05-04 09:26:54.040 +03:00 [DBG] Executed controller factory for controller DetectiveInterrogation.Controllers.CaseController (DetectiveInterrogation)
2026-05-04 09:26:54.043 +03:00 [DBG] Entity Framework Core 8.0.4 initialized 'AppDbContext' using provider 'Npgsql.EntityFrameworkCore.PostgreSQL:8.0.4+51faf6e9c9c7ef99c3e98d98a96adb8fa8ae4553' with options: None
2026-05-04 09:26:54.046 +03:00 [DBG] Creating DbConnection.
2026-05-04 09:26:54.048 +03:00 [DBG] Created DbConnection. (1ms).
2026-05-04 09:26:54.051 +03:00 [DBG] Opening connection to database 'DetectiveInterrogation' on server 'tcp://localhost:5432'.
2026-05-04 09:26:54.052 +03:00 [DBG] Opened connection to database 'DetectiveInterrogation' on server 'tcp://localhost:5432'.
2026-05-04 09:26:54.053 +03:00 [DBG] Creating DbCommand for 'ExecuteReader'.
2026-05-04 09:26:54.054 +03:00 [DBG] Created DbCommand for 'ExecuteReader' (0ms).
2026-05-04 09:26:54.056 +03:00 [DBG] Initialized DbCommand for 'ExecuteReader' (2ms).
2026-05-04 09:26:54.058 +03:00 [DBG] Executing DbCommand [Parameters=[], CommandType='"Text"', CommandTimeout='30']
SELECT c."Id", c."FullDescription", c."NewspaperText", c."ShortDescription", c."Title", s."Id", s."CaseId", s."Description", s."InitialAggression", s."InitialTrust", s."IsGuilty", s."Name", e."Id", e."CaseId", e."FullText", e."ShortText", e."Title"
FROM "Cases" AS c
LEFT JOIN "Suspects" AS s ON c."Id" = s."CaseId"
LEFT JOIN "Evidence" AS e ON c."Id" = e."CaseId"
ORDER BY c."Id", s."Id"
2026-05-04 09:26:54.062 +03:00 [INF] Executed DbCommand (4ms) [Parameters=[], CommandType='"Text"', CommandTimeout='30']
SELECT c."Id", c."FullDescription", c."NewspaperText", c."ShortDescription", c."Title", s."Id", s."CaseId", s."Description", s."InitialAggression", s."InitialTrust", s."IsGuilty", s."Name", e."Id", e."CaseId", e."FullText", e."ShortText", e."Title"
FROM "Cases" AS c
LEFT JOIN "Suspects" AS s ON c."Id" = s."CaseId"
LEFT JOIN "Evidence" AS e ON c."Id" = e."CaseId"
ORDER BY c."Id", s."Id"
2026-05-04 09:26:54.070 +03:00 [DBG] Context 'AppDbContext' started tracking 'Case' entity. Consider using 'DbContextOptionsBuilder.EnableSensitiveDataLogging' to see key values.
2026-05-04 09:26:54.073 +03:00 [DBG] Context 'AppDbContext' started tracking 'Suspect' entity. Consider using 'DbContextOptionsBuilder.EnableSensitiveDataLogging' to see key values.
2026-05-04 09:26:54.075 +03:00 [DBG] Context 'AppDbContext' started tracking 'Evidence' entity. Consider using 'DbContextOptionsBuilder.EnableSensitiveDataLogging' to see key values.
2026-05-04 09:26:54.078 +03:00 [DBG] Context 'AppDbContext' started tracking 'Evidence' entity. Consider using 'DbContextOptionsBuilder.EnableSensitiveDataLogging' to see key values.
2026-05-04 09:26:54.082 +03:00 [DBG] Context 'AppDbContext' started tracking 'Evidence' entity. Consider using 'DbContextOptionsBuilder.EnableSensitiveDataLogging' to see key values.
2026-05-04 09:26:54.084 +03:00 [DBG] Context 'AppDbContext' started tracking 'Suspect' entity. Consider using 'DbContextOptionsBuilder.EnableSensitiveDataLogging' to see key values.
2026-05-04 09:26:54.087 +03:00 [DBG] Closing data reader to 'DetectiveInterrogation' on server 'tcp://localhost:5432'.
2026-05-04 09:26:54.089 +03:00 [DBG] A data reader for 'DetectiveInterrogation' on server 'tcp://localhost:5432' is being disposed after spending 18ms reading results.
2026-05-04 09:26:54.091 +03:00 [DBG] Closing connection to database 'DetectiveInterrogation' on server 'tcp://localhost:5432'.
2026-05-04 09:26:54.093 +03:00 [DBG] Closed connection to database 'DetectiveInterrogation' on server 'tcp://localhost:5432' (2ms).
2026-05-04 09:26:54.122 +03:00 [DBG] List of registered output formatters, in the following order: ["Microsoft.AspNetCore.Mvc.Formatters.HttpNoContentOutputFormatter","Microsoft.AspNetCore.Mvc.Formatters.StringOutputFormatter","Microsoft.AspNetCore.Mvc.Formatters.StreamOutputFormatter","Microsoft.AspNetCore.Mvc.Formatters.SystemTextJsonOutputFormatter"]
2026-05-04 09:26:54.126 +03:00 [DBG] No information found on request to perform content negotiation.
2026-05-04 09:26:54.127 +03:00 [DBG] Attempting to select an output formatter without using a content type as no explicit content types were specified for the response.
2026-05-04 09:26:54.135 +03:00 [DBG] Attempting to select the first formatter in the output formatters list which can write the result.
2026-05-04 09:26:54.137 +03:00 [DBG] Selected output formatter 'Microsoft.AspNetCore.Mvc.Formatters.SystemTextJsonOutputFormatter' and content type 'application/json' to write the response.
2026-05-04 09:26:54.139 +03:00 [INF] Executing OkObjectResult, writing value of type 'System.Collections.Generic.List`1[[DetectiveInterrogation.Models.Entities.Case, DetectiveInterrogation, Version=1.0.0.0, Culture=neutral, PublicKeyToken=null]]'.
2026-05-04 09:26:54.143 +03:00 [INF] Executed action DetectiveInterrogation.Controllers.CaseController.GetAllCases (DetectiveInterrogation) in 103.9292ms
2026-05-04 09:26:54.154 +03:00 [INF] Executed endpoint 'DetectiveInterrogation.Controllers.CaseController.GetAllCases (DetectiveInterrogation)'
2026-05-04 09:26:54.156 +03:00 [ERR] An unhandled exception occurred
System.Text.Json.JsonException: A possible object cycle was detected. This can either be due to a cycle or if the object depth is larger than the maximum allowed depth of 32. Consider using ReferenceHandler.Preserve on JsonSerializerOptions to support cycles. Path: $.Suspects.Case.Suspects.Case.Suspects.Case.Suspects.Case.Suspects.Case.Suspects.Case.Suspects.Case.Suspects.Case.Suspects.Case.Suspects.Case.Id.
   at System.Text.Json.ThrowHelper.ThrowJsonException_SerializerCycleDetected(Int32 maxDepth)
   at System.Text.Json.Serialization.Metadata.JsonPropertyInfo`1.GetMemberAndWriteJson(Object obj, WriteStack& state, Utf8JsonWriter writer)
   at System.Text.Json.Serialization.Converters.ObjectDefaultConverter`1.OnTryWrite(Utf8JsonWriter writer, T value, JsonSerializerOptions options, WriteStack& state)
   at System.Text.Json.Serialization.JsonConverter`1.TryWrite(Utf8JsonWriter writer, T& value, JsonSerializerOptions options, WriteStack& state)
   at System.Text.Json.Serialization.Metadata.JsonPropertyInfo`1.GetMemberAndWriteJson(Object obj, WriteStack& state, Utf8JsonWriter writer)
   at System.Text.Json.Serialization.Converters.ObjectDefaultConverter`1.OnTryWrite(Utf8JsonWriter writer, T value, JsonSerializerOptions options, WriteStack& state)
   at System.Text.Json.Serialization.JsonConverter`1.TryWrite(Utf8JsonWriter writer, T& value, JsonSerializerOptions options, WriteStack& state)
   at System.Text.Json.Serialization.Converters.IEnumerableDefaultConverter`2.OnWriteResume(Utf8JsonWriter writer, TCollection value, JsonSerializerOptions options, WriteStack& state)
   at System.Text.Json.Serialization.JsonCollectionConverter`2.OnTryWrite(Utf8JsonWriter writer, TCollection value, JsonSerializerOptions options, WriteStack& state)
   at System.Text.Json.Serialization.JsonConverter`1.TryWrite(Utf8JsonWriter writer, T& value, JsonSerializerOptions options, WriteStack& state)
   at System.Text.Json.Serialization.Metadata.JsonPropertyInfo`1.GetMemberAndWriteJson(Object obj, WriteStack& state, Utf8JsonWriter writer)
   at System.Text.Json.Serialization.Converters.ObjectDefaultConverter`1.OnTryWrite(Utf8JsonWriter writer, T value, JsonSerializerOptions options, WriteStack& state)
   at System.Text.Json.Serialization.JsonConverter`1.TryWrite(Utf8JsonWriter writer, T& value, JsonSerializerOptions options, WriteStack& state)
   at System.Text.Json.Serialization.Metadata.JsonPropertyInfo`1.GetMemberAndWriteJson(Object obj, WriteStack& state, Utf8JsonWriter writer)
   at System.Text.Json.Serialization.Converters.ObjectDefaultConverter`1.OnTryWrite(Utf8JsonWriter writer, T value, JsonSerializerOptions options, WriteStack& state)
   at System.Text.Json.Serialization.JsonConverter`1.TryWrite(Utf8JsonWriter writer, T& value, JsonSerializerOptions options, WriteStack& state)
   at System.Text.Json.Serialization.Converters.IEnumerableDefaultConverter`2.OnWriteResume(Utf8JsonWriter writer, TCollection value, JsonSerializerOptions options, WriteStack& state)
   at System.Text.Json.Serialization.JsonCollectionConverter`2.OnTryWrite(Utf8JsonWriter writer, TCollection value, JsonSerializerOptions options, WriteStack& state)
   at System.Text.Json.Serialization.JsonConverter`1.TryWrite(Utf8JsonWriter writer, T& value, JsonSerializerOptions options, WriteStack& state)
   at System.Text.Json.Serialization.Metadata.JsonPropertyInfo`1.GetMemberAndWriteJson(Object obj, WriteStack& state, Utf8JsonWriter writer)
   at System.Text.Json.Serialization.Converters.ObjectDefaultConverter`1.OnTryWrite(Utf8JsonWriter writer, T value, JsonSerializerOptions options, WriteStack& state)
   at System.Text.Json.Serialization.JsonConverter`1.TryWrite(Utf8JsonWriter writer, T& value, JsonSerializerOptions options, WriteStack& state)
   at System.Text.Json.Serialization.Metadata.JsonPropertyInfo`1.GetMemberAndWriteJson(Object obj, WriteStack& state, Utf8JsonWriter writer)
   at System.Text.Json.Serialization.Converters.ObjectDefaultConverter`1.OnTryWrite(Utf8JsonWriter writer, T value, JsonSerializerOptions options, WriteStack& state)
   at System.Text.Json.Serialization.JsonConverter`1.TryWrite(Utf8JsonWriter writer, T& value, JsonSerializerOptions options, WriteStack& state)
   at System.Text.Json.Serialization.Converters.IEnumerableDefaultConverter`2.OnWriteResume(Utf8JsonWriter writer, TCollection value, JsonSerializerOptions options, WriteStack& state)
   at System.Text.Json.Serialization.JsonCollectionConverter`2.OnTryWrite(Utf8JsonWriter writer, TCollection value, JsonSerializerOptions options, WriteStack& state)
   at System.Text.Json.Serialization.JsonConverter`1.TryWrite(Utf8JsonWriter writer, T& value, JsonSerializerOptions options, WriteStack& state)
   at System.Text.Json.Serialization.Metadata.JsonPropertyInfo`1.GetMemberAndWriteJson(Object obj, WriteStack& state, Utf8JsonWriter writer)
   at System.Text.Json.Serialization.Converters.ObjectDefaultConverter`1.OnTryWrite(Utf8JsonWriter writer, T value, JsonSerializerOptions options, WriteStack& state)
   at System.Text.Json.Serialization.JsonConverter`1.TryWrite(Utf8JsonWriter writer, T& value, JsonSerializerOptions options, WriteStack& state)
   at System.Text.Json.Serialization.Metadata.JsonPropertyInfo`1.GetMemberAndWriteJson(Object obj, WriteStack& state, Utf8JsonWriter writer)
   at System.Text.Json.Serialization.Converters.ObjectDefaultConverter`1.OnTryWrite(Utf8JsonWriter writer, T value, JsonSerializerOptions options, WriteStack& state)
   at System.Text.Json.Serialization.JsonConverter`1.TryWrite(Utf8JsonWriter writer, T& value, JsonSerializerOptions options, WriteStack& state)
   at System.Text.Json.Serialization.Converters.IEnumerableDefaultConverter`2.OnWriteResume(Utf8JsonWriter writer, TCollection value, JsonSerializerOptions options, WriteStack& state)
   at System.Text.Json.Serialization.JsonCollectionConverter`2.OnTryWrite(Utf8JsonWriter writer, TCollection value, JsonSerializerOptions options, WriteStack& state)
   at System.Text.Json.Serialization.JsonConverter`1.TryWrite(Utf8JsonWriter writer, T& value, JsonSerializerOptions options, WriteStack& state)
   at System.Text.Json.Serialization.Metadata.JsonPropertyInfo`1.GetMemberAndWriteJson(Object obj, WriteStack& state, Utf8JsonWriter writer)
   at System.Text.Json.Serialization.Converters.ObjectDefaultConverter`1.OnTryWrite(Utf8JsonWriter writer, T value, JsonSerializerOptions options, WriteStack& state)
   at System.Text.Json.Serialization.JsonConverter`1.TryWrite(Utf8JsonWriter writer, T& value, JsonSerializerOptions options, WriteStack& state)
   at System.Text.Json.Serialization.Metadata.JsonPropertyInfo`1.GetMemberAndWriteJson(Object obj, WriteStack& state, Utf8JsonWriter writer)
   at System.Text.Json.Serialization.Converters.ObjectDefaultConverter`1.OnTryWrite(Utf8JsonWriter writer, T value, JsonSerializerOptions options, WriteStack& state)
   at System.Text.Json.Serialization.JsonConverter`1.TryWrite(Utf8JsonWriter writer, T& value, JsonSerializerOptions options, WriteStack& state)
   at System.Text.Json.Serialization.Converters.IEnumerableDefaultConverter`2.OnWriteResume(Utf8JsonWriter writer, TCollection value, JsonSerializerOptions options, WriteStack& state)
   at System.Text.Json.Serialization.JsonCollectionConverter`2.OnTryWrite(Utf8JsonWriter writer, TCollection value, JsonSerializerOptions options, WriteStack& state)
   at System.Text.Json.Serialization.JsonConverter`1.TryWrite(Utf8JsonWriter writer, T& value, JsonSerializerOptions options, WriteStack& state)
   at System.Text.Json.Serialization.Metadata.JsonPropertyInfo`1.GetMemberAndWriteJson(Object obj, WriteStack& state, Utf8JsonWriter writer)
   at System.Text.Json.Serialization.Converters.ObjectDefaultConverter`1.OnTryWrite(Utf8JsonWriter writer, T value, JsonSerializerOptions options, WriteStack& state)
   at System.Text.Json.Serialization.JsonConverter`1.TryWrite(Utf8JsonWriter writer, T& value, JsonSerializerOptions options, WriteStack& state)
   at System.Text.Json.Serialization.Metadata.JsonPropertyInfo`1.GetMemberAndWriteJson(Object obj, WriteStack& state, Utf8JsonWriter writer)
   at System.Text.Json.Serialization.Converters.ObjectDefaultConverter`1.OnTryWrite(Utf8JsonWriter writer, T value, JsonSerializerOptions options, WriteStack& state)
   at System.Text.Json.Serialization.JsonConverter`1.TryWrite(Utf8JsonWriter writer, T& value, JsonSerializerOptions options, WriteStack& state)
   at System.Text.Json.Serialization.Converters.IEnumerableDefaultConverter`2.OnWriteResume(Utf8JsonWriter writer, TCollection value, JsonSerializerOptions options, WriteStack& state)
   at System.Text.Json.Serialization.JsonCollectionConverter`2.OnTryWrite(Utf8JsonWriter writer, TCollection value, JsonSerializerOptions options, WriteStack& state)
   at System.Text.Json.Serialization.JsonConverter`1.TryWrite(Utf8JsonWriter writer, T& value, JsonSerializerOptions options, WriteStack& state)
   at System.Text.Json.Serialization.Metadata.JsonPropertyInfo`1.GetMemberAndWriteJson(Object obj, WriteStack& state, Utf8JsonWriter writer)
   at System.Text.Json.Serialization.Converters.ObjectDefaultConverter`1.OnTryWrite(Utf8JsonWriter writer, T value, JsonSerializerOptions options, WriteStack& state)
   at System.Text.Json.Serialization.JsonConverter`1.TryWrite(Utf8JsonWriter writer, T& value, JsonSerializerOptions options, WriteStack& state)
   at System.Text.Json.Serialization.Metadata.JsonPropertyInfo`1.GetMemberAndWriteJson(Object obj, WriteStack& state, Utf8JsonWriter writer)
   at System.Text.Json.Serialization.Converters.ObjectDefaultConverter`1.OnTryWrite(Utf8JsonWriter writer, T value, JsonSerializerOptions options, WriteStack& state)
   at System.Text.Json.Serialization.JsonConverter`1.TryWrite(Utf8JsonWriter writer, T& value, JsonSerializerOptions options, WriteStack& state)
   at System.Text.Json.Serialization.Converters.IEnumerableDefaultConverter`2.OnWriteResume(Utf8JsonWriter writer, TCollection value, JsonSerializerOptions options, WriteStack& state)
   at System.Text.Json.Serialization.JsonCollectionConverter`2.OnTryWrite(Utf8JsonWriter writer, TCollection value, JsonSerializerOptions options, WriteStack& state)
   at System.Text.Json.Serialization.JsonConverter`1.TryWrite(Utf8JsonWriter writer, T& value, JsonSerializerOptions options, WriteStack& state)
   at System.Text.Json.Serialization.Metadata.JsonPropertyInfo`1.GetMemberAndWriteJson(Object obj, WriteStack& state, Utf8JsonWriter writer)
   at System.Text.Json.Serialization.Converters.ObjectDefaultConverter`1.OnTryWrite(Utf8JsonWriter writer, T value, JsonSerializerOptions options, WriteStack& state)
   at System.Text.Json.Serialization.JsonConverter`1.TryWrite(Utf8JsonWriter writer, T& value, JsonSerializerOptions options, WriteStack& state)
   at System.Text.Json.Serialization.Metadata.JsonPropertyInfo`1.GetMemberAndWriteJson(Object obj, WriteStack& state, Utf8JsonWriter writer)
   at System.Text.Json.Serialization.Converters.ObjectDefaultConverter`1.OnTryWrite(Utf8JsonWriter writer, T value, JsonSerializerOptions options, WriteStack& state)
   at System.Text.Json.Serialization.JsonConverter`1.TryWrite(Utf8JsonWriter writer, T& value, JsonSerializerOptions options, WriteStack& state)
   at System.Text.Json.Serialization.Converters.IEnumerableDefaultConverter`2.OnWriteResume(Utf8JsonWriter writer, TCollection value, JsonSerializerOptions options, WriteStack& state)
   at System.Text.Json.Serialization.JsonCollectionConverter`2.OnTryWrite(Utf8JsonWriter writer, TCollection value, JsonSerializerOptions options, WriteStack& state)
   at System.Text.Json.Serialization.JsonConverter`1.TryWrite(Utf8JsonWriter writer, T& value, JsonSerializerOptions options, WriteStack& state)
   at System.Text.Json.Serialization.Metadata.JsonPropertyInfo`1.GetMemberAndWriteJson(Object obj, WriteStack& state, Utf8JsonWriter writer)
   at System.Text.Json.Serialization.Converters.ObjectDefaultConverter`1.OnTryWrite(Utf8JsonWriter writer, T value, JsonSerializerOptions options, WriteStack& state)
   at System.Text.Json.Serialization.JsonConverter`1.TryWrite(Utf8JsonWriter writer, T& value, JsonSerializerOptions options, WriteStack& state)
   at System.Text.Json.Serialization.Metadata.JsonPropertyInfo`1.GetMemberAndWriteJson(Object obj, WriteStack& state, Utf8JsonWriter writer)
   at System.Text.Json.Serialization.Converters.ObjectDefaultConverter`1.OnTryWrite(Utf8JsonWriter writer, T value, JsonSerializerOptions options, WriteStack& state)
   at System.Text.Json.Serialization.JsonConverter`1.TryWrite(Utf8JsonWriter writer, T& value, JsonSerializerOptions options, WriteStack& state)
   at System.Text.Json.Serialization.Converters.IEnumerableDefaultConverter`2.OnWriteResume(Utf8JsonWriter writer, TCollection value, JsonSerializerOptions options, WriteStack& state)
   at System.Text.Json.Serialization.JsonCollectionConverter`2.OnTryWrite(Utf8JsonWriter writer, TCollection value, JsonSerializerOptions options, WriteStack& state)
   at System.Text.Json.Serialization.JsonConverter`1.TryWrite(Utf8JsonWriter writer, T& value, JsonSerializerOptions options, WriteStack& state)
   at System.Text.Json.Serialization.Metadata.JsonPropertyInfo`1.GetMemberAndWriteJson(Object obj, WriteStack& state, Utf8JsonWriter writer)
   at System.Text.Json.Serialization.Converters.ObjectDefaultConverter`1.OnTryWrite(Utf8JsonWriter writer, T value, JsonSerializerOptions options, WriteStack& state)
   at System.Text.Json.Serialization.JsonConverter`1.TryWrite(Utf8JsonWriter writer, T& value, JsonSerializerOptions options, WriteStack& state)
   at System.Text.Json.Serialization.Metadata.JsonPropertyInfo`1.GetMemberAndWriteJson(Object obj, WriteStack& state, Utf8JsonWriter writer)
   at System.Text.Json.Serialization.Converters.ObjectDefaultConverter`1.OnTryWrite(Utf8JsonWriter writer, T value, JsonSerializerOptions options, WriteStack& state)
   at System.Text.Json.Serialization.JsonConverter`1.TryWrite(Utf8JsonWriter writer, T& value, JsonSerializerOptions options, WriteStack& state)
   at System.Text.Json.Serialization.Converters.IEnumerableDefaultConverter`2.OnWriteResume(Utf8JsonWriter writer, TCollection value, JsonSerializerOptions options, WriteStack& state)
   at System.Text.Json.Serialization.JsonCollectionConverter`2.OnTryWrite(Utf8JsonWriter writer, TCollection value, JsonSerializerOptions options, WriteStack& state)
   at System.Text.Json.Serialization.JsonConverter`1.TryWrite(Utf8JsonWriter writer, T& value, JsonSerializerOptions options, WriteStack& state)
   at System.Text.Json.Serialization.Metadata.JsonPropertyInfo`1.GetMemberAndWriteJson(Object obj, WriteStack& state, Utf8JsonWriter writer)
   at System.Text.Json.Serialization.Converters.ObjectDefaultConverter`1.OnTryWrite(Utf8JsonWriter writer, T value, JsonSerializerOptions options, WriteStack& state)
   at System.Text.Json.Serialization.JsonConverter`1.TryWrite(Utf8JsonWriter writer, T& value, JsonSerializerOptions options, WriteStack& state)
   at System.Text.Json.Serialization.Converters.ListOfTConverter`2.OnWriteResume(Utf8JsonWriter writer, TCollection value, JsonSerializerOptions options, WriteStack& state)
   at System.Text.Json.Serialization.JsonCollectionConverter`2.OnTryWrite(Utf8JsonWriter writer, TCollection value, JsonSerializerOptions options, WriteStack& state)
   at System.Text.Json.Serialization.JsonConverter`1.TryWrite(Utf8JsonWriter writer, T& value, JsonSerializerOptions options, WriteStack& state)
   at System.Text.Json.Serialization.JsonConverter`1.WriteCore(Utf8JsonWriter writer, T& value, JsonSerializerOptions options, WriteStack& state)
   at System.Text.Json.Serialization.Metadata.JsonTypeInfo`1.SerializeAsync(Stream utf8Json, T rootValue, CancellationToken cancellationToken, Object rootValueBoxed)
   at System.Text.Json.Serialization.Metadata.JsonTypeInfo`1.SerializeAsync(Stream utf8Json, T rootValue, CancellationToken cancellationToken, Object rootValueBoxed)
   at System.Text.Json.Serialization.Metadata.JsonTypeInfo`1.SerializeAsync(Stream utf8Json, T rootValue, CancellationToken cancellationToken, Object rootValueBoxed)
   at Microsoft.AspNetCore.Mvc.Formatters.SystemTextJsonOutputFormatter.WriteResponseBodyAsync(OutputFormatterWriteContext context, Encoding selectedEncoding)
   at Microsoft.AspNetCore.Mvc.Infrastructure.ResourceInvoker.<InvokeNextResultFilterAsync>g__Awaited|30_0[TFilter,TFilterAsync](ResourceInvoker invoker, Task lastTask, State next, Scope scope, Object state, Boolean isCompleted)
   at Microsoft.AspNetCore.Mvc.Infrastructure.ResourceInvoker.Rethrow(ResultExecutedContextSealed context)
   at Microsoft.AspNetCore.Mvc.Infrastructure.ResourceInvoker.ResultNext[TFilter,TFilterAsync](State& next, Scope& scope, Object& state, Boolean& isCompleted)
   at Microsoft.AspNetCore.Mvc.Infrastructure.ResourceInvoker.InvokeResultFilters()
--- End of stack trace from previous location ---
   at Microsoft.AspNetCore.Mvc.Infrastructure.ResourceInvoker.<InvokeNextResourceFilter>g__Awaited|25_0(ResourceInvoker invoker, Task lastTask, State next, Scope scope, Object state, Boolean isCompleted)
   at Microsoft.AspNetCore.Mvc.Infrastructure.ResourceInvoker.Rethrow(ResourceExecutedContextSealed context)
   at Microsoft.AspNetCore.Mvc.Infrastructure.ResourceInvoker.Next(State& next, Scope& scope, Object& state, Boolean& isCompleted)
   at Microsoft.AspNetCore.Mvc.Infrastructure.ResourceInvoker.<InvokeFilterPipelineAsync>g__Awaited|20_0(ResourceInvoker invoker, Task lastTask, State next, Scope scope, Object state, Boolean isCompleted)
   at Microsoft.AspNetCore.Mvc.Infrastructure.ResourceInvoker.<InvokeAsync>g__Logged|17_1(ResourceInvoker invoker)
   at Microsoft.AspNetCore.Mvc.Infrastructure.ResourceInvoker.<InvokeAsync>g__Logged|17_1(ResourceInvoker invoker)
   at Microsoft.AspNetCore.Routing.EndpointMiddleware.<Invoke>g__AwaitRequestTask|7_0(Endpoint endpoint, Task requestTask, ILogger logger)
   at Microsoft.AspNetCore.Authorization.AuthorizationMiddleware.Invoke(HttpContext context)
   at Microsoft.AspNetCore.Authentication.AuthenticationMiddleware.Invoke(HttpContext context)
   at DetectiveInterrogation.Middleware.RequestLoggingMiddleware.InvokeAsync(HttpContext context) in C:\Users\vikto\OneDrive\Desktop\sem\DetectiveInterrogation\Middleware\RequestLoggingMiddleware.cs:line 25
   at DetectiveInterrogation.Middleware.ExceptionHandlingMiddleware.InvokeAsync(HttpContext context) in C:\Users\vikto\OneDrive\Desktop\sem\DetectiveInterrogation\Middleware\ExceptionHandlingMiddleware.cs:line 22
2026-05-04 09:26:54.194 +03:00 [DBG] Connection id "0HNL9KFNH0QVQ" completed keep alive response.
2026-05-04 09:26:54.196 +03:00 [DBG] 'AppDbContext' disposed.
2026-05-04 09:26:54.198 +03:00 [DBG] Disposing connection to database 'DetectiveInterrogation' on server 'tcp://localhost:5432'.
2026-05-04 09:26:54.199 +03:00 [DBG] Disposed connection to database 'DetectiveInterrogation' on server 'tcp://localhost:5432' (1ms).
2026-05-04 09:26:54.201 +03:00 [INF] Request finished HTTP/1.1 GET http://localhost:5000/api/Case - 500 null application/json; charset=utf-8 189.8592ms
2026-05-04 09:26:58.380 +03:00 [INF] Request starting HTTP/1.1 GET http://localhost:5000/desk - null null
2026-05-04 09:26:58.383 +03:00 [DBG] The request is insecure. Skipping HSTS header.
2026-05-04 09:26:58.385 +03:00 [INF] Request started: GET /desk
2026-05-04 09:26:58.386 +03:00 [DBG] The request path /desk does not match a supported file type
2026-05-04 09:26:58.390 +03:00 [DBG] 1 candidate(s) found for the request path '/desk'
2026-05-04 09:26:58.392 +03:00 [DBG] Endpoint 'DetectiveInterrogation.Controllers.PageController.Desk (DetectiveInterrogation)' with route pattern 'desk' is valid for the request path '/desk'
2026-05-04 09:26:58.395 +03:00 [DBG] Request matched endpoint 'DetectiveInterrogation.Controllers.PageController.Desk (DetectiveInterrogation)'
2026-05-04 09:26:58.397 +03:00 [DBG] AuthenticationScheme: Bearer was not authenticated.
2026-05-04 09:26:58.398 +03:00 [INF] Executing endpoint 'DetectiveInterrogation.Controllers.PageController.Desk (DetectiveInterrogation)'
2026-05-04 09:26:58.400 +03:00 [INF] Route matched with {action = "Desk", controller = "Page"}. Executing controller action with signature Microsoft.AspNetCore.Mvc.IActionResult Desk() on controller DetectiveInterrogation.Controllers.PageController (DetectiveInterrogation).
2026-05-04 09:26:58.402 +03:00 [DBG] Execution plan of authorization filters (in the following order): ["None"]
2026-05-04 09:26:58.404 +03:00 [DBG] Execution plan of resource filters (in the following order): ["Microsoft.AspNetCore.Mvc.ViewFeatures.Filters.SaveTempDataFilter"]
2026-05-04 09:26:58.406 +03:00 [DBG] Execution plan of action filters (in the following order): ["Microsoft.AspNetCore.Mvc.Filters.ControllerActionFilter (Order: -2147483648)","Microsoft.AspNetCore.Mvc.ModelBinding.UnsupportedContentTypeFilter (Order: -3000)"]
2026-05-04 09:26:58.408 +03:00 [DBG] Execution plan of exception filters (in the following order): ["None"]
2026-05-04 09:26:58.411 +03:00 [DBG] Execution plan of result filters (in the following order): ["Microsoft.AspNetCore.Mvc.ViewFeatures.Filters.SaveTempDataFilter"]
2026-05-04 09:26:58.413 +03:00 [DBG] Executing controller factory for controller DetectiveInterrogation.Controllers.PageController (DetectiveInterrogation)
2026-05-04 09:26:58.415 +03:00 [DBG] Executed controller factory for controller DetectiveInterrogation.Controllers.PageController (DetectiveInterrogation)
2026-05-04 09:26:58.417 +03:00 [INF] Executing ViewResult, running view ~/Views/Case/Index.cshtml.
2026-05-04 09:26:58.419 +03:00 [DBG] The view path '/Views/Case/Index.cshtml' was found in 2.3668ms.
2026-05-04 09:26:58.422 +03:00 [DBG] View lookup cache hit for view '_Layout' in controller 'Page'.
2026-05-04 09:26:58.424 +03:00 [INF] Executed ViewResult - view ~/Views/Case/Index.cshtml executed in 7.9474ms.
2026-05-04 09:26:58.427 +03:00 [INF] Executed action DetectiveInterrogation.Controllers.PageController.Desk (DetectiveInterrogation) in 13.5951ms
2026-05-04 09:26:58.429 +03:00 [INF] Executed endpoint 'DetectiveInterrogation.Controllers.PageController.Desk (DetectiveInterrogation)'
2026-05-04 09:26:58.430 +03:00 [INF] Request completed: GET /desk - Status: 200 - Duration: 45.6244ms
2026-05-04 09:26:58.432 +03:00 [DBG] Connection id "0HNL9KFNH0QVQ" completed keep alive response.
2026-05-04 09:26:58.433 +03:00 [INF] Request finished HTTP/1.1 GET http://localhost:5000/desk - 200 null text/html; charset=utf-8 52.5468ms
2026-05-04 09:26:58.439 +03:00 [INF] Request starting HTTP/1.1 GET http://localhost:5000/api/Case - application/json null
2026-05-04 09:26:58.442 +03:00 [DBG] The request is insecure. Skipping HSTS header.
2026-05-04 09:26:58.443 +03:00 [INF] Request started: GET /api/Case
2026-05-04 09:26:58.445 +03:00 [DBG] The request path /api/Case does not match a supported file type
2026-05-04 09:26:58.446 +03:00 [DBG] 1 candidate(s) found for the request path '/api/Case'
2026-05-04 09:26:58.447 +03:00 [DBG] Endpoint 'DetectiveInterrogation.Controllers.CaseController.GetAllCases (DetectiveInterrogation)' with route pattern 'api/Case' is valid for the request path '/api/Case'
2026-05-04 09:26:58.450 +03:00 [DBG] Request matched endpoint 'DetectiveInterrogation.Controllers.CaseController.GetAllCases (DetectiveInterrogation)'
2026-05-04 09:26:58.453 +03:00 [DBG] Successfully validated the token.
2026-05-04 09:26:58.454 +03:00 [DBG] AuthenticationScheme: Bearer was successfully authenticated.
2026-05-04 09:26:58.455 +03:00 [DBG] Authorization was successful.
2026-05-04 09:26:58.455 +03:00 [INF] Executing endpoint 'DetectiveInterrogation.Controllers.CaseController.GetAllCases (DetectiveInterrogation)'
2026-05-04 09:26:58.456 +03:00 [INF] Route matched with {action = "GetAllCases", controller = "Case"}. Executing controller action with signature System.Threading.Tasks.Task`1[Microsoft.AspNetCore.Mvc.IActionResult] GetAllCases() on controller DetectiveInterrogation.Controllers.CaseController (DetectiveInterrogation).
2026-05-04 09:26:58.458 +03:00 [DBG] Execution plan of authorization filters (in the following order): ["None"]
2026-05-04 09:26:58.460 +03:00 [DBG] Execution plan of resource filters (in the following order): ["Microsoft.AspNetCore.Mvc.ViewFeatures.Filters.SaveTempDataFilter"]
2026-05-04 09:26:58.461 +03:00 [DBG] Execution plan of action filters (in the following order): ["Microsoft.AspNetCore.Mvc.ModelBinding.UnsupportedContentTypeFilter (Order: -3000)","Microsoft.AspNetCore.Mvc.Infrastructure.ModelStateInvalidFilter (Order: -2000)"]
2026-05-04 09:26:58.464 +03:00 [DBG] Execution plan of exception filters (in the following order): ["None"]
2026-05-04 09:26:58.468 +03:00 [DBG] Execution plan of result filters (in the following order): ["Microsoft.AspNetCore.Mvc.ViewFeatures.Filters.SaveTempDataFilter","Microsoft.AspNetCore.Mvc.Infrastructure.ClientErrorResultFilter (Order: -2000)"]
2026-05-04 09:26:58.469 +03:00 [DBG] Executing controller factory for controller DetectiveInterrogation.Controllers.CaseController (DetectiveInterrogation)
2026-05-04 09:26:58.471 +03:00 [DBG] Executed controller factory for controller DetectiveInterrogation.Controllers.CaseController (DetectiveInterrogation)
2026-05-04 09:26:58.472 +03:00 [DBG] Entity Framework Core 8.0.4 initialized 'AppDbContext' using provider 'Npgsql.EntityFrameworkCore.PostgreSQL:8.0.4+51faf6e9c9c7ef99c3e98d98a96adb8fa8ae4553' with options: None
2026-05-04 09:26:58.475 +03:00 [DBG] Creating DbConnection.
2026-05-04 09:26:58.477 +03:00 [DBG] Created DbConnection. (2ms).
2026-05-04 09:26:58.479 +03:00 [DBG] Opening connection to database 'DetectiveInterrogation' on server 'tcp://localhost:5432'.
2026-05-04 09:26:58.485 +03:00 [DBG] Opened connection to database 'DetectiveInterrogation' on server 'tcp://localhost:5432'.
2026-05-04 09:26:58.487 +03:00 [DBG] Creating DbCommand for 'ExecuteReader'.
2026-05-04 09:26:58.489 +03:00 [DBG] Created DbCommand for 'ExecuteReader' (1ms).
2026-05-04 09:26:58.491 +03:00 [DBG] Initialized DbCommand for 'ExecuteReader' (4ms).
2026-05-04 09:26:58.494 +03:00 [DBG] Executing DbCommand [Parameters=[], CommandType='"Text"', CommandTimeout='30']
SELECT c."Id", c."FullDescription", c."NewspaperText", c."ShortDescription", c."Title", s."Id", s."CaseId", s."Description", s."InitialAggression", s."InitialTrust", s."IsGuilty", s."Name", e."Id", e."CaseId", e."FullText", e."ShortText", e."Title"
FROM "Cases" AS c
LEFT JOIN "Suspects" AS s ON c."Id" = s."CaseId"
LEFT JOIN "Evidence" AS e ON c."Id" = e."CaseId"
ORDER BY c."Id", s."Id"
2026-05-04 09:26:58.499 +03:00 [INF] Executed DbCommand (5ms) [Parameters=[], CommandType='"Text"', CommandTimeout='30']
SELECT c."Id", c."FullDescription", c."NewspaperText", c."ShortDescription", c."Title", s."Id", s."CaseId", s."Description", s."InitialAggression", s."InitialTrust", s."IsGuilty", s."Name", e."Id", e."CaseId", e."FullText", e."ShortText", e."Title"
FROM "Cases" AS c
LEFT JOIN "Suspects" AS s ON c."Id" = s."CaseId"
LEFT JOIN "Evidence" AS e ON c."Id" = e."CaseId"
ORDER BY c."Id", s."Id"
2026-05-04 09:26:58.501 +03:00 [DBG] Context 'AppDbContext' started tracking 'Case' entity. Consider using 'DbContextOptionsBuilder.EnableSensitiveDataLogging' to see key values.
2026-05-04 09:26:58.503 +03:00 [DBG] Context 'AppDbContext' started tracking 'Suspect' entity. Consider using 'DbContextOptionsBuilder.EnableSensitiveDataLogging' to see key values.
2026-05-04 09:26:58.504 +03:00 [DBG] Context 'AppDbContext' started tracking 'Evidence' entity. Consider using 'DbContextOptionsBuilder.EnableSensitiveDataLogging' to see key values.
2026-05-04 09:26:58.506 +03:00 [DBG] Context 'AppDbContext' started tracking 'Evidence' entity. Consider using 'DbContextOptionsBuilder.EnableSensitiveDataLogging' to see key values.
2026-05-04 09:26:58.508 +03:00 [DBG] Context 'AppDbContext' started tracking 'Evidence' entity. Consider using 'DbContextOptionsBuilder.EnableSensitiveDataLogging' to see key values.
2026-05-04 09:26:58.510 +03:00 [DBG] Context 'AppDbContext' started tracking 'Suspect' entity. Consider using 'DbContextOptionsBuilder.EnableSensitiveDataLogging' to see key values.
2026-05-04 09:26:58.518 +03:00 [DBG] Closing data reader to 'DetectiveInterrogation' on server 'tcp://localhost:5432'.
2026-05-04 09:26:58.519 +03:00 [DBG] A data reader for 'DetectiveInterrogation' on server 'tcp://localhost:5432' is being disposed after spending 18ms reading results.
2026-05-04 09:26:58.522 +03:00 [DBG] Closing connection to database 'DetectiveInterrogation' on server 'tcp://localhost:5432'.
2026-05-04 09:26:58.524 +03:00 [DBG] Closed connection to database 'DetectiveInterrogation' on server 'tcp://localhost:5432' (2ms).
2026-05-04 09:26:58.528 +03:00 [DBG] List of registered output formatters, in the following order: ["Microsoft.AspNetCore.Mvc.Formatters.HttpNoContentOutputFormatter","Microsoft.AspNetCore.Mvc.Formatters.StringOutputFormatter","Microsoft.AspNetCore.Mvc.Formatters.StreamOutputFormatter","Microsoft.AspNetCore.Mvc.Formatters.SystemTextJsonOutputFormatter"]
2026-05-04 09:26:58.531 +03:00 [DBG] No information found on request to perform content negotiation.
2026-05-04 09:26:58.532 +03:00 [DBG] Attempting to select an output formatter without using a content type as no explicit content types were specified for the response.
2026-05-04 09:26:58.532 +03:00 [DBG] Attempting to select the first formatter in the output formatters list which can write the result.
2026-05-04 09:26:58.533 +03:00 [DBG] Selected output formatter 'Microsoft.AspNetCore.Mvc.Formatters.SystemTextJsonOutputFormatter' and content type 'application/json' to write the response.
2026-05-04 09:26:58.535 +03:00 [INF] Executing OkObjectResult, writing value of type 'System.Collections.Generic.List`1[[DetectiveInterrogation.Models.Entities.Case, DetectiveInterrogation, Version=1.0.0.0, Culture=neutral, PublicKeyToken=null]]'.
2026-05-04 09:26:58.538 +03:00 [INF] Executed action DetectiveInterrogation.Controllers.CaseController.GetAllCases (DetectiveInterrogation) in 69.1356ms
2026-05-04 09:26:58.541 +03:00 [INF] Executed endpoint 'DetectiveInterrogation.Controllers.CaseController.GetAllCases (DetectiveInterrogation)'
2026-05-04 09:26:58.551 +03:00 [ERR] An unhandled exception occurred
System.Text.Json.JsonException: A possible object cycle was detected. This can either be due to a cycle or if the object depth is larger than the maximum allowed depth of 32. Consider using ReferenceHandler.Preserve on JsonSerializerOptions to support cycles. Path: $.Suspects.Case.Suspects.Case.Suspects.Case.Suspects.Case.Suspects.Case.Suspects.Case.Suspects.Case.Suspects.Case.Suspects.Case.Suspects.Case.Id.
   at System.Text.Json.ThrowHelper.ThrowJsonException_SerializerCycleDetected(Int32 maxDepth)
   at System.Text.Json.Serialization.Metadata.JsonPropertyInfo`1.GetMemberAndWriteJson(Object obj, WriteStack& state, Utf8JsonWriter writer)
   at System.Text.Json.Serialization.Converters.ObjectDefaultConverter`1.OnTryWrite(Utf8JsonWriter writer, T value, JsonSerializerOptions options, WriteStack& state)
   at System.Text.Json.Serialization.JsonConverter`1.TryWrite(Utf8JsonWriter writer, T& value, JsonSerializerOptions options, WriteStack& state)
   at System.Text.Json.Serialization.Metadata.JsonPropertyInfo`1.GetMemberAndWriteJson(Object obj, WriteStack& state, Utf8JsonWriter writer)
   at System.Text.Json.Serialization.Converters.ObjectDefaultConverter`1.OnTryWrite(Utf8JsonWriter writer, T value, JsonSerializerOptions options, WriteStack& state)
   at System.Text.Json.Serialization.JsonConverter`1.TryWrite(Utf8JsonWriter writer, T& value, JsonSerializerOptions options, WriteStack& state)
   at System.Text.Json.Serialization.Converters.IEnumerableDefaultConverter`2.OnWriteResume(Utf8JsonWriter writer, TCollection value, JsonSerializerOptions options, WriteStack& state)
   at System.Text.Json.Serialization.JsonCollectionConverter`2.OnTryWrite(Utf8JsonWriter writer, TCollection value, JsonSerializerOptions options, WriteStack& state)
   at System.Text.Json.Serialization.JsonConverter`1.TryWrite(Utf8JsonWriter writer, T& value, JsonSerializerOptions options, WriteStack& state)
   at System.Text.Json.Serialization.Metadata.JsonPropertyInfo`1.GetMemberAndWriteJson(Object obj, WriteStack& state, Utf8JsonWriter writer)
   at System.Text.Json.Serialization.Converters.ObjectDefaultConverter`1.OnTryWrite(Utf8JsonWriter writer, T value, JsonSerializerOptions options, WriteStack& state)
   at System.Text.Json.Serialization.JsonConverter`1.TryWrite(Utf8JsonWriter writer, T& value, JsonSerializerOptions options, WriteStack& state)
   at System.Text.Json.Serialization.Metadata.JsonPropertyInfo`1.GetMemberAndWriteJson(Object obj, WriteStack& state, Utf8JsonWriter writer)
   at System.Text.Json.Serialization.Converters.ObjectDefaultConverter`1.OnTryWrite(Utf8JsonWriter writer, T value, JsonSerializerOptions options, WriteStack& state)
   at System.Text.Json.Serialization.JsonConverter`1.TryWrite(Utf8JsonWriter writer, T& value, JsonSerializerOptions options, WriteStack& state)
   at System.Text.Json.Serialization.Converters.IEnumerableDefaultConverter`2.OnWriteResume(Utf8JsonWriter writer, TCollection value, JsonSerializerOptions options, WriteStack& state)
   at System.Text.Json.Serialization.JsonCollectionConverter`2.OnTryWrite(Utf8JsonWriter writer, TCollection value, JsonSerializerOptions options, WriteStack& state)
   at System.Text.Json.Serialization.JsonConverter`1.TryWrite(Utf8JsonWriter writer, T& value, JsonSerializerOptions options, WriteStack& state)
   at System.Text.Json.Serialization.Metadata.JsonPropertyInfo`1.GetMemberAndWriteJson(Object obj, WriteStack& state, Utf8JsonWriter writer)
   at System.Text.Json.Serialization.Converters.ObjectDefaultConverter`1.OnTryWrite(Utf8JsonWriter writer, T value, JsonSerializerOptions options, WriteStack& state)
   at System.Text.Json.Serialization.JsonConverter`1.TryWrite(Utf8JsonWriter writer, T& value, JsonSerializerOptions options, WriteStack& state)
   at System.Text.Json.Serialization.Metadata.JsonPropertyInfo`1.GetMemberAndWriteJson(Object obj, WriteStack& state, Utf8JsonWriter writer)
   at System.Text.Json.Serialization.Converters.ObjectDefaultConverter`1.OnTryWrite(Utf8JsonWriter writer, T value, JsonSerializerOptions options, WriteStack& state)
   at System.Text.Json.Serialization.JsonConverter`1.TryWrite(Utf8JsonWriter writer, T& value, JsonSerializerOptions options, WriteStack& state)
   at System.Text.Json.Serialization.Converters.IEnumerableDefaultConverter`2.OnWriteResume(Utf8JsonWriter writer, TCollection value, JsonSerializerOptions options, WriteStack& state)
   at System.Text.Json.Serialization.JsonCollectionConverter`2.OnTryWrite(Utf8JsonWriter writer, TCollection value, JsonSerializerOptions options, WriteStack& state)
   at System.Text.Json.Serialization.JsonConverter`1.TryWrite(Utf8JsonWriter writer, T& value, JsonSerializerOptions options, WriteStack& state)
   at System.Text.Json.Serialization.Metadata.JsonPropertyInfo`1.GetMemberAndWriteJson(Object obj, WriteStack& state, Utf8JsonWriter writer)
   at System.Text.Json.Serialization.Converters.ObjectDefaultConverter`1.OnTryWrite(Utf8JsonWriter writer, T value, JsonSerializerOptions options, WriteStack& state)
   at System.Text.Json.Serialization.JsonConverter`1.TryWrite(Utf8JsonWriter writer, T& value, JsonSerializerOptions options, WriteStack& state)
   at System.Text.Json.Serialization.Metadata.JsonPropertyInfo`1.GetMemberAndWriteJson(Object obj, WriteStack& state, Utf8JsonWriter writer)
   at System.Text.Json.Serialization.Converters.ObjectDefaultConverter`1.OnTryWrite(Utf8JsonWriter writer, T value, JsonSerializerOptions options, WriteStack& state)
   at System.Text.Json.Serialization.JsonConverter`1.TryWrite(Utf8JsonWriter writer, T& value, JsonSerializerOptions options, WriteStack& state)
   at System.Text.Json.Serialization.Converters.IEnumerableDefaultConverter`2.OnWriteResume(Utf8JsonWriter writer, TCollection value, JsonSerializerOptions options, WriteStack& state)
   at System.Text.Json.Serialization.JsonCollectionConverter`2.OnTryWrite(Utf8JsonWriter writer, TCollection value, JsonSerializerOptions options, WriteStack& state)
   at System.Text.Json.Serialization.JsonConverter`1.TryWrite(Utf8JsonWriter writer, T& value, JsonSerializerOptions options, WriteStack& state)
   at System.Text.Json.Serialization.Metadata.JsonPropertyInfo`1.GetMemberAndWriteJson(Object obj, WriteStack& state, Utf8JsonWriter writer)
   at System.Text.Json.Serialization.Converters.ObjectDefaultConverter`1.OnTryWrite(Utf8JsonWriter writer, T value, JsonSerializerOptions options, WriteStack& state)
   at System.Text.Json.Serialization.JsonConverter`1.TryWrite(Utf8JsonWriter writer, T& value, JsonSerializerOptions options, WriteStack& state)
   at System.Text.Json.Serialization.Metadata.JsonPropertyInfo`1.GetMemberAndWriteJson(Object obj, WriteStack& state, Utf8JsonWriter writer)
   at System.Text.Json.Serialization.Converters.ObjectDefaultConverter`1.OnTryWrite(Utf8JsonWriter writer, T value, JsonSerializerOptions options, WriteStack& state)
   at System.Text.Json.Serialization.JsonConverter`1.TryWrite(Utf8JsonWriter writer, T& value, JsonSerializerOptions options, WriteStack& state)
   at System.Text.Json.Serialization.Converters.IEnumerableDefaultConverter`2.OnWriteResume(Utf8JsonWriter writer, TCollection value, JsonSerializerOptions options, WriteStack& state)
   at System.Text.Json.Serialization.JsonCollectionConverter`2.OnTryWrite(Utf8JsonWriter writer, TCollection value, JsonSerializerOptions options, WriteStack& state)
   at System.Text.Json.Serialization.JsonConverter`1.TryWrite(Utf8JsonWriter writer, T& value, JsonSerializerOptions options, WriteStack& state)
   at System.Text.Json.Serialization.Metadata.JsonPropertyInfo`1.GetMemberAndWriteJson(Object obj, WriteStack& state, Utf8JsonWriter writer)
   at System.Text.Json.Serialization.Converters.ObjectDefaultConverter`1.OnTryWrite(Utf8JsonWriter writer, T value, JsonSerializerOptions options, WriteStack& state)
   at System.Text.Json.Serialization.JsonConverter`1.TryWrite(Utf8JsonWriter writer, T& value, JsonSerializerOptions options, WriteStack& state)
   at System.Text.Json.Serialization.Metadata.JsonPropertyInfo`1.GetMemberAndWriteJson(Object obj, WriteStack& state, Utf8JsonWriter writer)
   at System.Text.Json.Serialization.Converters.ObjectDefaultConverter`1.OnTryWrite(Utf8JsonWriter writer, T value, JsonSerializerOptions options, WriteStack& state)
   at System.Text.Json.Serialization.JsonConverter`1.TryWrite(Utf8JsonWriter writer, T& value, JsonSerializerOptions options, WriteStack& state)
   at System.Text.Json.Serialization.Converters.IEnumerableDefaultConverter`2.OnWriteResume(Utf8JsonWriter writer, TCollection value, JsonSerializerOptions options, WriteStack& state)
   at System.Text.Json.Serialization.JsonCollectionConverter`2.OnTryWrite(Utf8JsonWriter writer, TCollection value, JsonSerializerOptions options, WriteStack& state)
   at System.Text.Json.Serialization.JsonConverter`1.TryWrite(Utf8JsonWriter writer, T& value, JsonSerializerOptions options, WriteStack& state)
   at System.Text.Json.Serialization.Metadata.JsonPropertyInfo`1.GetMemberAndWriteJson(Object obj, WriteStack& state, Utf8JsonWriter writer)
   at System.Text.Json.Serialization.Converters.ObjectDefaultConverter`1.OnTryWrite(Utf8JsonWriter writer, T value, JsonSerializerOptions options, WriteStack& state)
   at System.Text.Json.Serialization.JsonConverter`1.TryWrite(Utf8JsonWriter writer, T& value, JsonSerializerOptions options, WriteStack& state)
   at System.Text.Json.Serialization.Metadata.JsonPropertyInfo`1.GetMemberAndWriteJson(Object obj, WriteStack& state, Utf8JsonWriter writer)
   at System.Text.Json.Serialization.Converters.ObjectDefaultConverter`1.OnTryWrite(Utf8JsonWriter writer, T value, JsonSerializerOptions options, WriteStack& state)
   at System.Text.Json.Serialization.JsonConverter`1.TryWrite(Utf8JsonWriter writer, T& value, JsonSerializerOptions options, WriteStack& state)
   at System.Text.Json.Serialization.Converters.IEnumerableDefaultConverter`2.OnWriteResume(Utf8JsonWriter writer, TCollection value, JsonSerializerOptions options, WriteStack& state)
   at System.Text.Json.Serialization.JsonCollectionConverter`2.OnTryWrite(Utf8JsonWriter writer, TCollection value, JsonSerializerOptions options, WriteStack& state)
   at System.Text.Json.Serialization.JsonConverter`1.TryWrite(Utf8JsonWriter writer, T& value, JsonSerializerOptions options, WriteStack& state)
   at System.Text.Json.Serialization.Metadata.JsonPropertyInfo`1.GetMemberAndWriteJson(Object obj, WriteStack& state, Utf8JsonWriter writer)
   at System.Text.Json.Serialization.Converters.ObjectDefaultConverter`1.OnTryWrite(Utf8JsonWriter writer, T value, JsonSerializerOptions options, WriteStack& state)
   at System.Text.Json.Serialization.JsonConverter`1.TryWrite(Utf8JsonWriter writer, T& value, JsonSerializerOptions options, WriteStack& state)
   at System.Text.Json.Serialization.Metadata.JsonPropertyInfo`1.GetMemberAndWriteJson(Object obj, WriteStack& state, Utf8JsonWriter writer)
   at System.Text.Json.Serialization.Converters.ObjectDefaultConverter`1.OnTryWrite(Utf8JsonWriter writer, T value, JsonSerializerOptions options, WriteStack& state)
   at System.Text.Json.Serialization.JsonConverter`1.TryWrite(Utf8JsonWriter writer, T& value, JsonSerializerOptions options, WriteStack& state)
   at System.Text.Json.Serialization.Converters.IEnumerableDefaultConverter`2.OnWriteResume(Utf8JsonWriter writer, TCollection value, JsonSerializerOptions options, WriteStack& state)
   at System.Text.Json.Serialization.JsonCollectionConverter`2.OnTryWrite(Utf8JsonWriter writer, TCollection value, JsonSerializerOptions options, WriteStack& state)
   at System.Text.Json.Serialization.JsonConverter`1.TryWrite(Utf8JsonWriter writer, T& value, JsonSerializerOptions options, WriteStack& state)
   at System.Text.Json.Serialization.Metadata.JsonPropertyInfo`1.GetMemberAndWriteJson(Object obj, WriteStack& state, Utf8JsonWriter writer)
   at System.Text.Json.Serialization.Converters.ObjectDefaultConverter`1.OnTryWrite(Utf8JsonWriter writer, T value, JsonSerializerOptions options, WriteStack& state)
   at System.Text.Json.Serialization.JsonConverter`1.TryWrite(Utf8JsonWriter writer, T& value, JsonSerializerOptions options, WriteStack& state)
   at System.Text.Json.Serialization.Metadata.JsonPropertyInfo`1.GetMemberAndWriteJson(Object obj, WriteStack& state, Utf8JsonWriter writer)
   at System.Text.Json.Serialization.Converters.ObjectDefaultConverter`1.OnTryWrite(Utf8JsonWriter writer, T value, JsonSerializerOptions options, WriteStack& state)
   at System.Text.Json.Serialization.JsonConverter`1.TryWrite(Utf8JsonWriter writer, T& value, JsonSerializerOptions options, WriteStack& state)
   at System.Text.Json.Serialization.Converters.IEnumerableDefaultConverter`2.OnWriteResume(Utf8JsonWriter writer, TCollection value, JsonSerializerOptions options, WriteStack& state)
   at System.Text.Json.Serialization.JsonCollectionConverter`2.OnTryWrite(Utf8JsonWriter writer, TCollection value, JsonSerializerOptions options, WriteStack& state)
   at System.Text.Json.Serialization.JsonConverter`1.TryWrite(Utf8JsonWriter writer, T& value, JsonSerializerOptions options, WriteStack& state)
   at System.Text.Json.Serialization.Metadata.JsonPropertyInfo`1.GetMemberAndWriteJson(Object obj, WriteStack& state, Utf8JsonWriter writer)
   at System.Text.Json.Serialization.Converters.ObjectDefaultConverter`1.OnTryWrite(Utf8JsonWriter writer, T value, JsonSerializerOptions options, WriteStack& state)
   at System.Text.Json.Serialization.JsonConverter`1.TryWrite(Utf8JsonWriter writer, T& value, JsonSerializerOptions options, WriteStack& state)
   at System.Text.Json.Serialization.Metadata.JsonPropertyInfo`1.GetMemberAndWriteJson(Object obj, WriteStack& state, Utf8JsonWriter writer)
   at System.Text.Json.Serialization.Converters.ObjectDefaultConverter`1.OnTryWrite(Utf8JsonWriter writer, T value, JsonSerializerOptions options, WriteStack& state)
   at System.Text.Json.Serialization.JsonConverter`1.TryWrite(Utf8JsonWriter writer, T& value, JsonSerializerOptions options, WriteStack& state)
   at System.Text.Json.Serialization.Converters.IEnumerableDefaultConverter`2.OnWriteResume(Utf8JsonWriter writer, TCollection value, JsonSerializerOptions options, WriteStack& state)
   at System.Text.Json.Serialization.JsonCollectionConverter`2.OnTryWrite(Utf8JsonWriter writer, TCollection value, JsonSerializerOptions options, WriteStack& state)
   at System.Text.Json.Serialization.JsonConverter`1.TryWrite(Utf8JsonWriter writer, T& value, JsonSerializerOptions options, WriteStack& state)
   at System.Text.Json.Serialization.Metadata.JsonPropertyInfo`1.GetMemberAndWriteJson(Object obj, WriteStack& state, Utf8JsonWriter writer)
   at System.Text.Json.Serialization.Converters.ObjectDefaultConverter`1.OnTryWrite(Utf8JsonWriter writer, T value, JsonSerializerOptions options, WriteStack& state)
   at System.Text.Json.Serialization.JsonConverter`1.TryWrite(Utf8JsonWriter writer, T& value, JsonSerializerOptions options, WriteStack& state)
   at System.Text.Json.Serialization.Converters.ListOfTConverter`2.OnWriteResume(Utf8JsonWriter writer, TCollection value, JsonSerializerOptions options, WriteStack& state)
   at System.Text.Json.Serialization.JsonCollectionConverter`2.OnTryWrite(Utf8JsonWriter writer, TCollection value, JsonSerializerOptions options, WriteStack& state)
   at System.Text.Json.Serialization.JsonConverter`1.TryWrite(Utf8JsonWriter writer, T& value, JsonSerializerOptions options, WriteStack& state)
   at System.Text.Json.Serialization.JsonConverter`1.WriteCore(Utf8JsonWriter writer, T& value, JsonSerializerOptions options, WriteStack& state)
   at System.Text.Json.Serialization.Metadata.JsonTypeInfo`1.SerializeAsync(Stream utf8Json, T rootValue, CancellationToken cancellationToken, Object rootValueBoxed)
   at System.Text.Json.Serialization.Metadata.JsonTypeInfo`1.SerializeAsync(Stream utf8Json, T rootValue, CancellationToken cancellationToken, Object rootValueBoxed)
   at System.Text.Json.Serialization.Metadata.JsonTypeInfo`1.SerializeAsync(Stream utf8Json, T rootValue, CancellationToken cancellationToken, Object rootValueBoxed)
   at Microsoft.AspNetCore.Mvc.Formatters.SystemTextJsonOutputFormatter.WriteResponseBodyAsync(OutputFormatterWriteContext context, Encoding selectedEncoding)
   at Microsoft.AspNetCore.Mvc.Infrastructure.ResourceInvoker.<InvokeNextResultFilterAsync>g__Awaited|30_0[TFilter,TFilterAsync](ResourceInvoker invoker, Task lastTask, State next, Scope scope, Object state, Boolean isCompleted)
   at Microsoft.AspNetCore.Mvc.Infrastructure.ResourceInvoker.Rethrow(ResultExecutedContextSealed context)
   at Microsoft.AspNetCore.Mvc.Infrastructure.ResourceInvoker.ResultNext[TFilter,TFilterAsync](State& next, Scope& scope, Object& state, Boolean& isCompleted)
   at Microsoft.AspNetCore.Mvc.Infrastructure.ResourceInvoker.InvokeResultFilters()
--- End of stack trace from previous location ---
   at Microsoft.AspNetCore.Mvc.Infrastructure.ResourceInvoker.<InvokeNextResourceFilter>g__Awaited|25_0(ResourceInvoker invoker, Task lastTask, State next, Scope scope, Object state, Boolean isCompleted)
   at Microsoft.AspNetCore.Mvc.Infrastructure.ResourceInvoker.Rethrow(ResourceExecutedContextSealed context)
   at Microsoft.AspNetCore.Mvc.Infrastructure.ResourceInvoker.Next(State& next, Scope& scope, Object& state, Boolean& isCompleted)
   at Microsoft.AspNetCore.Mvc.Infrastructure.ResourceInvoker.<InvokeFilterPipelineAsync>g__Awaited|20_0(ResourceInvoker invoker, Task lastTask, State next, Scope scope, Object state, Boolean isCompleted)
   at Microsoft.AspNetCore.Mvc.Infrastructure.ResourceInvoker.<InvokeAsync>g__Logged|17_1(ResourceInvoker invoker)
   at Microsoft.AspNetCore.Mvc.Infrastructure.ResourceInvoker.<InvokeAsync>g__Logged|17_1(ResourceInvoker invoker)
   at Microsoft.AspNetCore.Routing.EndpointMiddleware.<Invoke>g__AwaitRequestTask|7_0(Endpoint endpoint, Task requestTask, ILogger logger)
   at Microsoft.AspNetCore.Authorization.AuthorizationMiddleware.Invoke(HttpContext context)
   at Microsoft.AspNetCore.Authentication.AuthenticationMiddleware.Invoke(HttpContext context)
   at DetectiveInterrogation.Middleware.RequestLoggingMiddleware.InvokeAsync(HttpContext context) in C:\Users\vikto\OneDrive\Desktop\sem\DetectiveInterrogation\Middleware\RequestLoggingMiddleware.cs:line 25
   at DetectiveInterrogation.Middleware.ExceptionHandlingMiddleware.InvokeAsync(HttpContext context) in C:\Users\vikto\OneDrive\Desktop\sem\DetectiveInterrogation\Middleware\ExceptionHandlingMiddleware.cs:line 22
2026-05-04 09:26:58.625 +03:00 [DBG] Connection id "0HNL9KFNH0QVQ" completed keep alive response.
2026-05-04 09:26:58.627 +03:00 [DBG] 'AppDbContext' disposed.
2026-05-04 09:26:58.628 +03:00 [DBG] Disposing connection to database 'DetectiveInterrogation' on server 'tcp://localhost:5432'.
2026-05-04 09:26:58.629 +03:00 [DBG] Disposed connection to database 'DetectiveInterrogation' on server 'tcp://localhost:5432' (1ms).
2026-05-04 09:26:58.631 +03:00 [INF] Request finished HTTP/1.1 GET http://localhost:5000/api/Case - 500 null application/json; charset=utf-8 191.583ms
2026-05-04 09:27:05.720 +03:00 [INF] Request starting HTTP/1.1 GET http://localhost:5000/ - null null
2026-05-04 09:27:05.725 +03:00 [DBG] The request is insecure. Skipping HSTS header.
2026-05-04 09:27:05.727 +03:00 [INF] Request started: GET /
2026-05-04 09:27:05.741 +03:00 [DBG] The request path / does not match a supported file type
2026-05-04 09:27:05.744 +03:00 [DBG] 1 candidate(s) found for the request path '/'
2026-05-04 09:27:05.766 +03:00 [DBG] Endpoint 'DetectiveInterrogation.Controllers.HomeController.Index (DetectiveInterrogation)' with route pattern '{controller=Home}/{action=Index}/{id?}' is valid for the request path '/'
2026-05-04 09:27:05.786 +03:00 [DBG] Request matched endpoint 'DetectiveInterrogation.Controllers.HomeController.Index (DetectiveInterrogation)'
2026-05-04 09:27:05.789 +03:00 [DBG] AuthenticationScheme: Bearer was not authenticated.
2026-05-04 09:27:05.801 +03:00 [INF] Executing endpoint 'DetectiveInterrogation.Controllers.HomeController.Index (DetectiveInterrogation)'
2026-05-04 09:27:05.803 +03:00 [INF] Route matched with {action = "Index", controller = "Home"}. Executing controller action with signature Microsoft.AspNetCore.Mvc.IActionResult Index() on controller DetectiveInterrogation.Controllers.HomeController (DetectiveInterrogation).
2026-05-04 09:27:05.834 +03:00 [DBG] Execution plan of authorization filters (in the following order): ["None"]
2026-05-04 09:27:05.855 +03:00 [DBG] Execution plan of resource filters (in the following order): ["Microsoft.AspNetCore.Mvc.ViewFeatures.Filters.SaveTempDataFilter"]
2026-05-04 09:27:05.859 +03:00 [DBG] Execution plan of action filters (in the following order): ["Microsoft.AspNetCore.Mvc.Filters.ControllerActionFilter (Order: -2147483648)","Microsoft.AspNetCore.Mvc.ModelBinding.UnsupportedContentTypeFilter (Order: -3000)"]
2026-05-04 09:27:05.937 +03:00 [DBG] Execution plan of exception filters (in the following order): ["None"]
2026-05-04 09:27:05.955 +03:00 [DBG] Execution plan of result filters (in the following order): ["Microsoft.AspNetCore.Mvc.ViewFeatures.Filters.SaveTempDataFilter"]
2026-05-04 09:27:05.959 +03:00 [DBG] Executing controller factory for controller DetectiveInterrogation.Controllers.HomeController (DetectiveInterrogation)
2026-05-04 09:27:05.971 +03:00 [DBG] Executed controller factory for controller DetectiveInterrogation.Controllers.HomeController (DetectiveInterrogation)
2026-05-04 09:27:05.973 +03:00 [DBG] View lookup cache hit for view 'Index' in controller 'Home'.
2026-05-04 09:27:05.987 +03:00 [INF] Executing ViewResult, running view Index.
2026-05-04 09:27:06.000 +03:00 [DBG] The view path '/Views/Home/Index.cshtml' was found in 27.3488ms.
2026-05-04 09:27:06.005 +03:00 [DBG] View lookup cache hit for view '_Layout' in controller 'Home'.
2026-05-04 09:27:06.012 +03:00 [INF] Executed ViewResult - view Index executed in 38.9797ms.
2026-05-04 09:27:06.015 +03:00 [INF] Executed action DetectiveInterrogation.Controllers.HomeController.Index (DetectiveInterrogation) in 56.0514ms
2026-05-04 09:27:06.018 +03:00 [INF] Executed endpoint 'DetectiveInterrogation.Controllers.HomeController.Index (DetectiveInterrogation)'
2026-05-04 09:27:06.019 +03:00 [INF] Request completed: GET / - Status: 200 - Duration: 292.25ms
2026-05-04 09:27:06.021 +03:00 [DBG] Connection id "0HNL9KFNH0QVQ" completed keep alive response.
2026-05-04 09:27:06.023 +03:00 [INF] Request finished HTTP/1.1 GET http://localhost:5000/ - 200 null text/html; charset=utf-8 302.3748ms
2026-05-04 09:27:06.031 +03:00 [INF] Request starting HTTP/1.1 GET http://localhost:5000/api/Case/main-newspaper - application/json null
2026-05-04 09:27:06.034 +03:00 [DBG] The request is insecure. Skipping HSTS header.
2026-05-04 09:27:06.035 +03:00 [INF] Request started: GET /api/Case/main-newspaper
2026-05-04 09:27:06.037 +03:00 [DBG] The request path /api/Case/main-newspaper does not match a supported file type
2026-05-04 09:27:06.038 +03:00 [DBG] 2 candidate(s) found for the request path '/api/Case/main-newspaper'
2026-05-04 09:27:06.041 +03:00 [DBG] Endpoint 'DetectiveInterrogation.Controllers.CaseController.GetMainNewspaper (DetectiveInterrogation)' with route pattern 'api/Case/main-newspaper' is valid for the request path '/api/Case/main-newspaper'
2026-05-04 09:27:06.043 +03:00 [DBG] Endpoint 'DetectiveInterrogation.Controllers.CaseController.GetCaseById (DetectiveInterrogation)' with route pattern 'api/Case/{caseId}' is valid for the request path '/api/Case/main-newspaper'
2026-05-04 09:27:06.044 +03:00 [DBG] Request matched endpoint 'DetectiveInterrogation.Controllers.CaseController.GetMainNewspaper (DetectiveInterrogation)'
2026-05-04 09:27:06.045 +03:00 [DBG] Successfully validated the token.
2026-05-04 09:27:06.046 +03:00 [DBG] AuthenticationScheme: Bearer was successfully authenticated.
2026-05-04 09:27:06.048 +03:00 [INF] Executing endpoint 'DetectiveInterrogation.Controllers.CaseController.GetMainNewspaper (DetectiveInterrogation)'
2026-05-04 09:27:06.049 +03:00 [INF] Route matched with {action = "GetMainNewspaper", controller = "Case"}. Executing controller action with signature System.Threading.Tasks.Task`1[Microsoft.AspNetCore.Mvc.IActionResult] GetMainNewspaper() on controller DetectiveInterrogation.Controllers.CaseController (DetectiveInterrogation).
2026-05-04 09:27:06.051 +03:00 [DBG] Execution plan of authorization filters (in the following order): ["None"]
2026-05-04 09:27:06.052 +03:00 [DBG] Execution plan of resource filters (in the following order): ["Microsoft.AspNetCore.Mvc.ViewFeatures.Filters.SaveTempDataFilter"]
2026-05-04 09:27:06.055 +03:00 [DBG] Execution plan of action filters (in the following order): ["Microsoft.AspNetCore.Mvc.ModelBinding.UnsupportedContentTypeFilter (Order: -3000)","Microsoft.AspNetCore.Mvc.Infrastructure.ModelStateInvalidFilter (Order: -2000)"]
2026-05-04 09:27:06.060 +03:00 [DBG] Execution plan of exception filters (in the following order): ["None"]
2026-05-04 09:27:06.061 +03:00 [DBG] Execution plan of result filters (in the following order): ["Microsoft.AspNetCore.Mvc.ViewFeatures.Filters.SaveTempDataFilter","Microsoft.AspNetCore.Mvc.Infrastructure.ClientErrorResultFilter (Order: -2000)"]
2026-05-04 09:27:06.063 +03:00 [DBG] Executing controller factory for controller DetectiveInterrogation.Controllers.CaseController (DetectiveInterrogation)
2026-05-04 09:27:06.065 +03:00 [DBG] Executed controller factory for controller DetectiveInterrogation.Controllers.CaseController (DetectiveInterrogation)
2026-05-04 09:27:06.067 +03:00 [DBG] Entity Framework Core 8.0.4 initialized 'AppDbContext' using provider 'Npgsql.EntityFrameworkCore.PostgreSQL:8.0.4+51faf6e9c9c7ef99c3e98d98a96adb8fa8ae4553' with options: None
2026-05-04 09:27:06.069 +03:00 [DBG] Creating DbConnection.
2026-05-04 09:27:06.070 +03:00 [DBG] Created DbConnection. (0ms).
2026-05-04 09:27:06.072 +03:00 [DBG] Opening connection to database 'DetectiveInterrogation' on server 'tcp://localhost:5432'.
2026-05-04 09:27:06.074 +03:00 [DBG] Opened connection to database 'DetectiveInterrogation' on server 'tcp://localhost:5432'.
2026-05-04 09:27:06.075 +03:00 [DBG] Creating DbCommand for 'ExecuteReader'.
2026-05-04 09:27:06.077 +03:00 [DBG] Created DbCommand for 'ExecuteReader' (1ms).
2026-05-04 09:27:06.079 +03:00 [DBG] Initialized DbCommand for 'ExecuteReader' (3ms).
2026-05-04 09:27:06.080 +03:00 [DBG] Executing DbCommand [Parameters=[], CommandType='"Text"', CommandTimeout='30']
SELECT c."Id", c."FullDescription", c."NewspaperText", c."ShortDescription", c."Title", s."Id", s."CaseId", s."Description", s."InitialAggression", s."InitialTrust", s."IsGuilty", s."Name", e."Id", e."CaseId", e."FullText", e."ShortText", e."Title"
FROM "Cases" AS c
LEFT JOIN "Suspects" AS s ON c."Id" = s."CaseId"
LEFT JOIN "Evidence" AS e ON c."Id" = e."CaseId"
ORDER BY c."Id", s."Id"
2026-05-04 09:27:06.083 +03:00 [INF] Executed DbCommand (3ms) [Parameters=[], CommandType='"Text"', CommandTimeout='30']
SELECT c."Id", c."FullDescription", c."NewspaperText", c."ShortDescription", c."Title", s."Id", s."CaseId", s."Description", s."InitialAggression", s."InitialTrust", s."IsGuilty", s."Name", e."Id", e."CaseId", e."FullText", e."ShortText", e."Title"
FROM "Cases" AS c
LEFT JOIN "Suspects" AS s ON c."Id" = s."CaseId"
LEFT JOIN "Evidence" AS e ON c."Id" = e."CaseId"
ORDER BY c."Id", s."Id"
2026-05-04 09:27:06.086 +03:00 [DBG] Context 'AppDbContext' started tracking 'Case' entity. Consider using 'DbContextOptionsBuilder.EnableSensitiveDataLogging' to see key values.
2026-05-04 09:27:06.092 +03:00 [DBG] Context 'AppDbContext' started tracking 'Suspect' entity. Consider using 'DbContextOptionsBuilder.EnableSensitiveDataLogging' to see key values.
2026-05-04 09:27:06.097 +03:00 [DBG] Context 'AppDbContext' started tracking 'Evidence' entity. Consider using 'DbContextOptionsBuilder.EnableSensitiveDataLogging' to see key values.
2026-05-04 09:27:06.099 +03:00 [DBG] Context 'AppDbContext' started tracking 'Evidence' entity. Consider using 'DbContextOptionsBuilder.EnableSensitiveDataLogging' to see key values.
2026-05-04 09:27:06.101 +03:00 [DBG] Context 'AppDbContext' started tracking 'Evidence' entity. Consider using 'DbContextOptionsBuilder.EnableSensitiveDataLogging' to see key values.
2026-05-04 09:27:06.113 +03:00 [DBG] Context 'AppDbContext' started tracking 'Suspect' entity. Consider using 'DbContextOptionsBuilder.EnableSensitiveDataLogging' to see key values.
2026-05-04 09:27:06.114 +03:00 [DBG] Closing data reader to 'DetectiveInterrogation' on server 'tcp://localhost:5432'.
2026-05-04 09:27:06.117 +03:00 [DBG] A data reader for 'DetectiveInterrogation' on server 'tcp://localhost:5432' is being disposed after spending 31ms reading results.
2026-05-04 09:27:06.123 +03:00 [DBG] Closing connection to database 'DetectiveInterrogation' on server 'tcp://localhost:5432'.
2026-05-04 09:27:06.125 +03:00 [DBG] Closed connection to database 'DetectiveInterrogation' on server 'tcp://localhost:5432' (2ms).
2026-05-04 09:27:06.128 +03:00 [DBG] List of registered output formatters, in the following order: ["Microsoft.AspNetCore.Mvc.Formatters.HttpNoContentOutputFormatter","Microsoft.AspNetCore.Mvc.Formatters.StringOutputFormatter","Microsoft.AspNetCore.Mvc.Formatters.StreamOutputFormatter","Microsoft.AspNetCore.Mvc.Formatters.SystemTextJsonOutputFormatter"]
2026-05-04 09:27:06.133 +03:00 [DBG] No information found on request to perform content negotiation.
2026-05-04 09:27:06.135 +03:00 [DBG] Attempting to select an output formatter without using a content type as no explicit content types were specified for the response.
2026-05-04 09:27:06.145 +03:00 [DBG] Attempting to select the first formatter in the output formatters list which can write the result.
2026-05-04 09:27:06.146 +03:00 [DBG] Selected output formatter 'Microsoft.AspNetCore.Mvc.Formatters.SystemTextJsonOutputFormatter' and content type 'application/json' to write the response.
2026-05-04 09:27:06.147 +03:00 [INF] Executing OkObjectResult, writing value of type '<>f__AnonymousType2`3[[System.Int32, System.Private.CoreLib, Version=8.0.0.0, Culture=neutral, PublicKeyToken=7cec85d7bea7798e],[System.String, System.Private.CoreLib, Version=8.0.0.0, Culture=neutral, PublicKeyToken=7cec85d7bea7798e],[System.String, System.Private.CoreLib, Version=8.0.0.0, Culture=neutral, PublicKeyToken=7cec85d7bea7798e]]'.
2026-05-04 09:27:06.150 +03:00 [INF] Executed action DetectiveInterrogation.Controllers.CaseController.GetMainNewspaper (DetectiveInterrogation) in 86.6387ms
2026-05-04 09:27:06.180 +03:00 [INF] Executed endpoint 'DetectiveInterrogation.Controllers.CaseController.GetMainNewspaper (DetectiveInterrogation)'
2026-05-04 09:27:06.182 +03:00 [INF] Request completed: GET /api/Case/main-newspaper - Status: 200 - Duration: 146.465ms
2026-05-04 09:27:06.192 +03:00 [DBG] Connection id "0HNL9KFNH0QVQ" completed keep alive response.
2026-05-04 09:27:06.194 +03:00 [DBG] 'AppDbContext' disposed.
2026-05-04 09:27:06.195 +03:00 [DBG] Disposing connection to database 'DetectiveInterrogation' on server 'tcp://localhost:5432'.
2026-05-04 09:27:06.197 +03:00 [DBG] Disposed connection to database 'DetectiveInterrogation' on server 'tcp://localhost:5432' (1ms).
2026-05-04 09:27:06.198 +03:00 [INF] Request finished HTTP/1.1 GET http://localhost:5000/api/Case/main-newspaper - 200 null application/json; charset=utf-8 166.8917ms
2026-05-04 09:27:09.225 +03:00 [INF] Request starting HTTP/1.1 GET http://localhost:5000/profile - null null
2026-05-04 09:27:09.229 +03:00 [DBG] The request is insecure. Skipping HSTS header.
2026-05-04 09:27:09.230 +03:00 [INF] Request started: GET /profile
2026-05-04 09:27:09.231 +03:00 [DBG] The request path /profile does not match a supported file type
2026-05-04 09:27:09.240 +03:00 [DBG] 1 candidate(s) found for the request path '/profile'
2026-05-04 09:27:09.242 +03:00 [DBG] Endpoint 'DetectiveInterrogation.Controllers.PageController.Profile (DetectiveInterrogation)' with route pattern 'profile' is valid for the request path '/profile'
2026-05-04 09:27:09.244 +03:00 [DBG] Request matched endpoint 'DetectiveInterrogation.Controllers.PageController.Profile (DetectiveInterrogation)'
2026-05-04 09:27:09.246 +03:00 [DBG] AuthenticationScheme: Bearer was not authenticated.
2026-05-04 09:27:09.247 +03:00 [INF] Executing endpoint 'DetectiveInterrogation.Controllers.PageController.Profile (DetectiveInterrogation)'
2026-05-04 09:27:09.251 +03:00 [INF] Route matched with {action = "Profile", controller = "Page"}. Executing controller action with signature Microsoft.AspNetCore.Mvc.IActionResult Profile() on controller DetectiveInterrogation.Controllers.PageController (DetectiveInterrogation).
2026-05-04 09:27:09.254 +03:00 [DBG] Execution plan of authorization filters (in the following order): ["None"]
2026-05-04 09:27:09.256 +03:00 [DBG] Execution plan of resource filters (in the following order): ["Microsoft.AspNetCore.Mvc.ViewFeatures.Filters.SaveTempDataFilter"]
2026-05-04 09:27:09.259 +03:00 [DBG] Execution plan of action filters (in the following order): ["Microsoft.AspNetCore.Mvc.Filters.ControllerActionFilter (Order: -2147483648)","Microsoft.AspNetCore.Mvc.ModelBinding.UnsupportedContentTypeFilter (Order: -3000)"]
2026-05-04 09:27:09.261 +03:00 [DBG] Execution plan of exception filters (in the following order): ["None"]
2026-05-04 09:27:09.270 +03:00 [DBG] Execution plan of result filters (in the following order): ["Microsoft.AspNetCore.Mvc.ViewFeatures.Filters.SaveTempDataFilter"]
2026-05-04 09:27:09.273 +03:00 [DBG] Executing controller factory for controller DetectiveInterrogation.Controllers.PageController (DetectiveInterrogation)
2026-05-04 09:27:09.275 +03:00 [DBG] Executed controller factory for controller DetectiveInterrogation.Controllers.PageController (DetectiveInterrogation)
2026-05-04 09:27:09.277 +03:00 [INF] Executing ViewResult, running view ~/Views/Achievement/Index.cshtml.
2026-05-04 09:27:09.279 +03:00 [DBG] The view path '/Views/Achievement/Index.cshtml' was found in 1.4394ms.
2026-05-04 09:27:09.291 +03:00 [DBG] View lookup cache hit for view '_Layout' in controller 'Page'.
2026-05-04 09:27:09.294 +03:00 [INF] Executed ViewResult - view ~/Views/Achievement/Index.cshtml executed in 16.6281ms.
2026-05-04 09:27:09.304 +03:00 [INF] Executed action DetectiveInterrogation.Controllers.PageController.Profile (DetectiveInterrogation) in 31.9994ms
2026-05-04 09:27:09.306 +03:00 [INF] Executed endpoint 'DetectiveInterrogation.Controllers.PageController.Profile (DetectiveInterrogation)'
2026-05-04 09:27:09.308 +03:00 [INF] Request completed: GET /profile - Status: 200 - Duration: 78.0508ms
2026-05-04 09:27:09.310 +03:00 [DBG] Connection id "0HNL9KFNH0QVQ" completed keep alive response.
2026-05-04 09:27:09.320 +03:00 [INF] Request finished HTTP/1.1 GET http://localhost:5000/profile - 200 null text/html; charset=utf-8 95.4328ms
2026-05-04 09:27:09.324 +03:00 [INF] Request starting HTTP/1.1 GET http://localhost:5000/api/Achievement/user - application/json null
2026-05-04 09:27:09.328 +03:00 [DBG] The request is insecure. Skipping HSTS header.
2026-05-04 09:27:09.331 +03:00 [INF] Request started: GET /api/Achievement/user
2026-05-04 09:27:09.333 +03:00 [DBG] The request path /api/Achievement/user does not match a supported file type
2026-05-04 09:27:09.334 +03:00 [DBG] 2 candidate(s) found for the request path '/api/Achievement/user'
2026-05-04 09:27:09.335 +03:00 [DBG] Endpoint 'DetectiveInterrogation.Controllers.AchievementController.GetUserAchievements (DetectiveInterrogation)' with route pattern 'api/Achievement/user' is valid for the request path '/api/Achievement/user'
2026-05-04 09:27:09.336 +03:00 [DBG] Endpoint 'DetectiveInterrogation.Controllers.AchievementController.GetAchievementById (DetectiveInterrogation)' with route pattern 'api/Achievement/{achievementId}' is valid for the request path '/api/Achievement/user'
2026-05-04 09:27:09.338 +03:00 [DBG] Request matched endpoint 'DetectiveInterrogation.Controllers.AchievementController.GetUserAchievements (DetectiveInterrogation)'
2026-05-04 09:27:09.339 +03:00 [DBG] Successfully validated the token.
2026-05-04 09:27:09.341 +03:00 [DBG] AuthenticationScheme: Bearer was successfully authenticated.
2026-05-04 09:27:09.343 +03:00 [DBG] Authorization was successful.
2026-05-04 09:27:09.344 +03:00 [INF] Executing endpoint 'DetectiveInterrogation.Controllers.AchievementController.GetUserAchievements (DetectiveInterrogation)'
2026-05-04 09:27:09.350 +03:00 [INF] Route matched with {action = "GetUserAchievements", controller = "Achievement"}. Executing controller action with signature System.Threading.Tasks.Task`1[Microsoft.AspNetCore.Mvc.IActionResult] GetUserAchievements() on controller DetectiveInterrogation.Controllers.AchievementController (DetectiveInterrogation).
2026-05-04 09:27:09.354 +03:00 [DBG] Execution plan of authorization filters (in the following order): ["None"]
2026-05-04 09:27:09.357 +03:00 [DBG] Execution plan of resource filters (in the following order): ["Microsoft.AspNetCore.Mvc.ViewFeatures.Filters.SaveTempDataFilter"]
2026-05-04 09:27:09.363 +03:00 [DBG] Execution plan of action filters (in the following order): ["Microsoft.AspNetCore.Mvc.ModelBinding.UnsupportedContentTypeFilter (Order: -3000)","Microsoft.AspNetCore.Mvc.Infrastructure.ModelStateInvalidFilter (Order: -2000)"]
2026-05-04 09:27:09.365 +03:00 [DBG] Execution plan of exception filters (in the following order): ["None"]
2026-05-04 09:27:09.367 +03:00 [DBG] Execution plan of result filters (in the following order): ["Microsoft.AspNetCore.Mvc.ViewFeatures.Filters.SaveTempDataFilter","Microsoft.AspNetCore.Mvc.Infrastructure.ClientErrorResultFilter (Order: -2000)"]
2026-05-04 09:27:09.370 +03:00 [DBG] Executing controller factory for controller DetectiveInterrogation.Controllers.AchievementController (DetectiveInterrogation)
2026-05-04 09:27:09.374 +03:00 [DBG] Executed controller factory for controller DetectiveInterrogation.Controllers.AchievementController (DetectiveInterrogation)
2026-05-04 09:27:09.385 +03:00 [DBG] Entity Framework Core 8.0.4 initialized 'AppDbContext' using provider 'Npgsql.EntityFrameworkCore.PostgreSQL:8.0.4+51faf6e9c9c7ef99c3e98d98a96adb8fa8ae4553' with options: None
2026-05-04 09:27:09.403 +03:00 [DBG] Compiling query expression: 
'DbSet<UserAchievement>()
    .Where(ua => ua.UserId == __userId_0)
    .Select(ua => ua.Achievement)'
2026-05-04 09:27:09.446 +03:00 [DBG] Generated query execution expression: 
'queryContext => new SingleQueryingEnumerable<Achievement>(
    (RelationalQueryContext)queryContext, 
    RelationalCommandCache.QueryExpression(
        Projection Mapping:
            EmptyProjectionMember -> Dictionary<IProperty, int> { [Property: Achievement.Id (int) Required PK AfterSave:Throw ValueGenerated.OnAdd, 0], [Property: Achievement.Description (string), 1], [Property: Achievement.Title (string) Required MaxLength(255), 2] }
        SELECT a.Id, a.Description, a.Title
        FROM UserAchievements AS u
        INNER JOIN Achievements AS a ON u.AchievementId == a.Id
        WHERE u.UserId == @__userId_0), 
    null, 
    Func<QueryContext, DbDataReader, ResultContext, SingleQueryResultCoordinator, Achievement>, 
    DetectiveInterrogation.Data.AppDbContext, 
    False, 
    False, 
    True
)'
2026-05-04 09:27:09.455 +03:00 [DBG] Creating DbConnection.
2026-05-04 09:27:09.457 +03:00 [DBG] Created DbConnection. (1ms).
2026-05-04 09:27:09.459 +03:00 [DBG] Opening connection to database 'DetectiveInterrogation' on server 'tcp://localhost:5432'.
2026-05-04 09:27:09.462 +03:00 [DBG] Opened connection to database 'DetectiveInterrogation' on server 'tcp://localhost:5432'.
2026-05-04 09:27:09.464 +03:00 [DBG] Creating DbCommand for 'ExecuteReader'.
2026-05-04 09:27:09.466 +03:00 [DBG] Created DbCommand for 'ExecuteReader' (1ms).
2026-05-04 09:27:09.473 +03:00 [DBG] Initialized DbCommand for 'ExecuteReader' (9ms).
2026-05-04 09:27:09.477 +03:00 [DBG] Executing DbCommand [Parameters=[@__userId_0='?' (DbType = Int32)], CommandType='"Text"', CommandTimeout='30']
SELECT a."Id", a."Description", a."Title"
FROM "UserAchievements" AS u
INNER JOIN "Achievements" AS a ON u."AchievementId" = a."Id"
WHERE u."UserId" = @__userId_0
2026-05-04 09:27:09.491 +03:00 [INF] Executed DbCommand (14ms) [Parameters=[@__userId_0='?' (DbType = Int32)], CommandType='"Text"', CommandTimeout='30']
SELECT a."Id", a."Description", a."Title"
FROM "UserAchievements" AS u
INNER JOIN "Achievements" AS a ON u."AchievementId" = a."Id"
WHERE u."UserId" = @__userId_0
2026-05-04 09:27:09.495 +03:00 [DBG] Closing data reader to 'DetectiveInterrogation' on server 'tcp://localhost:5432'.
2026-05-04 09:27:09.497 +03:00 [DBG] A data reader for 'DetectiveInterrogation' on server 'tcp://localhost:5432' is being disposed after spending 2ms reading results.
2026-05-04 09:27:09.502 +03:00 [DBG] Closing connection to database 'DetectiveInterrogation' on server 'tcp://localhost:5432'.
2026-05-04 09:27:09.504 +03:00 [DBG] Closed connection to database 'DetectiveInterrogation' on server 'tcp://localhost:5432' (2ms).
2026-05-04 09:27:09.507 +03:00 [DBG] List of registered output formatters, in the following order: ["Microsoft.AspNetCore.Mvc.Formatters.HttpNoContentOutputFormatter","Microsoft.AspNetCore.Mvc.Formatters.StringOutputFormatter","Microsoft.AspNetCore.Mvc.Formatters.StreamOutputFormatter","Microsoft.AspNetCore.Mvc.Formatters.SystemTextJsonOutputFormatter"]
2026-05-04 09:27:09.511 +03:00 [DBG] No information found on request to perform content negotiation.
2026-05-04 09:27:09.512 +03:00 [DBG] Attempting to select an output formatter without using a content type as no explicit content types were specified for the response.
2026-05-04 09:27:09.514 +03:00 [DBG] Attempting to select the first formatter in the output formatters list which can write the result.
2026-05-04 09:27:09.523 +03:00 [DBG] Selected output formatter 'Microsoft.AspNetCore.Mvc.Formatters.SystemTextJsonOutputFormatter' and content type 'application/json' to write the response.
2026-05-04 09:27:09.526 +03:00 [INF] Executing OkObjectResult, writing value of type 'System.Collections.Generic.List`1[[DetectiveInterrogation.Models.Entities.Achievement, DetectiveInterrogation, Version=1.0.0.0, Culture=neutral, PublicKeyToken=null]]'.
2026-05-04 09:27:09.529 +03:00 [INF] Executed action DetectiveInterrogation.Controllers.AchievementController.GetUserAchievements (DetectiveInterrogation) in 158.7626ms
2026-05-04 09:27:09.533 +03:00 [INF] Executed endpoint 'DetectiveInterrogation.Controllers.AchievementController.GetUserAchievements (DetectiveInterrogation)'
2026-05-04 09:27:09.534 +03:00 [INF] Request completed: GET /api/Achievement/user - Status: 200 - Duration: 202.3125ms
2026-05-04 09:27:09.535 +03:00 [DBG] Connection id "0HNL9KFNH0QVQ" completed keep alive response.
2026-05-04 09:27:09.537 +03:00 [DBG] 'AppDbContext' disposed.
2026-05-04 09:27:09.538 +03:00 [DBG] Disposing connection to database 'DetectiveInterrogation' on server 'tcp://localhost:5432'.
2026-05-04 09:27:09.539 +03:00 [DBG] Disposed connection to database 'DetectiveInterrogation' on server 'tcp://localhost:5432' (1ms).
2026-05-04 09:27:09.541 +03:00 [INF] Request finished HTTP/1.1 GET http://localhost:5000/api/Achievement/user - 200 null application/json; charset=utf-8 216.868ms
2026-05-04 09:27:35.894 +03:00 [INF] Request starting HTTP/1.1 GET http://localhost:5000/auth/register - null null
2026-05-04 09:27:35.910 +03:00 [DBG] The request is insecure. Skipping HSTS header.
2026-05-04 09:27:35.915 +03:00 [INF] Request started: GET /auth/register
2026-05-04 09:27:35.918 +03:00 [DBG] The request path /auth/register does not match a supported file type
2026-05-04 09:27:35.920 +03:00 [DBG] 1 candidate(s) found for the request path '/auth/register'
2026-05-04 09:27:35.923 +03:00 [DBG] Endpoint 'DetectiveInterrogation.Controllers.PageController.Register (DetectiveInterrogation)' with route pattern 'auth/register' is valid for the request path '/auth/register'
2026-05-04 09:27:35.935 +03:00 [DBG] Request matched endpoint 'DetectiveInterrogation.Controllers.PageController.Register (DetectiveInterrogation)'
2026-05-04 09:27:35.937 +03:00 [DBG] AuthenticationScheme: Bearer was not authenticated.
2026-05-04 09:27:35.940 +03:00 [INF] Executing endpoint 'DetectiveInterrogation.Controllers.PageController.Register (DetectiveInterrogation)'
2026-05-04 09:27:35.950 +03:00 [INF] Route matched with {action = "Register", controller = "Page"}. Executing controller action with signature Microsoft.AspNetCore.Mvc.IActionResult Register() on controller DetectiveInterrogation.Controllers.PageController (DetectiveInterrogation).
2026-05-04 09:27:35.954 +03:00 [DBG] Execution plan of authorization filters (in the following order): ["None"]
2026-05-04 09:27:35.960 +03:00 [DBG] Execution plan of resource filters (in the following order): ["Microsoft.AspNetCore.Mvc.ViewFeatures.Filters.SaveTempDataFilter"]
2026-05-04 09:27:35.963 +03:00 [DBG] Execution plan of action filters (in the following order): ["Microsoft.AspNetCore.Mvc.Filters.ControllerActionFilter (Order: -2147483648)","Microsoft.AspNetCore.Mvc.ModelBinding.UnsupportedContentTypeFilter (Order: -3000)"]
2026-05-04 09:27:35.966 +03:00 [DBG] Execution plan of exception filters (in the following order): ["None"]
2026-05-04 09:27:35.969 +03:00 [DBG] Execution plan of result filters (in the following order): ["Microsoft.AspNetCore.Mvc.ViewFeatures.Filters.SaveTempDataFilter"]
2026-05-04 09:27:35.971 +03:00 [DBG] Executing controller factory for controller DetectiveInterrogation.Controllers.PageController (DetectiveInterrogation)
2026-05-04 09:27:35.975 +03:00 [DBG] Executed controller factory for controller DetectiveInterrogation.Controllers.PageController (DetectiveInterrogation)
2026-05-04 09:27:36.091 +03:00 [DBG] Compilation of the generated code for the Razor file at 'C:\Users\vikto\OneDrive\Desktop\sem\DetectiveInterrogation\Views\Auth\Register.cshtml' started.
2026-05-04 09:27:36.200 +03:00 [DBG] Compilation of the generated code for the Razor file at 'C:\Users\vikto\OneDrive\Desktop\sem\DetectiveInterrogation\Views\Auth\Register.cshtml' completed in 107.7983ms.
2026-05-04 09:27:36.203 +03:00 [INF] Executing ViewResult, running view ~/Views/Auth/Register.cshtml.
2026-05-04 09:27:36.205 +03:00 [DBG] The view path '/Views/Auth/Register.cshtml' was found in 227.026ms.
2026-05-04 09:27:36.215 +03:00 [DBG] View lookup cache hit for view '_Layout' in controller 'Page'.
2026-05-04 09:27:36.221 +03:00 [INF] Executed ViewResult - view ~/Views/Auth/Register.cshtml executed in 242.6591ms.
2026-05-04 09:27:36.224 +03:00 [INF] Executed action DetectiveInterrogation.Controllers.PageController.Register (DetectiveInterrogation) in 252.5535ms
2026-05-04 09:27:36.230 +03:00 [INF] Executed endpoint 'DetectiveInterrogation.Controllers.PageController.Register (DetectiveInterrogation)'
2026-05-04 09:27:36.232 +03:00 [INF] Request completed: GET /auth/register - Status: 200 - Duration: 316.8911ms
2026-05-04 09:27:36.237 +03:00 [DBG] Connection id "0HNL9KFNH0QVQ" completed keep alive response.
2026-05-04 09:27:36.238 +03:00 [INF] Request finished HTTP/1.1 GET http://localhost:5000/auth/register - 200 null text/html; charset=utf-8 344.5176ms
2026-05-04 09:28:17.863 +03:00 [DBG] Connection id "0HNL9KFNH0QVR" disconnecting.
2026-05-04 09:28:17.867 +03:00 [DBG] Connection id "0HNL9KFNH0QVR" stopped.
2026-05-04 09:28:17.870 +03:00 [DBG] Connection id "0HNL9KFNH0QVR" sending FIN because: "The Socket transport's send loop completed gracefully."
2026-05-04 09:29:46.729 +03:00 [DBG] Connection id "0HNL9KFNH0QVQ" disconnecting.
2026-05-04 09:29:46.733 +03:00 [DBG] Connection id "0HNL9KFNH0QVQ" stopped.
2026-05-04 09:29:46.735 +03:00 [DBG] Connection id "0HNL9KFNH0QVQ" sending FIN because: "The Socket transport's send loop completed gracefully."
