2026-05-03 09:47:21.814 +03:00 [DBG] An 'IServiceProvider' was created for internal use by Entity Framework.
2026-05-03 09:47:22.110 +03:00 [DBG] The index {'SessionId'} was not created on entity type 'SessionUsedEvidence' as the properties are already covered by the index {'SessionId', 'EvidenceId'}.
2026-05-03 09:47:22.111 +03:00 [DBG] The index {'UserId'} was not created on entity type 'UserAchievement' as the properties are already covered by the index {'UserId', 'AchievementId'}.
2026-05-03 09:47:22.244 +03:00 [DBG] Entity Framework Core 8.0.4 initialized 'AppDbContext' using provider 'Microsoft.EntityFrameworkCore.SqlServer:8.0.4' with options: None
2026-05-03 09:47:22.249 +03:00 [DBG] Creating DbConnection.
2026-05-03 09:47:22.283 +03:00 [DBG] Created DbConnection. (32ms).
2026-05-03 09:47:22.285 +03:00 [DBG] Migrating using database 'DetectiveInterrogation' on server '(localdb)\mssqllocaldb'.
2026-05-03 09:47:22.290 +03:00 [DBG] Opening connection to database 'DetectiveInterrogation' on server '(localdb)\mssqllocaldb'.
2026-05-03 09:47:37.094 +03:00 [DBG] An error occurred using the connection to database 'DetectiveInterrogation' on server '(localdb)\mssqllocaldb'.
2026-05-03 09:47:42.027 +03:00 [DBG] 'AppDbContext' disposed.
2026-05-03 09:47:42.066 +03:00 [DBG] Disposing connection to database 'DetectiveInterrogation' on server '(localdb)\mssqllocaldb'.
2026-05-03 09:47:42.075 +03:00 [DBG] Disposed connection to database '' on server '' (2ms).
2026-05-03 09:59:16.543 +03:00 [DBG] An 'IServiceProvider' was created for internal use by Entity Framework.
2026-05-03 09:59:16.846 +03:00 [DBG] The index {'SessionId'} was not created on entity type 'SessionUsedEvidence' as the properties are already covered by the index {'SessionId', 'EvidenceId'}.
2026-05-03 09:59:16.847 +03:00 [DBG] The index {'UserId'} was not created on entity type 'UserAchievement' as the properties are already covered by the index {'UserId', 'AchievementId'}.
2026-05-03 09:59:17.011 +03:00 [DBG] Entity Framework Core 8.0.4 initialized 'AppDbContext' using provider 'Npgsql.EntityFrameworkCore.PostgreSQL:8.0.4+51faf6e9c9c7ef99c3e98d98a96adb8fa8ae4553' with options: None
2026-05-03 09:59:17.017 +03:00 [DBG] Creating DbConnection.
2026-05-03 09:59:17.033 +03:00 [DBG] Created DbConnection. (15ms).
2026-05-03 09:59:17.039 +03:00 [DBG] Opening connection to database 'DetectiveInterrogation' on server 'tcp://localhost:5432'.
2026-05-03 09:59:17.148 +03:00 [DBG] An error occurred using the connection to database 'DetectiveInterrogation' on server 'tcp://localhost:5432'.
2026-05-03 09:59:17.164 +03:00 [DBG] The index {'SessionId'} was not created on entity type 'SessionUsedEvidence' as the properties are already covered by the index {'SessionId', 'EvidenceId'}.
2026-05-03 09:59:17.164 +03:00 [DBG] The index {'UserId'} was not created on entity type 'UserAchievement' as the properties are already covered by the index {'UserId', 'AchievementId'}.
2026-05-03 09:59:17.176 +03:00 [DBG] Creating DbConnection.
2026-05-03 09:59:17.177 +03:00 [DBG] Created DbConnection. (0ms).
2026-05-03 09:59:17.177 +03:00 [DBG] Opening connection to database 'postgres' on server 'tcp://localhost:5432'.
2026-05-03 09:59:17.335 +03:00 [DBG] Opened connection to database 'postgres' on server 'tcp://localhost:5432'.
2026-05-03 09:59:17.339 +03:00 [DBG] Creating DbCommand for 'ExecuteNonQuery'.
2026-05-03 09:59:17.342 +03:00 [DBG] Created DbCommand for 'ExecuteNonQuery' (3ms).
2026-05-03 09:59:17.343 +03:00 [DBG] Initialized DbCommand for 'ExecuteNonQuery' (5ms).
2026-05-03 09:59:17.346 +03:00 [DBG] Executing DbCommand [Parameters=[], CommandType='"Text"', CommandTimeout='30']
CREATE DATABASE "DetectiveInterrogation";
2026-05-03 09:59:18.168 +03:00 [INF] Executed DbCommand (820ms) [Parameters=[], CommandType='"Text"', CommandTimeout='30']
CREATE DATABASE "DetectiveInterrogation";
2026-05-03 09:59:18.169 +03:00 [DBG] Closing connection to database 'postgres' on server 'tcp://localhost:5432'.
2026-05-03 09:59:18.174 +03:00 [DBG] Closed connection to database 'postgres' on server 'tcp://localhost:5432' (2ms).
2026-05-03 09:59:18.175 +03:00 [DBG] Disposing connection to database 'postgres' on server 'tcp://localhost:5432'.
2026-05-03 09:59:18.175 +03:00 [DBG] Disposed connection to database 'postgres' on server 'tcp://localhost:5432' (0ms).
2026-05-03 09:59:18.176 +03:00 [DBG] Opening connection to database 'DetectiveInterrogation' on server 'tcp://localhost:5432'.
2026-05-03 09:59:18.252 +03:00 [DBG] Opened connection to database 'DetectiveInterrogation' on server 'tcp://localhost:5432'.
2026-05-03 09:59:18.252 +03:00 [DBG] Closing connection to database 'DetectiveInterrogation' on server 'tcp://localhost:5432'.
2026-05-03 09:59:18.253 +03:00 [DBG] Closed connection to database 'DetectiveInterrogation' on server 'tcp://localhost:5432' (0ms).
2026-05-03 09:59:18.309 +03:00 [DBG] Opening connection to database 'DetectiveInterrogation' on server 'tcp://localhost:5432'.
2026-05-03 09:59:18.374 +03:00 [DBG] Opened connection to database 'DetectiveInterrogation' on server 'tcp://localhost:5432'.
2026-05-03 09:59:18.375 +03:00 [DBG] Beginning transaction with isolation level 'Unspecified'.
2026-05-03 09:59:18.377 +03:00 [DBG] Began transaction with isolation level 'ReadCommitted'.
2026-05-03 09:59:18.378 +03:00 [DBG] Creating DbCommand for 'ExecuteNonQuery'.
2026-05-03 09:59:18.378 +03:00 [DBG] Created DbCommand for 'ExecuteNonQuery' (0ms).
2026-05-03 09:59:18.378 +03:00 [DBG] Initialized DbCommand for 'ExecuteNonQuery' (0ms).
2026-05-03 09:59:18.378 +03:00 [DBG] Executing DbCommand [Parameters=[], CommandType='"Text"', CommandTimeout='30']
CREATE TABLE "Achievements" (
    "Id" integer GENERATED BY DEFAULT AS IDENTITY,
    "Title" character varying(255) NOT NULL,
    "Description" text,
    CONSTRAINT "PK_Achievements" PRIMARY KEY ("Id")
);
2026-05-03 09:59:18.432 +03:00 [INF] Executed DbCommand (54ms) [Parameters=[], CommandType='"Text"', CommandTimeout='30']
CREATE TABLE "Achievements" (
    "Id" integer GENERATED BY DEFAULT AS IDENTITY,
    "Title" character varying(255) NOT NULL,
    "Description" text,
    CONSTRAINT "PK_Achievements" PRIMARY KEY ("Id")
);
2026-05-03 09:59:18.433 +03:00 [DBG] Creating DbCommand for 'ExecuteNonQuery'.
2026-05-03 09:59:18.433 +03:00 [DBG] Created DbCommand for 'ExecuteNonQuery' (0ms).
2026-05-03 09:59:18.433 +03:00 [DBG] Initialized DbCommand for 'ExecuteNonQuery' (0ms).
2026-05-03 09:59:18.433 +03:00 [DBG] Executing DbCommand [Parameters=[], CommandType='"Text"', CommandTimeout='30']
CREATE TABLE "Cases" (
    "Id" integer GENERATED BY DEFAULT AS IDENTITY,
    "Title" character varying(255) NOT NULL,
    "NewspaperText" text,
    "ShortDescription" text,
    "FullDescription" text,
    CONSTRAINT "PK_Cases" PRIMARY KEY ("Id")
);
2026-05-03 09:59:18.436 +03:00 [INF] Executed DbCommand (4ms) [Parameters=[], CommandType='"Text"', CommandTimeout='30']
CREATE TABLE "Cases" (
    "Id" integer GENERATED BY DEFAULT AS IDENTITY,
    "Title" character varying(255) NOT NULL,
    "NewspaperText" text,
    "ShortDescription" text,
    "FullDescription" text,
    CONSTRAINT "PK_Cases" PRIMARY KEY ("Id")
);
2026-05-03 09:59:18.437 +03:00 [DBG] Creating DbCommand for 'ExecuteNonQuery'.
2026-05-03 09:59:18.437 +03:00 [DBG] Created DbCommand for 'ExecuteNonQuery' (0ms).
2026-05-03 09:59:18.437 +03:00 [DBG] Initialized DbCommand for 'ExecuteNonQuery' (0ms).
2026-05-03 09:59:18.437 +03:00 [DBG] Executing DbCommand [Parameters=[], CommandType='"Text"', CommandTimeout='30']
CREATE TABLE "Users" (
    "Id" integer GENERATED BY DEFAULT AS IDENTITY,
    "Username" character varying(50) NOT NULL,
    "Email" character varying(255) NOT NULL,
    "PasswordHash" text NOT NULL,
    "Role" character varying(32) NOT NULL DEFAULT 'Player',
    CONSTRAINT "PK_Users" PRIMARY KEY ("Id")
);
2026-05-03 09:59:18.443 +03:00 [INF] Executed DbCommand (7ms) [Parameters=[], CommandType='"Text"', CommandTimeout='30']
CREATE TABLE "Users" (
    "Id" integer GENERATED BY DEFAULT AS IDENTITY,
    "Username" character varying(50) NOT NULL,
    "Email" character varying(255) NOT NULL,
    "PasswordHash" text NOT NULL,
    "Role" character varying(32) NOT NULL DEFAULT 'Player',
    CONSTRAINT "PK_Users" PRIMARY KEY ("Id")
);
2026-05-03 09:59:18.444 +03:00 [DBG] Creating DbCommand for 'ExecuteNonQuery'.
2026-05-03 09:59:18.444 +03:00 [DBG] Created DbCommand for 'ExecuteNonQuery' (0ms).
2026-05-03 09:59:18.444 +03:00 [DBG] Initialized DbCommand for 'ExecuteNonQuery' (0ms).
2026-05-03 09:59:18.444 +03:00 [DBG] Executing DbCommand [Parameters=[], CommandType='"Text"', CommandTimeout='30']
CREATE TABLE "Evidence" (
    "Id" integer GENERATED BY DEFAULT AS IDENTITY,
    "CaseId" integer NOT NULL,
    "Title" character varying(255) NOT NULL,
    "ShortText" text,
    "FullText" text,
    CONSTRAINT "PK_Evidence" PRIMARY KEY ("Id"),
    CONSTRAINT "FK_Evidence_Cases_CaseId" FOREIGN KEY ("CaseId") REFERENCES "Cases" ("Id") ON DELETE CASCADE
);
2026-05-03 09:59:18.451 +03:00 [INF] Executed DbCommand (7ms) [Parameters=[], CommandType='"Text"', CommandTimeout='30']
CREATE TABLE "Evidence" (
    "Id" integer GENERATED BY DEFAULT AS IDENTITY,
    "CaseId" integer NOT NULL,
    "Title" character varying(255) NOT NULL,
    "ShortText" text,
    "FullText" text,
    CONSTRAINT "PK_Evidence" PRIMARY KEY ("Id"),
    CONSTRAINT "FK_Evidence_Cases_CaseId" FOREIGN KEY ("CaseId") REFERENCES "Cases" ("Id") ON DELETE CASCADE
);
2026-05-03 09:59:18.452 +03:00 [DBG] Creating DbCommand for 'ExecuteNonQuery'.
2026-05-03 09:59:18.452 +03:00 [DBG] Created DbCommand for 'ExecuteNonQuery' (0ms).
2026-05-03 09:59:18.452 +03:00 [DBG] Initialized DbCommand for 'ExecuteNonQuery' (0ms).
2026-05-03 09:59:18.452 +03:00 [DBG] Executing DbCommand [Parameters=[], CommandType='"Text"', CommandTimeout='30']
CREATE TABLE "Suspects" (
    "Id" integer GENERATED BY DEFAULT AS IDENTITY,
    "CaseId" integer NOT NULL,
    "Name" character varying(255) NOT NULL,
    "Description" text,
    "InitialTrust" integer NOT NULL DEFAULT 50,
    "InitialAggression" integer NOT NULL DEFAULT 50,
    "IsGuilty" boolean NOT NULL,
    CONSTRAINT "PK_Suspects" PRIMARY KEY ("Id"),
    CONSTRAINT "FK_Suspects_Cases_CaseId" FOREIGN KEY ("CaseId") REFERENCES "Cases" ("Id") ON DELETE CASCADE
);
2026-05-03 09:59:18.455 +03:00 [INF] Executed DbCommand (3ms) [Parameters=[], CommandType='"Text"', CommandTimeout='30']
CREATE TABLE "Suspects" (
    "Id" integer GENERATED BY DEFAULT AS IDENTITY,
    "CaseId" integer NOT NULL,
    "Name" character varying(255) NOT NULL,
    "Description" text,
    "InitialTrust" integer NOT NULL DEFAULT 50,
    "InitialAggression" integer NOT NULL DEFAULT 50,
    "IsGuilty" boolean NOT NULL,
    CONSTRAINT "PK_Suspects" PRIMARY KEY ("Id"),
    CONSTRAINT "FK_Suspects_Cases_CaseId" FOREIGN KEY ("CaseId") REFERENCES "Cases" ("Id") ON DELETE CASCADE
);
2026-05-03 09:59:18.455 +03:00 [DBG] Creating DbCommand for 'ExecuteNonQuery'.
2026-05-03 09:59:18.455 +03:00 [DBG] Created DbCommand for 'ExecuteNonQuery' (0ms).
2026-05-03 09:59:18.455 +03:00 [DBG] Initialized DbCommand for 'ExecuteNonQuery' (0ms).
2026-05-03 09:59:18.455 +03:00 [DBG] Executing DbCommand [Parameters=[], CommandType='"Text"', CommandTimeout='30']
CREATE TABLE "UserAchievements" (
    "Id" integer GENERATED BY DEFAULT AS IDENTITY,
    "UserId" integer NOT NULL,
    "AchievementId" integer NOT NULL,
    CONSTRAINT "PK_UserAchievements" PRIMARY KEY ("Id"),
    CONSTRAINT "FK_UserAchievements_Achievements_AchievementId" FOREIGN KEY ("AchievementId") REFERENCES "Achievements" ("Id") ON DELETE CASCADE,
    CONSTRAINT "FK_UserAchievements_Users_UserId" FOREIGN KEY ("UserId") REFERENCES "Users" ("Id") ON DELETE CASCADE
);
2026-05-03 09:59:18.458 +03:00 [INF] Executed DbCommand (3ms) [Parameters=[], CommandType='"Text"', CommandTimeout='30']
CREATE TABLE "UserAchievements" (
    "Id" integer GENERATED BY DEFAULT AS IDENTITY,
    "UserId" integer NOT NULL,
    "AchievementId" integer NOT NULL,
    CONSTRAINT "PK_UserAchievements" PRIMARY KEY ("Id"),
    CONSTRAINT "FK_UserAchievements_Achievements_AchievementId" FOREIGN KEY ("AchievementId") REFERENCES "Achievements" ("Id") ON DELETE CASCADE,
    CONSTRAINT "FK_UserAchievements_Users_UserId" FOREIGN KEY ("UserId") REFERENCES "Users" ("Id") ON DELETE CASCADE
);
2026-05-03 09:59:18.459 +03:00 [DBG] Creating DbCommand for 'ExecuteNonQuery'.
2026-05-03 09:59:18.459 +03:00 [DBG] Created DbCommand for 'ExecuteNonQuery' (0ms).
2026-05-03 09:59:18.459 +03:00 [DBG] Initialized DbCommand for 'ExecuteNonQuery' (0ms).
2026-05-03 09:59:18.459 +03:00 [DBG] Executing DbCommand [Parameters=[], CommandType='"Text"', CommandTimeout='30']
CREATE TABLE "EvidencePhrases" (
    "Id" integer GENERATED BY DEFAULT AS IDENTITY,
    "EvidenceId" integer NOT NULL,
    "Text" text NOT NULL,
    CONSTRAINT "PK_EvidencePhrases" PRIMARY KEY ("Id"),
    CONSTRAINT "FK_EvidencePhrases_Evidence_EvidenceId" FOREIGN KEY ("EvidenceId") REFERENCES "Evidence" ("Id") ON DELETE CASCADE
);
2026-05-03 09:59:18.463 +03:00 [INF] Executed DbCommand (4ms) [Parameters=[], CommandType='"Text"', CommandTimeout='30']
CREATE TABLE "EvidencePhrases" (
    "Id" integer GENERATED BY DEFAULT AS IDENTITY,
    "EvidenceId" integer NOT NULL,
    "Text" text NOT NULL,
    CONSTRAINT "PK_EvidencePhrases" PRIMARY KEY ("Id"),
    CONSTRAINT "FK_EvidencePhrases_Evidence_EvidenceId" FOREIGN KEY ("EvidenceId") REFERENCES "Evidence" ("Id") ON DELETE CASCADE
);
2026-05-03 09:59:18.463 +03:00 [DBG] Creating DbCommand for 'ExecuteNonQuery'.
2026-05-03 09:59:18.463 +03:00 [DBG] Created DbCommand for 'ExecuteNonQuery' (0ms).
2026-05-03 09:59:18.463 +03:00 [DBG] Initialized DbCommand for 'ExecuteNonQuery' (0ms).
2026-05-03 09:59:18.463 +03:00 [DBG] Executing DbCommand [Parameters=[], CommandType='"Text"', CommandTimeout='30']
CREATE TABLE "InterrogationSessions" (
    "Id" integer GENERATED BY DEFAULT AS IDENTITY,
    "CaseId" integer NOT NULL,
    "SuspectId" integer NOT NULL,
    "UserId" integer NOT NULL,
    "CurrentTrust" integer NOT NULL DEFAULT 50,
    "CurrentAggression" integer NOT NULL DEFAULT 50,
    "Status" character varying(20) NOT NULL DEFAULT 'InProgress',
    CONSTRAINT "PK_InterrogationSessions" PRIMARY KEY ("Id"),
    CONSTRAINT "FK_InterrogationSessions_Cases_CaseId" FOREIGN KEY ("CaseId") REFERENCES "Cases" ("Id") ON DELETE CASCADE,
    CONSTRAINT "FK_InterrogationSessions_Suspects_SuspectId" FOREIGN KEY ("SuspectId") REFERENCES "Suspects" ("Id") ON DELETE CASCADE,
    CONSTRAINT "FK_InterrogationSessions_Users_UserId" FOREIGN KEY ("UserId") REFERENCES "Users" ("Id") ON DELETE CASCADE
);
2026-05-03 09:59:18.466 +03:00 [INF] Executed DbCommand (3ms) [Parameters=[], CommandType='"Text"', CommandTimeout='30']
CREATE TABLE "InterrogationSessions" (
    "Id" integer GENERATED BY DEFAULT AS IDENTITY,
    "CaseId" integer NOT NULL,
    "SuspectId" integer NOT NULL,
    "UserId" integer NOT NULL,
    "CurrentTrust" integer NOT NULL DEFAULT 50,
    "CurrentAggression" integer NOT NULL DEFAULT 50,
    "Status" character varying(20) NOT NULL DEFAULT 'InProgress',
    CONSTRAINT "PK_InterrogationSessions" PRIMARY KEY ("Id"),
    CONSTRAINT "FK_InterrogationSessions_Cases_CaseId" FOREIGN KEY ("CaseId") REFERENCES "Cases" ("Id") ON DELETE CASCADE,
    CONSTRAINT "FK_InterrogationSessions_Suspects_SuspectId" FOREIGN KEY ("SuspectId") REFERENCES "Suspects" ("Id") ON DELETE CASCADE,
    CONSTRAINT "FK_InterrogationSessions_Users_UserId" FOREIGN KEY ("UserId") REFERENCES "Users" ("Id") ON DELETE CASCADE
);
2026-05-03 09:59:18.466 +03:00 [DBG] Creating DbCommand for 'ExecuteNonQuery'.
2026-05-03 09:59:18.467 +03:00 [DBG] Created DbCommand for 'ExecuteNonQuery' (0ms).
2026-05-03 09:59:18.467 +03:00 [DBG] Initialized DbCommand for 'ExecuteNonQuery' (0ms).
2026-05-03 09:59:18.467 +03:00 [DBG] Executing DbCommand [Parameters=[], CommandType='"Text"', CommandTimeout='30']
CREATE TABLE "SuspectReplies" (
    "Id" integer GENERATED BY DEFAULT AS IDENTITY,
    "SuspectId" integer NOT NULL,
    "PhraseId" integer NOT NULL,
    "ReplyText" text NOT NULL,
    "TrustChange" integer NOT NULL DEFAULT 0,
    "AggressionChange" integer NOT NULL DEFAULT 0,
    CONSTRAINT "PK_SuspectReplies" PRIMARY KEY ("Id"),
    CONSTRAINT "FK_SuspectReplies_EvidencePhrases_PhraseId" FOREIGN KEY ("PhraseId") REFERENCES "EvidencePhrases" ("Id") ON DELETE CASCADE,
    CONSTRAINT "FK_SuspectReplies_Suspects_SuspectId" FOREIGN KEY ("SuspectId") REFERENCES "Suspects" ("Id") ON DELETE CASCADE
);
2026-05-03 09:59:18.471 +03:00 [INF] Executed DbCommand (4ms) [Parameters=[], CommandType='"Text"', CommandTimeout='30']
CREATE TABLE "SuspectReplies" (
    "Id" integer GENERATED BY DEFAULT AS IDENTITY,
    "SuspectId" integer NOT NULL,
    "PhraseId" integer NOT NULL,
    "ReplyText" text NOT NULL,
    "TrustChange" integer NOT NULL DEFAULT 0,
    "AggressionChange" integer NOT NULL DEFAULT 0,
    CONSTRAINT "PK_SuspectReplies" PRIMARY KEY ("Id"),
    CONSTRAINT "FK_SuspectReplies_EvidencePhrases_PhraseId" FOREIGN KEY ("PhraseId") REFERENCES "EvidencePhrases" ("Id") ON DELETE CASCADE,
    CONSTRAINT "FK_SuspectReplies_Suspects_SuspectId" FOREIGN KEY ("SuspectId") REFERENCES "Suspects" ("Id") ON DELETE CASCADE
);
2026-05-03 09:59:18.471 +03:00 [DBG] Creating DbCommand for 'ExecuteNonQuery'.
2026-05-03 09:59:18.471 +03:00 [DBG] Created DbCommand for 'ExecuteNonQuery' (0ms).
2026-05-03 09:59:18.471 +03:00 [DBG] Initialized DbCommand for 'ExecuteNonQuery' (0ms).
2026-05-03 09:59:18.471 +03:00 [DBG] Executing DbCommand [Parameters=[], CommandType='"Text"', CommandTimeout='30']
CREATE TABLE "SessionUsedEvidences" (
    "Id" integer GENERATED BY DEFAULT AS IDENTITY,
    "EvidenceId" integer NOT NULL,
    "SessionId" integer NOT NULL,
    CONSTRAINT "PK_SessionUsedEvidences" PRIMARY KEY ("Id"),
    CONSTRAINT "FK_SessionUsedEvidences_Evidence_EvidenceId" FOREIGN KEY ("EvidenceId") REFERENCES "Evidence" ("Id") ON DELETE CASCADE,
    CONSTRAINT "FK_SessionUsedEvidences_InterrogationSessions_SessionId" FOREIGN KEY ("SessionId") REFERENCES "InterrogationSessions" ("Id") ON DELETE CASCADE
);
2026-05-03 09:59:18.474 +03:00 [INF] Executed DbCommand (2ms) [Parameters=[], CommandType='"Text"', CommandTimeout='30']
CREATE TABLE "SessionUsedEvidences" (
    "Id" integer GENERATED BY DEFAULT AS IDENTITY,
    "EvidenceId" integer NOT NULL,
    "SessionId" integer NOT NULL,
    CONSTRAINT "PK_SessionUsedEvidences" PRIMARY KEY ("Id"),
    CONSTRAINT "FK_SessionUsedEvidences_Evidence_EvidenceId" FOREIGN KEY ("EvidenceId") REFERENCES "Evidence" ("Id") ON DELETE CASCADE,
    CONSTRAINT "FK_SessionUsedEvidences_InterrogationSessions_SessionId" FOREIGN KEY ("SessionId") REFERENCES "InterrogationSessions" ("Id") ON DELETE CASCADE
);
2026-05-03 09:59:18.474 +03:00 [DBG] Creating DbCommand for 'ExecuteNonQuery'.
2026-05-03 09:59:18.474 +03:00 [DBG] Created DbCommand for 'ExecuteNonQuery' (0ms).
2026-05-03 09:59:18.474 +03:00 [DBG] Initialized DbCommand for 'ExecuteNonQuery' (0ms).
2026-05-03 09:59:18.474 +03:00 [DBG] Executing DbCommand [Parameters=[], CommandType='"Text"', CommandTimeout='30']
CREATE INDEX "IX_Evidence_CaseId" ON "Evidence" ("CaseId");
2026-05-03 09:59:18.476 +03:00 [INF] Executed DbCommand (2ms) [Parameters=[], CommandType='"Text"', CommandTimeout='30']
CREATE INDEX "IX_Evidence_CaseId" ON "Evidence" ("CaseId");
2026-05-03 09:59:18.476 +03:00 [DBG] Creating DbCommand for 'ExecuteNonQuery'.
2026-05-03 09:59:18.476 +03:00 [DBG] Created DbCommand for 'ExecuteNonQuery' (0ms).
2026-05-03 09:59:18.476 +03:00 [DBG] Initialized DbCommand for 'ExecuteNonQuery' (0ms).
2026-05-03 09:59:18.476 +03:00 [DBG] Executing DbCommand [Parameters=[], CommandType='"Text"', CommandTimeout='30']
CREATE INDEX "IX_EvidencePhrases_EvidenceId" ON "EvidencePhrases" ("EvidenceId");
2026-05-03 09:59:18.478 +03:00 [INF] Executed DbCommand (1ms) [Parameters=[], CommandType='"Text"', CommandTimeout='30']
CREATE INDEX "IX_EvidencePhrases_EvidenceId" ON "EvidencePhrases" ("EvidenceId");
2026-05-03 09:59:18.478 +03:00 [DBG] Creating DbCommand for 'ExecuteNonQuery'.
2026-05-03 09:59:18.478 +03:00 [DBG] Created DbCommand for 'ExecuteNonQuery' (0ms).
2026-05-03 09:59:18.478 +03:00 [DBG] Initialized DbCommand for 'ExecuteNonQuery' (0ms).
2026-05-03 09:59:18.478 +03:00 [DBG] Executing DbCommand [Parameters=[], CommandType='"Text"', CommandTimeout='30']
CREATE INDEX "IX_InterrogationSessions_CaseId" ON "InterrogationSessions" ("CaseId");
2026-05-03 09:59:18.479 +03:00 [INF] Executed DbCommand (1ms) [Parameters=[], CommandType='"Text"', CommandTimeout='30']
CREATE INDEX "IX_InterrogationSessions_CaseId" ON "InterrogationSessions" ("CaseId");
2026-05-03 09:59:18.479 +03:00 [DBG] Creating DbCommand for 'ExecuteNonQuery'.
2026-05-03 09:59:18.479 +03:00 [DBG] Created DbCommand for 'ExecuteNonQuery' (0ms).
2026-05-03 09:59:18.479 +03:00 [DBG] Initialized DbCommand for 'ExecuteNonQuery' (0ms).
2026-05-03 09:59:18.479 +03:00 [DBG] Executing DbCommand [Parameters=[], CommandType='"Text"', CommandTimeout='30']
CREATE INDEX "IX_InterrogationSessions_SuspectId" ON "InterrogationSessions" ("SuspectId");
2026-05-03 09:59:18.480 +03:00 [INF] Executed DbCommand (1ms) [Parameters=[], CommandType='"Text"', CommandTimeout='30']
CREATE INDEX "IX_InterrogationSessions_SuspectId" ON "InterrogationSessions" ("SuspectId");
2026-05-03 09:59:18.481 +03:00 [DBG] Creating DbCommand for 'ExecuteNonQuery'.
2026-05-03 09:59:18.481 +03:00 [DBG] Created DbCommand for 'ExecuteNonQuery' (0ms).
2026-05-03 09:59:18.481 +03:00 [DBG] Initialized DbCommand for 'ExecuteNonQuery' (0ms).
2026-05-03 09:59:18.481 +03:00 [DBG] Executing DbCommand [Parameters=[], CommandType='"Text"', CommandTimeout='30']
CREATE INDEX "IX_InterrogationSessions_UserId" ON "InterrogationSessions" ("UserId");
2026-05-03 09:59:18.482 +03:00 [INF] Executed DbCommand (1ms) [Parameters=[], CommandType='"Text"', CommandTimeout='30']
CREATE INDEX "IX_InterrogationSessions_UserId" ON "InterrogationSessions" ("UserId");
2026-05-03 09:59:18.482 +03:00 [DBG] Creating DbCommand for 'ExecuteNonQuery'.
2026-05-03 09:59:18.482 +03:00 [DBG] Created DbCommand for 'ExecuteNonQuery' (0ms).
2026-05-03 09:59:18.482 +03:00 [DBG] Initialized DbCommand for 'ExecuteNonQuery' (0ms).
2026-05-03 09:59:18.482 +03:00 [DBG] Executing DbCommand [Parameters=[], CommandType='"Text"', CommandTimeout='30']
CREATE INDEX "IX_SessionUsedEvidences_EvidenceId" ON "SessionUsedEvidences" ("EvidenceId");
2026-05-03 09:59:18.483 +03:00 [INF] Executed DbCommand (1ms) [Parameters=[], CommandType='"Text"', CommandTimeout='30']
CREATE INDEX "IX_SessionUsedEvidences_EvidenceId" ON "SessionUsedEvidences" ("EvidenceId");
2026-05-03 09:59:18.483 +03:00 [DBG] Creating DbCommand for 'ExecuteNonQuery'.
2026-05-03 09:59:18.483 +03:00 [DBG] Created DbCommand for 'ExecuteNonQuery' (0ms).
2026-05-03 09:59:18.483 +03:00 [DBG] Initialized DbCommand for 'ExecuteNonQuery' (0ms).
2026-05-03 09:59:18.484 +03:00 [DBG] Executing DbCommand [Parameters=[], CommandType='"Text"', CommandTimeout='30']
CREATE UNIQUE INDEX "IX_SessionUsedEvidences_SessionId_EvidenceId" ON "SessionUsedEvidences" ("SessionId", "EvidenceId");
2026-05-03 09:59:18.485 +03:00 [INF] Executed DbCommand (1ms) [Parameters=[], CommandType='"Text"', CommandTimeout='30']
CREATE UNIQUE INDEX "IX_SessionUsedEvidences_SessionId_EvidenceId" ON "SessionUsedEvidences" ("SessionId", "EvidenceId");
2026-05-03 09:59:18.485 +03:00 [DBG] Creating DbCommand for 'ExecuteNonQuery'.
2026-05-03 09:59:18.485 +03:00 [DBG] Created DbCommand for 'ExecuteNonQuery' (0ms).
2026-05-03 09:59:18.485 +03:00 [DBG] Initialized DbCommand for 'ExecuteNonQuery' (0ms).
2026-05-03 09:59:18.485 +03:00 [DBG] Executing DbCommand [Parameters=[], CommandType='"Text"', CommandTimeout='30']
CREATE INDEX "IX_SuspectReplies_PhraseId" ON "SuspectReplies" ("PhraseId");
2026-05-03 09:59:18.486 +03:00 [INF] Executed DbCommand (1ms) [Parameters=[], CommandType='"Text"', CommandTimeout='30']
CREATE INDEX "IX_SuspectReplies_PhraseId" ON "SuspectReplies" ("PhraseId");
2026-05-03 09:59:18.486 +03:00 [DBG] Creating DbCommand for 'ExecuteNonQuery'.
2026-05-03 09:59:18.486 +03:00 [DBG] Created DbCommand for 'ExecuteNonQuery' (0ms).
2026-05-03 09:59:18.486 +03:00 [DBG] Initialized DbCommand for 'ExecuteNonQuery' (0ms).
2026-05-03 09:59:18.486 +03:00 [DBG] Executing DbCommand [Parameters=[], CommandType='"Text"', CommandTimeout='30']
CREATE INDEX "IX_SuspectReplies_SuspectId" ON "SuspectReplies" ("SuspectId");
2026-05-03 09:59:18.488 +03:00 [INF] Executed DbCommand (2ms) [Parameters=[], CommandType='"Text"', CommandTimeout='30']
CREATE INDEX "IX_SuspectReplies_SuspectId" ON "SuspectReplies" ("SuspectId");
2026-05-03 09:59:18.488 +03:00 [DBG] Creating DbCommand for 'ExecuteNonQuery'.
2026-05-03 09:59:18.488 +03:00 [DBG] Created DbCommand for 'ExecuteNonQuery' (0ms).
2026-05-03 09:59:18.488 +03:00 [DBG] Initialized DbCommand for 'ExecuteNonQuery' (0ms).
2026-05-03 09:59:18.488 +03:00 [DBG] Executing DbCommand [Parameters=[], CommandType='"Text"', CommandTimeout='30']
CREATE INDEX "IX_Suspects_CaseId" ON "Suspects" ("CaseId");
2026-05-03 09:59:18.490 +03:00 [INF] Executed DbCommand (1ms) [Parameters=[], CommandType='"Text"', CommandTimeout='30']
CREATE INDEX "IX_Suspects_CaseId" ON "Suspects" ("CaseId");
2026-05-03 09:59:18.490 +03:00 [DBG] Creating DbCommand for 'ExecuteNonQuery'.
2026-05-03 09:59:18.490 +03:00 [DBG] Created DbCommand for 'ExecuteNonQuery' (0ms).
2026-05-03 09:59:18.490 +03:00 [DBG] Initialized DbCommand for 'ExecuteNonQuery' (0ms).
2026-05-03 09:59:18.490 +03:00 [DBG] Executing DbCommand [Parameters=[], CommandType='"Text"', CommandTimeout='30']
CREATE INDEX "IX_UserAchievements_AchievementId" ON "UserAchievements" ("AchievementId");
2026-05-03 09:59:18.492 +03:00 [INF] Executed DbCommand (1ms) [Parameters=[], CommandType='"Text"', CommandTimeout='30']
CREATE INDEX "IX_UserAchievements_AchievementId" ON "UserAchievements" ("AchievementId");
2026-05-03 09:59:18.492 +03:00 [DBG] Creating DbCommand for 'ExecuteNonQuery'.
2026-05-03 09:59:18.492 +03:00 [DBG] Created DbCommand for 'ExecuteNonQuery' (0ms).
2026-05-03 09:59:18.492 +03:00 [DBG] Initialized DbCommand for 'ExecuteNonQuery' (0ms).
2026-05-03 09:59:18.492 +03:00 [DBG] Executing DbCommand [Parameters=[], CommandType='"Text"', CommandTimeout='30']
CREATE UNIQUE INDEX "IX_UserAchievements_UserId_AchievementId" ON "UserAchievements" ("UserId", "AchievementId");
2026-05-03 09:59:18.493 +03:00 [INF] Executed DbCommand (1ms) [Parameters=[], CommandType='"Text"', CommandTimeout='30']
CREATE UNIQUE INDEX "IX_UserAchievements_UserId_AchievementId" ON "UserAchievements" ("UserId", "AchievementId");
2026-05-03 09:59:18.494 +03:00 [DBG] Creating DbCommand for 'ExecuteNonQuery'.
2026-05-03 09:59:18.494 +03:00 [DBG] Created DbCommand for 'ExecuteNonQuery' (0ms).
2026-05-03 09:59:18.494 +03:00 [DBG] Initialized DbCommand for 'ExecuteNonQuery' (0ms).
2026-05-03 09:59:18.494 +03:00 [DBG] Executing DbCommand [Parameters=[], CommandType='"Text"', CommandTimeout='30']
CREATE UNIQUE INDEX "IX_Users_Email" ON "Users" ("Email");
2026-05-03 09:59:18.495 +03:00 [INF] Executed DbCommand (1ms) [Parameters=[], CommandType='"Text"', CommandTimeout='30']
CREATE UNIQUE INDEX "IX_Users_Email" ON "Users" ("Email");
2026-05-03 09:59:18.495 +03:00 [DBG] Creating DbCommand for 'ExecuteNonQuery'.
2026-05-03 09:59:18.495 +03:00 [DBG] Created DbCommand for 'ExecuteNonQuery' (0ms).
2026-05-03 09:59:18.495 +03:00 [DBG] Initialized DbCommand for 'ExecuteNonQuery' (0ms).
2026-05-03 09:59:18.495 +03:00 [DBG] Executing DbCommand [Parameters=[], CommandType='"Text"', CommandTimeout='30']
CREATE UNIQUE INDEX "IX_Users_Username" ON "Users" ("Username");
2026-05-03 09:59:18.496 +03:00 [INF] Executed DbCommand (1ms) [Parameters=[], CommandType='"Text"', CommandTimeout='30']
CREATE UNIQUE INDEX "IX_Users_Username" ON "Users" ("Username");
2026-05-03 09:59:18.497 +03:00 [DBG] Committing transaction.
2026-05-03 09:59:18.500 +03:00 [DBG] Committed transaction.
2026-05-03 09:59:18.501 +03:00 [DBG] Disposing transaction.
2026-05-03 09:59:18.501 +03:00 [DBG] Closing connection to database 'DetectiveInterrogation' on server 'tcp://localhost:5432'.
2026-05-03 09:59:18.502 +03:00 [DBG] Closed connection to database 'DetectiveInterrogation' on server 'tcp://localhost:5432' (0ms).
2026-05-03 09:59:18.519 +03:00 [DBG] Compiling query expression: 
'DbSet<User>()
    .Any(u => u.Username == "admin")'
2026-05-03 09:59:18.623 +03:00 [DBG] Generated query execution expression: 
'queryContext => new SingleQueryingEnumerable<bool>(
    (RelationalQueryContext)queryContext, 
    RelationalCommandCache.QueryExpression(
        Projection Mapping:
            EmptyProjectionMember -> 0
        SELECT EXISTS (
            SELECT 1
            FROM Users AS u
            WHERE u.Username == 'admin')), 
    null, 
    Func<QueryContext, DbDataReader, ResultContext, SingleQueryResultCoordinator, bool>, 
    DetectiveInterrogation.Data.AppDbContext, 
    False, 
    False, 
    True
)
    .Single()'
2026-05-03 09:59:18.636 +03:00 [DBG] Opening connection to database 'DetectiveInterrogation' on server 'tcp://localhost:5432'.
2026-05-03 09:59:18.637 +03:00 [DBG] Opened connection to database 'DetectiveInterrogation' on server 'tcp://localhost:5432'.
2026-05-03 09:59:18.637 +03:00 [DBG] Creating DbCommand for 'ExecuteReader'.
2026-05-03 09:59:18.637 +03:00 [DBG] Created DbCommand for 'ExecuteReader' (0ms).
2026-05-03 09:59:18.637 +03:00 [DBG] Initialized DbCommand for 'ExecuteReader' (0ms).
2026-05-03 09:59:18.637 +03:00 [DBG] Executing DbCommand [Parameters=[], CommandType='"Text"', CommandTimeout='30']
SELECT EXISTS (
    SELECT 1
    FROM "Users" AS u
    WHERE u."Username" = 'admin')
2026-05-03 09:59:18.641 +03:00 [INF] Executed DbCommand (4ms) [Parameters=[], CommandType='"Text"', CommandTimeout='30']
SELECT EXISTS (
    SELECT 1
    FROM "Users" AS u
    WHERE u."Username" = 'admin')
2026-05-03 09:59:18.663 +03:00 [DBG] Closing data reader to 'DetectiveInterrogation' on server 'tcp://localhost:5432'.
2026-05-03 09:59:18.665 +03:00 [DBG] A data reader for 'DetectiveInterrogation' on server 'tcp://localhost:5432' is being disposed after spending 23ms reading results.
2026-05-03 09:59:18.665 +03:00 [DBG] Closing connection to database 'DetectiveInterrogation' on server 'tcp://localhost:5432'.
2026-05-03 09:59:18.665 +03:00 [DBG] Closed connection to database 'DetectiveInterrogation' on server 'tcp://localhost:5432' (0ms).
2026-05-03 09:59:18.968 +03:00 [DBG] 'AppDbContext' generated a temporary value for the property 'User.Id'. Consider using 'DbContextOptionsBuilder.EnableSensitiveDataLogging' to see key values.
2026-05-03 09:59:18.996 +03:00 [DBG] Context 'AppDbContext' started tracking 'User' entity. Consider using 'DbContextOptionsBuilder.EnableSensitiveDataLogging' to see key values.
2026-05-03 09:59:18.998 +03:00 [DBG] Compiling query expression: 
'DbSet<User>()
    .Any(u => u.Username == "player")'
2026-05-03 09:59:18.999 +03:00 [DBG] Generated query execution expression: 
'queryContext => new SingleQueryingEnumerable<bool>(
    (RelationalQueryContext)queryContext, 
    RelationalCommandCache.QueryExpression(
        Projection Mapping:
            EmptyProjectionMember -> 0
        SELECT EXISTS (
            SELECT 1
            FROM Users AS u
            WHERE u.Username == 'player')), 
    null, 
    Func<QueryContext, DbDataReader, ResultContext, SingleQueryResultCoordinator, bool>, 
    DetectiveInterrogation.Data.AppDbContext, 
    False, 
    False, 
    True
)
    .Single()'
2026-05-03 09:59:18.999 +03:00 [DBG] Opening connection to database 'DetectiveInterrogation' on server 'tcp://localhost:5432'.
2026-05-03 09:59:18.999 +03:00 [DBG] Opened connection to database 'DetectiveInterrogation' on server 'tcp://localhost:5432'.
2026-05-03 09:59:18.999 +03:00 [DBG] Creating DbCommand for 'ExecuteReader'.
2026-05-03 09:59:18.999 +03:00 [DBG] Created DbCommand for 'ExecuteReader' (0ms).
2026-05-03 09:59:18.999 +03:00 [DBG] Initialized DbCommand for 'ExecuteReader' (0ms).
2026-05-03 09:59:18.999 +03:00 [DBG] Executing DbCommand [Parameters=[], CommandType='"Text"', CommandTimeout='30']
SELECT EXISTS (
    SELECT 1
    FROM "Users" AS u
    WHERE u."Username" = 'player')
2026-05-03 09:59:19.000 +03:00 [INF] Executed DbCommand (0ms) [Parameters=[], CommandType='"Text"', CommandTimeout='30']
SELECT EXISTS (
    SELECT 1
    FROM "Users" AS u
    WHERE u."Username" = 'player')
2026-05-03 09:59:19.000 +03:00 [DBG] Closing data reader to 'DetectiveInterrogation' on server 'tcp://localhost:5432'.
2026-05-03 09:59:19.000 +03:00 [DBG] A data reader for 'DetectiveInterrogation' on server 'tcp://localhost:5432' is being disposed after spending 0ms reading results.
2026-05-03 09:59:19.000 +03:00 [DBG] Closing connection to database 'DetectiveInterrogation' on server 'tcp://localhost:5432'.
2026-05-03 09:59:19.000 +03:00 [DBG] Closed connection to database 'DetectiveInterrogation' on server 'tcp://localhost:5432' (0ms).
2026-05-03 09:59:19.252 +03:00 [DBG] 'AppDbContext' generated a temporary value for the property 'User.Id'. Consider using 'DbContextOptionsBuilder.EnableSensitiveDataLogging' to see key values.
2026-05-03 09:59:19.252 +03:00 [DBG] Context 'AppDbContext' started tracking 'User' entity. Consider using 'DbContextOptionsBuilder.EnableSensitiveDataLogging' to see key values.
2026-05-03 09:59:19.253 +03:00 [DBG] Compiling query expression: 
'DbSet<Achievement>()
    .Any()'
2026-05-03 09:59:19.254 +03:00 [DBG] Generated query execution expression: 
'queryContext => new SingleQueryingEnumerable<bool>(
    (RelationalQueryContext)queryContext, 
    RelationalCommandCache.QueryExpression(
        Projection Mapping:
            EmptyProjectionMember -> 0
        SELECT EXISTS (
            SELECT 1
            FROM Achievements AS a)), 
    null, 
    Func<QueryContext, DbDataReader, ResultContext, SingleQueryResultCoordinator, bool>, 
    DetectiveInterrogation.Data.AppDbContext, 
    False, 
    False, 
    True
)
    .Single()'
2026-05-03 09:59:19.255 +03:00 [DBG] Opening connection to database 'DetectiveInterrogation' on server 'tcp://localhost:5432'.
2026-05-03 09:59:19.255 +03:00 [DBG] Opened connection to database 'DetectiveInterrogation' on server 'tcp://localhost:5432'.
2026-05-03 09:59:19.255 +03:00 [DBG] Creating DbCommand for 'ExecuteReader'.
2026-05-03 09:59:19.255 +03:00 [DBG] Created DbCommand for 'ExecuteReader' (0ms).
2026-05-03 09:59:19.255 +03:00 [DBG] Initialized DbCommand for 'ExecuteReader' (0ms).
2026-05-03 09:59:19.255 +03:00 [DBG] Executing DbCommand [Parameters=[], CommandType='"Text"', CommandTimeout='30']
SELECT EXISTS (
    SELECT 1
    FROM "Achievements" AS a)
2026-05-03 09:59:19.256 +03:00 [INF] Executed DbCommand (1ms) [Parameters=[], CommandType='"Text"', CommandTimeout='30']
SELECT EXISTS (
    SELECT 1
    FROM "Achievements" AS a)
2026-05-03 09:59:19.256 +03:00 [DBG] Closing data reader to 'DetectiveInterrogation' on server 'tcp://localhost:5432'.
2026-05-03 09:59:19.256 +03:00 [DBG] A data reader for 'DetectiveInterrogation' on server 'tcp://localhost:5432' is being disposed after spending 0ms reading results.
2026-05-03 09:59:19.256 +03:00 [DBG] Closing connection to database 'DetectiveInterrogation' on server 'tcp://localhost:5432'.
2026-05-03 09:59:19.256 +03:00 [DBG] Closed connection to database 'DetectiveInterrogation' on server 'tcp://localhost:5432' (0ms).
2026-05-03 09:59:19.257 +03:00 [DBG] 'AppDbContext' generated a temporary value for the property 'Achievement.Id'. Consider using 'DbContextOptionsBuilder.EnableSensitiveDataLogging' to see key values.
2026-05-03 09:59:19.264 +03:00 [DBG] Context 'AppDbContext' started tracking 'Achievement' entity. Consider using 'DbContextOptionsBuilder.EnableSensitiveDataLogging' to see key values.
2026-05-03 09:59:19.264 +03:00 [DBG] 'AppDbContext' generated a temporary value for the property 'Achievement.Id'. Consider using 'DbContextOptionsBuilder.EnableSensitiveDataLogging' to see key values.
2026-05-03 09:59:19.264 +03:00 [DBG] Context 'AppDbContext' started tracking 'Achievement' entity. Consider using 'DbContextOptionsBuilder.EnableSensitiveDataLogging' to see key values.
2026-05-03 09:59:19.264 +03:00 [DBG] 'AppDbContext' generated a temporary value for the property 'Achievement.Id'. Consider using 'DbContextOptionsBuilder.EnableSensitiveDataLogging' to see key values.
2026-05-03 09:59:19.265 +03:00 [DBG] Context 'AppDbContext' started tracking 'Achievement' entity. Consider using 'DbContextOptionsBuilder.EnableSensitiveDataLogging' to see key values.
2026-05-03 09:59:19.265 +03:00 [DBG] 'AppDbContext' generated a temporary value for the property 'Achievement.Id'. Consider using 'DbContextOptionsBuilder.EnableSensitiveDataLogging' to see key values.
2026-05-03 09:59:19.265 +03:00 [DBG] Context 'AppDbContext' started tracking 'Achievement' entity. Consider using 'DbContextOptionsBuilder.EnableSensitiveDataLogging' to see key values.
2026-05-03 09:59:19.265 +03:00 [DBG] 'AppDbContext' generated a temporary value for the property 'Achievement.Id'. Consider using 'DbContextOptionsBuilder.EnableSensitiveDataLogging' to see key values.
2026-05-03 09:59:19.265 +03:00 [DBG] Context 'AppDbContext' started tracking 'Achievement' entity. Consider using 'DbContextOptionsBuilder.EnableSensitiveDataLogging' to see key values.
2026-05-03 09:59:19.266 +03:00 [DBG] SaveChanges starting for 'AppDbContext'.
2026-05-03 09:59:19.267 +03:00 [DBG] DetectChanges starting for 'AppDbContext'.
2026-05-03 09:59:19.272 +03:00 [DBG] DetectChanges completed for 'AppDbContext'.
2026-05-03 09:59:19.300 +03:00 [DBG] Executing 7 update commands as a batch.
2026-05-03 09:59:19.301 +03:00 [DBG] Opening connection to database 'DetectiveInterrogation' on server 'tcp://localhost:5432'.
2026-05-03 09:59:19.301 +03:00 [DBG] Opened connection to database 'DetectiveInterrogation' on server 'tcp://localhost:5432'.
2026-05-03 09:59:19.301 +03:00 [DBG] Beginning transaction with isolation level 'Unspecified'.
2026-05-03 09:59:19.301 +03:00 [DBG] Began transaction with isolation level 'ReadCommitted'.
2026-05-03 09:59:19.301 +03:00 [DBG] Creating DbCommand for 'ExecuteReader'.
2026-05-03 09:59:19.302 +03:00 [DBG] Created DbCommand for 'ExecuteReader' (0ms).
2026-05-03 09:59:19.303 +03:00 [DBG] Initialized DbCommand for 'ExecuteReader' (1ms).
2026-05-03 09:59:19.304 +03:00 [DBG] Executing DbCommand [Parameters=[@p0='?', @p1='?', @p2='?', @p3='?', @p4='?', @p5='?', @p6='?', @p7='?', @p8='?', @p9='?', @p10='?', @p11='?', @p12='?', @p13='?', @p14='?', @p15='?', @p16='?', @p17='?'], CommandType='"Text"', CommandTimeout='30']
INSERT INTO "Achievements" ("Description", "Title")
VALUES (@p0, @p1)
RETURNING "Id";
INSERT INTO "Achievements" ("Description", "Title")
VALUES (@p2, @p3)
RETURNING "Id";
INSERT INTO "Achievements" ("Description", "Title")
VALUES (@p4, @p5)
RETURNING "Id";
INSERT INTO "Achievements" ("Description", "Title")
VALUES (@p6, @p7)
RETURNING "Id";
INSERT INTO "Achievements" ("Description", "Title")
VALUES (@p8, @p9)
RETURNING "Id";
INSERT INTO "Users" ("Email", "PasswordHash", "Role", "Username")
VALUES (@p10, @p11, @p12, @p13)
RETURNING "Id";
INSERT INTO "Users" ("Email", "PasswordHash", "Role", "Username")
VALUES (@p14, @p15, @p16, @p17)
RETURNING "Id";
2026-05-03 09:59:19.314 +03:00 [INF] Executed DbCommand (10ms) [Parameters=[@p0='?', @p1='?', @p2='?', @p3='?', @p4='?', @p5='?', @p6='?', @p7='?', @p8='?', @p9='?', @p10='?', @p11='?', @p12='?', @p13='?', @p14='?', @p15='?', @p16='?', @p17='?'], CommandType='"Text"', CommandTimeout='30']
INSERT INTO "Achievements" ("Description", "Title")
VALUES (@p0, @p1)
RETURNING "Id";
INSERT INTO "Achievements" ("Description", "Title")
VALUES (@p2, @p3)
RETURNING "Id";
INSERT INTO "Achievements" ("Description", "Title")
VALUES (@p4, @p5)
RETURNING "Id";
INSERT INTO "Achievements" ("Description", "Title")
VALUES (@p6, @p7)
RETURNING "Id";
INSERT INTO "Achievements" ("Description", "Title")
VALUES (@p8, @p9)
RETURNING "Id";
INSERT INTO "Users" ("Email", "PasswordHash", "Role", "Username")
VALUES (@p10, @p11, @p12, @p13)
RETURNING "Id";
INSERT INTO "Users" ("Email", "PasswordHash", "Role", "Username")
VALUES (@p14, @p15, @p16, @p17)
RETURNING "Id";
2026-05-03 09:59:19.320 +03:00 [DBG] The foreign key property 'Achievement.Id' was detected as changed. Consider using 'DbContextOptionsBuilder.EnableSensitiveDataLogging' to see property values.
2026-05-03 09:59:19.322 +03:00 [DBG] The foreign key property 'Achievement.Id' was detected as changed. Consider using 'DbContextOptionsBuilder.EnableSensitiveDataLogging' to see property values.
2026-05-03 09:59:19.322 +03:00 [DBG] The foreign key property 'Achievement.Id' was detected as changed. Consider using 'DbContextOptionsBuilder.EnableSensitiveDataLogging' to see property values.
2026-05-03 09:59:19.322 +03:00 [DBG] The foreign key property 'Achievement.Id' was detected as changed. Consider using 'DbContextOptionsBuilder.EnableSensitiveDataLogging' to see property values.
2026-05-03 09:59:19.323 +03:00 [DBG] The foreign key property 'Achievement.Id' was detected as changed. Consider using 'DbContextOptionsBuilder.EnableSensitiveDataLogging' to see property values.
2026-05-03 09:59:19.323 +03:00 [DBG] The foreign key property 'User.Id' was detected as changed. Consider using 'DbContextOptionsBuilder.EnableSensitiveDataLogging' to see property values.
2026-05-03 09:59:19.324 +03:00 [DBG] The foreign key property 'User.Id' was detected as changed. Consider using 'DbContextOptionsBuilder.EnableSensitiveDataLogging' to see property values.
2026-05-03 09:59:19.324 +03:00 [DBG] Closing data reader to 'DetectiveInterrogation' on server 'tcp://localhost:5432'.
2026-05-03 09:59:19.324 +03:00 [DBG] A data reader for 'DetectiveInterrogation' on server 'tcp://localhost:5432' is being disposed after spending 9ms reading results.
2026-05-03 09:59:19.324 +03:00 [DBG] Committing transaction.
2026-05-03 09:59:19.331 +03:00 [DBG] Committed transaction.
2026-05-03 09:59:19.331 +03:00 [DBG] Closing connection to database 'DetectiveInterrogation' on server 'tcp://localhost:5432'.
2026-05-03 09:59:19.332 +03:00 [DBG] Closed connection to database 'DetectiveInterrogation' on server 'tcp://localhost:5432' (0ms).
2026-05-03 09:59:19.332 +03:00 [DBG] Disposing transaction.
2026-05-03 09:59:19.337 +03:00 [DBG] An entity of type 'User' tracked by 'AppDbContext' changed state from '"Added"' to '"Unchanged"'. Consider using 'DbContextOptionsBuilder.EnableSensitiveDataLogging' to see key values.
2026-05-03 09:59:19.337 +03:00 [DBG] An entity of type 'User' tracked by 'AppDbContext' changed state from '"Added"' to '"Unchanged"'. Consider using 'DbContextOptionsBuilder.EnableSensitiveDataLogging' to see key values.
2026-05-03 09:59:19.337 +03:00 [DBG] An entity of type 'Achievement' tracked by 'AppDbContext' changed state from '"Added"' to '"Unchanged"'. Consider using 'DbContextOptionsBuilder.EnableSensitiveDataLogging' to see key values.
2026-05-03 09:59:19.337 +03:00 [DBG] An entity of type 'Achievement' tracked by 'AppDbContext' changed state from '"Added"' to '"Unchanged"'. Consider using 'DbContextOptionsBuilder.EnableSensitiveDataLogging' to see key values.
2026-05-03 09:59:19.337 +03:00 [DBG] An entity of type 'Achievement' tracked by 'AppDbContext' changed state from '"Added"' to '"Unchanged"'. Consider using 'DbContextOptionsBuilder.EnableSensitiveDataLogging' to see key values.
2026-05-03 09:59:19.337 +03:00 [DBG] An entity of type 'Achievement' tracked by 'AppDbContext' changed state from '"Added"' to '"Unchanged"'. Consider using 'DbContextOptionsBuilder.EnableSensitiveDataLogging' to see key values.
2026-05-03 09:59:19.337 +03:00 [DBG] An entity of type 'Achievement' tracked by 'AppDbContext' changed state from '"Added"' to '"Unchanged"'. Consider using 'DbContextOptionsBuilder.EnableSensitiveDataLogging' to see key values.
2026-05-03 09:59:19.338 +03:00 [DBG] SaveChanges completed for 'AppDbContext' with 7 entities written to the database.
2026-05-03 09:59:19.338 +03:00 [DBG] 'AppDbContext' disposed.
2026-05-03 09:59:19.339 +03:00 [DBG] Disposing connection to database 'DetectiveInterrogation' on server 'tcp://localhost:5432'.
2026-05-03 09:59:19.339 +03:00 [DBG] Disposed connection to database 'DetectiveInterrogation' on server 'tcp://localhost:5432' (0ms).
2026-05-03 09:59:19.468 +03:00 [DBG] Registered model binder providers, in the following order: ["Microsoft.AspNetCore.Mvc.ModelBinding.Binders.BinderTypeModelBinderProvider","Microsoft.AspNetCore.Mvc.ModelBinding.Binders.ServicesModelBinderProvider","Microsoft.AspNetCore.Mvc.ModelBinding.Binders.BodyModelBinderProvider","Microsoft.AspNetCore.Mvc.ModelBinding.Binders.HeaderModelBinderProvider","Microsoft.AspNetCore.Mvc.ModelBinding.Binders.FloatingPointTypeModelBinderProvider","Microsoft.AspNetCore.Mvc.ModelBinding.Binders.EnumTypeModelBinderProvider","Microsoft.AspNetCore.Mvc.ModelBinding.Binders.DateTimeModelBinderProvider","Microsoft.AspNetCore.Mvc.ModelBinding.Binders.SimpleTypeModelBinderProvider","Microsoft.AspNetCore.Mvc.ModelBinding.Binders.TryParseModelBinderProvider","Microsoft.AspNetCore.Mvc.ModelBinding.Binders.CancellationTokenModelBinderProvider","Microsoft.AspNetCore.Mvc.ModelBinding.Binders.ByteArrayModelBinderProvider","Microsoft.AspNetCore.Mvc.ModelBinding.Binders.FormFileModelBinderProvider","Microsoft.AspNetCore.Mvc.ModelBinding.Binders.FormCollectionModelBinderProvider","Microsoft.AspNetCore.Mvc.ModelBinding.Binders.KeyValuePairModelBinderProvider","Microsoft.AspNetCore.Mvc.ModelBinding.Binders.DictionaryModelBinderProvider","Microsoft.AspNetCore.Mvc.ModelBinding.Binders.ArrayModelBinderProvider","Microsoft.AspNetCore.Mvc.ModelBinding.Binders.CollectionModelBinderProvider","Microsoft.AspNetCore.Mvc.ModelBinding.Binders.ComplexObjectModelBinderProvider"]
2026-05-03 09:59:19.508 +03:00 [DBG] Hosting starting
2026-05-03 09:59:19.517 +03:00 [INF] User profile is available. Using 'C:\Users\vikto\AppData\Local\ASP.NET\DataProtection-Keys' as key repository and Windows DPAPI to encrypt keys at rest.
2026-05-03 09:59:19.522 +03:00 [DBG] Reading data from file 'C:\Users\vikto\AppData\Local\ASP.NET\DataProtection-Keys\key-16d6159e-e08b-4137-8fb4-bdf6ddddfe4c.xml'.
2026-05-03 09:59:19.559 +03:00 [DBG] Found key {16d6159e-e08b-4137-8fb4-bdf6ddddfe4c}.
2026-05-03 09:59:19.564 +03:00 [DBG] Considering key {16d6159e-e08b-4137-8fb4-bdf6ddddfe4c} with expiration date 2026-07-03 05:07:53Z as default key.
2026-05-03 09:59:19.565 +03:00 [DBG] Forwarded activator type request from Microsoft.AspNetCore.DataProtection.XmlEncryption.DpapiXmlDecryptor, Microsoft.AspNetCore.DataProtection, Version=8.0.0.0, Culture=neutral, PublicKeyToken=adb9793829ddae60 to Microsoft.AspNetCore.DataProtection.XmlEncryption.DpapiXmlDecryptor, Microsoft.AspNetCore.DataProtection, Culture=neutral, PublicKeyToken=adb9793829ddae60
2026-05-03 09:59:19.565 +03:00 [DBG] Decrypting secret element using Windows DPAPI.
2026-05-03 09:59:19.566 +03:00 [ERR] An exception occurred while trying to decrypt the element.
System.Security.Cryptography.CryptographicException: Error occurred during a cryptographic operation.
   at Microsoft.AspNetCore.DataProtection.Cng.DpapiSecretSerializerHelper.UnprotectWithDpapiCore(Byte* pbProtectedData, UInt32 cbProtectedData, Byte* pbOptionalEntropy, UInt32 cbOptionalEntropy)
   at Microsoft.AspNetCore.DataProtection.Cng.DpapiSecretSerializerHelper.UnprotectWithDpapi(Byte[] protectedSecret)
   at Microsoft.AspNetCore.DataProtection.XmlEncryption.DpapiXmlDecryptor.Decrypt(XElement encryptedElement)
2026-05-03 09:59:19.571 +03:00 [ERR] An exception occurred while processing the key element '<key id="16d6159e-e08b-4137-8fb4-bdf6ddddfe4c" version="1" />'.
System.Security.Cryptography.CryptographicException: Error occurred during a cryptographic operation.
   at Microsoft.AspNetCore.DataProtection.Cng.DpapiSecretSerializerHelper.UnprotectWithDpapiCore(Byte* pbProtectedData, UInt32 cbProtectedData, Byte* pbOptionalEntropy, UInt32 cbOptionalEntropy)
   at Microsoft.AspNetCore.DataProtection.Cng.DpapiSecretSerializerHelper.UnprotectWithDpapi(Byte[] protectedSecret)
   at Microsoft.AspNetCore.DataProtection.XmlEncryption.DpapiXmlDecryptor.Decrypt(XElement encryptedElement)
   at Microsoft.AspNetCore.DataProtection.XmlEncryption.XmlEncryptionExtensions.DecryptElement(XElement element, IActivator activator)
   at Microsoft.AspNetCore.DataProtection.KeyManagement.XmlKeyManager.Microsoft.AspNetCore.DataProtection.KeyManagement.Internal.IInternalXmlKeyManager.DeserializeDescriptorFromKeyElement(XElement keyElement)
2026-05-03 09:59:19.573 +03:00 [WRN] Key {16d6159e-e08b-4137-8fb4-bdf6ddddfe4c} is ineligible to be the default key because its CreateEncryptor method failed.
System.Security.Cryptography.CryptographicException: Error occurred during a cryptographic operation.
   at Microsoft.AspNetCore.DataProtection.Cng.DpapiSecretSerializerHelper.UnprotectWithDpapiCore(Byte* pbProtectedData, UInt32 cbProtectedData, Byte* pbOptionalEntropy, UInt32 cbOptionalEntropy)
   at Microsoft.AspNetCore.DataProtection.Cng.DpapiSecretSerializerHelper.UnprotectWithDpapi(Byte[] protectedSecret)
   at Microsoft.AspNetCore.DataProtection.XmlEncryption.DpapiXmlDecryptor.Decrypt(XElement encryptedElement)
   at Microsoft.AspNetCore.DataProtection.XmlEncryption.XmlEncryptionExtensions.DecryptElement(XElement element, IActivator activator)
   at Microsoft.AspNetCore.DataProtection.KeyManagement.XmlKeyManager.Microsoft.AspNetCore.DataProtection.KeyManagement.Internal.IInternalXmlKeyManager.DeserializeDescriptorFromKeyElement(XElement keyElement)
   at System.Lazy`1.ViaFactory(LazyThreadSafetyMode mode)
   at System.Lazy`1.ExecutionAndPublication(LazyHelper executionAndPublication, Boolean useDefaultConstructor)
   at System.Lazy`1.CreateValue()
   at Microsoft.AspNetCore.DataProtection.AuthenticatedEncryption.CngGcmAuthenticatedEncryptorFactory.CreateEncryptorInstance(IKey key)
   at Microsoft.AspNetCore.DataProtection.KeyManagement.KeyBase.CreateEncryptor()
   at Microsoft.AspNetCore.DataProtection.KeyManagement.DefaultKeyResolver.CanCreateAuthenticatedEncryptor(IKey key)
2026-05-03 09:59:19.573 +03:00 [DBG] Key {16d6159e-e08b-4137-8fb4-bdf6ddddfe4c} is no longer under consideration as default key because it is expired, revoked, or cannot be deciphered.
2026-05-03 09:59:19.574 +03:00 [WRN] Key {16d6159e-e08b-4137-8fb4-bdf6ddddfe4c} is ineligible to be the default key because its CreateEncryptor method failed.
System.Security.Cryptography.CryptographicException: Error occurred during a cryptographic operation.
   at Microsoft.AspNetCore.DataProtection.Cng.DpapiSecretSerializerHelper.UnprotectWithDpapiCore(Byte* pbProtectedData, UInt32 cbProtectedData, Byte* pbOptionalEntropy, UInt32 cbOptionalEntropy)
   at Microsoft.AspNetCore.DataProtection.Cng.DpapiSecretSerializerHelper.UnprotectWithDpapi(Byte[] protectedSecret)
   at Microsoft.AspNetCore.DataProtection.XmlEncryption.DpapiXmlDecryptor.Decrypt(XElement encryptedElement)
   at Microsoft.AspNetCore.DataProtection.XmlEncryption.XmlEncryptionExtensions.DecryptElement(XElement element, IActivator activator)
   at Microsoft.AspNetCore.DataProtection.KeyManagement.XmlKeyManager.Microsoft.AspNetCore.DataProtection.KeyManagement.Internal.IInternalXmlKeyManager.DeserializeDescriptorFromKeyElement(XElement keyElement)
   at System.Lazy`1.ViaFactory(LazyThreadSafetyMode mode)
--- End of stack trace from previous location ---
   at System.Lazy`1.CreateValue()
   at Microsoft.AspNetCore.DataProtection.AuthenticatedEncryption.CngGcmAuthenticatedEncryptorFactory.CreateEncryptorInstance(IKey key)
   at Microsoft.AspNetCore.DataProtection.KeyManagement.KeyBase.CreateEncryptor()
   at Microsoft.AspNetCore.DataProtection.KeyManagement.DefaultKeyResolver.CanCreateAuthenticatedEncryptor(IKey key)
2026-05-03 09:59:19.574 +03:00 [WRN] Key {16d6159e-e08b-4137-8fb4-bdf6ddddfe4c} is ineligible to be the default key because its CreateEncryptor method failed.
System.Security.Cryptography.CryptographicException: Error occurred during a cryptographic operation.
   at Microsoft.AspNetCore.DataProtection.Cng.DpapiSecretSerializerHelper.UnprotectWithDpapiCore(Byte* pbProtectedData, UInt32 cbProtectedData, Byte* pbOptionalEntropy, UInt32 cbOptionalEntropy)
   at Microsoft.AspNetCore.DataProtection.Cng.DpapiSecretSerializerHelper.UnprotectWithDpapi(Byte[] protectedSecret)
   at Microsoft.AspNetCore.DataProtection.XmlEncryption.DpapiXmlDecryptor.Decrypt(XElement encryptedElement)
   at Microsoft.AspNetCore.DataProtection.XmlEncryption.XmlEncryptionExtensions.DecryptElement(XElement element, IActivator activator)
   at Microsoft.AspNetCore.DataProtection.KeyManagement.XmlKeyManager.Microsoft.AspNetCore.DataProtection.KeyManagement.Internal.IInternalXmlKeyManager.DeserializeDescriptorFromKeyElement(XElement keyElement)
   at System.Lazy`1.ViaFactory(LazyThreadSafetyMode mode)
--- End of stack trace from previous location ---
   at System.Lazy`1.CreateValue()
   at Microsoft.AspNetCore.DataProtection.AuthenticatedEncryption.CngGcmAuthenticatedEncryptorFactory.CreateEncryptorInstance(IKey key)
   at Microsoft.AspNetCore.DataProtection.KeyManagement.KeyBase.CreateEncryptor()
   at Microsoft.AspNetCore.DataProtection.KeyManagement.DefaultKeyResolver.CanCreateAuthenticatedEncryptor(IKey key)
2026-05-03 09:59:19.575 +03:00 [DBG] Repository contains no viable default key. Caller should generate a key with immediate activation.
2026-05-03 09:59:19.575 +03:00 [DBG] Policy resolution states that a new key should be added to the key ring.
2026-05-03 09:59:19.576 +03:00 [INF] Creating key {600643fd-a615-4cdc-aa5f-047b26a27fc1} with creation date 2026-05-03 06:59:19Z, activation date 2026-05-03 06:59:19Z, and expiration date 2026-08-01 06:59:19Z.
2026-05-03 09:59:19.577 +03:00 [DBG] Descriptor deserializer type for key {600643fd-a615-4cdc-aa5f-047b26a27fc1} is 'Microsoft.AspNetCore.DataProtection.AuthenticatedEncryption.ConfigurationModel.AuthenticatedEncryptorDescriptorDeserializer, Microsoft.AspNetCore.DataProtection, Version=8.0.0.0, Culture=neutral, PublicKeyToken=adb9793829ddae60'.
2026-05-03 09:59:19.577 +03:00 [DBG] No key escrow sink found. Not writing key {600643fd-a615-4cdc-aa5f-047b26a27fc1} to escrow.
2026-05-03 09:59:19.580 +03:00 [DBG] Encrypting to Windows DPAPI for current user account (huawei\CodexSandboxOffline).
2026-05-03 09:59:19.582 +03:00 [ERR] An error occurred while reading the key ring.
System.UnauthorizedAccessException: Access to the path 'C:\Users\vikto\AppData\Local\ASP.NET\DataProtection-Keys\6a7c51db-dbdf-415e-87b7-2b0a067d6174.tmp' is denied.
   at Microsoft.Win32.SafeHandles.SafeFileHandle.CreateFile(String fullPath, FileMode mode, FileAccess access, FileShare share, FileOptions options)
   at Microsoft.Win32.SafeHandles.SafeFileHandle.Open(String fullPath, FileMode mode, FileAccess access, FileShare share, FileOptions options, Int64 preallocationSize, Nullable`1 unixCreateMode)
   at System.IO.Strategies.OSFileStreamStrategy..ctor(String path, FileMode mode, FileAccess access, FileShare share, FileOptions options, Int64 preallocationSize, Nullable`1 unixCreateMode)
   at System.IO.Strategies.FileStreamHelpers.ChooseStrategyCore(String path, FileMode mode, FileAccess access, FileShare share, FileOptions options, Int64 preallocationSize, Nullable`1 unixCreateMode)
   at System.IO.File.OpenWrite(String path)
   at Microsoft.AspNetCore.DataProtection.Repositories.FileSystemXmlRepository.StoreElementCore(XElement element, String filename)
   at Microsoft.AspNetCore.DataProtection.Repositories.FileSystemXmlRepository.StoreElement(XElement element, String friendlyName)
   at Microsoft.AspNetCore.DataProtection.KeyManagement.XmlKeyManager.Microsoft.AspNetCore.DataProtection.KeyManagement.Internal.IInternalXmlKeyManager.CreateNewKey(Guid keyId, DateTimeOffset creationDate, DateTimeOffset activationDate, DateTimeOffset expirationDate)
   at Microsoft.AspNetCore.DataProtection.KeyManagement.XmlKeyManager.CreateNewKey(DateTimeOffset activationDate, DateTimeOffset expirationDate)
   at Microsoft.AspNetCore.DataProtection.KeyManagement.KeyRingProvider.CreateCacheableKeyRingCore(DateTimeOffset now, IKey keyJustAdded)
   at Microsoft.AspNetCore.DataProtection.KeyManagement.KeyRingProvider.GetCurrentKeyRingCore(DateTime utcNow, Boolean forceRefresh)
2026-05-03 09:59:19.582 +03:00 [INF] Key ring failed to load during application startup.
System.UnauthorizedAccessException: Access to the path 'C:\Users\vikto\AppData\Local\ASP.NET\DataProtection-Keys\6a7c51db-dbdf-415e-87b7-2b0a067d6174.tmp' is denied.
   at Microsoft.Win32.SafeHandles.SafeFileHandle.CreateFile(String fullPath, FileMode mode, FileAccess access, FileShare share, FileOptions options)
   at Microsoft.Win32.SafeHandles.SafeFileHandle.Open(String fullPath, FileMode mode, FileAccess access, FileShare share, FileOptions options, Int64 preallocationSize, Nullable`1 unixCreateMode)
   at System.IO.Strategies.OSFileStreamStrategy..ctor(String path, FileMode mode, FileAccess access, FileShare share, FileOptions options, Int64 preallocationSize, Nullable`1 unixCreateMode)
   at System.IO.Strategies.FileStreamHelpers.ChooseStrategyCore(String path, FileMode mode, FileAccess access, FileShare share, FileOptions options, Int64 preallocationSize, Nullable`1 unixCreateMode)
   at System.IO.File.OpenWrite(String path)
   at Microsoft.AspNetCore.DataProtection.Repositories.FileSystemXmlRepository.StoreElementCore(XElement element, String filename)
   at Microsoft.AspNetCore.DataProtection.Repositories.FileSystemXmlRepository.StoreElement(XElement element, String friendlyName)
   at Microsoft.AspNetCore.DataProtection.KeyManagement.XmlKeyManager.Microsoft.AspNetCore.DataProtection.KeyManagement.Internal.IInternalXmlKeyManager.CreateNewKey(Guid keyId, DateTimeOffset creationDate, DateTimeOffset activationDate, DateTimeOffset expirationDate)
   at Microsoft.AspNetCore.DataProtection.KeyManagement.XmlKeyManager.CreateNewKey(DateTimeOffset activationDate, DateTimeOffset expirationDate)
   at Microsoft.AspNetCore.DataProtection.KeyManagement.KeyRingProvider.CreateCacheableKeyRingCore(DateTimeOffset now, IKey keyJustAdded)
   at Microsoft.AspNetCore.DataProtection.KeyManagement.KeyRingProvider.GetCurrentKeyRingCore(DateTime utcNow, Boolean forceRefresh)
   at Microsoft.AspNetCore.DataProtection.Internal.DataProtectionHostedService.StartAsync(CancellationToken token)
2026-05-03 09:59:19.601 +03:00 [INF] Now listening on: http://localhost:5000
2026-05-03 09:59:19.601 +03:00 [DBG] Loaded hosting startup assembly DetectiveInterrogation
2026-05-03 09:59:19.602 +03:00 [INF] Application started. Press Ctrl+C to shut down.
2026-05-03 09:59:19.602 +03:00 [INF] Hosting environment: Production
2026-05-03 09:59:19.602 +03:00 [INF] Content root path: C:\Users\vikto\OneDrive\Desktop\sem\DetectiveInterrogation
2026-05-03 09:59:19.602 +03:00 [DBG] Hosting started
2026-05-03 10:02:58.975 +03:00 [DBG] An 'IServiceProvider' was created for internal use by Entity Framework.
2026-05-03 10:02:59.403 +03:00 [DBG] The index {'SessionId'} was not created on entity type 'SessionUsedEvidence' as the properties are already covered by the index {'SessionId', 'EvidenceId'}.
2026-05-03 10:02:59.849 +03:00 [DBG] The index {'UserId'} was not created on entity type 'UserAchievement' as the properties are already covered by the index {'UserId', 'AchievementId'}.
2026-05-03 10:03:00.289 +03:00 [DBG] Entity Framework Core 8.0.4 initialized 'AppDbContext' using provider 'Npgsql.EntityFrameworkCore.PostgreSQL:8.0.4+51faf6e9c9c7ef99c3e98d98a96adb8fa8ae4553' with options: None
2026-05-03 10:03:00.311 +03:00 [DBG] Creating DbConnection.
2026-05-03 10:03:00.355 +03:00 [DBG] Created DbConnection. (42ms).
2026-05-03 10:03:00.384 +03:00 [DBG] Opening connection to database 'DetectiveInterrogation' on server 'tcp://localhost:5432'.
2026-05-03 10:03:00.589 +03:00 [DBG] Opened connection to database 'DetectiveInterrogation' on server 'tcp://localhost:5432'.
2026-05-03 10:03:00.595 +03:00 [DBG] Closing connection to database 'DetectiveInterrogation' on server 'tcp://localhost:5432'.
2026-05-03 10:03:00.609 +03:00 [DBG] Closed connection to database 'DetectiveInterrogation' on server 'tcp://localhost:5432' (10ms).
2026-05-03 10:03:00.632 +03:00 [DBG] Creating DbCommand for 'ExecuteScalar'.
2026-05-03 10:03:00.641 +03:00 [DBG] Created DbCommand for 'ExecuteScalar' (7ms).
2026-05-03 10:03:00.646 +03:00 [DBG] Initialized DbCommand for 'ExecuteScalar' (15ms).
2026-05-03 10:03:00.648 +03:00 [DBG] Opening connection to database 'DetectiveInterrogation' on server 'tcp://localhost:5432'.
2026-05-03 10:03:00.723 +03:00 [DBG] Opened connection to database 'DetectiveInterrogation' on server 'tcp://localhost:5432'.
2026-05-03 10:03:00.732 +03:00 [DBG] Executing DbCommand [Parameters=[], CommandType='"Text"', CommandTimeout='30']
SELECT CASE WHEN COUNT(*) = 0 THEN FALSE ELSE TRUE END
FROM pg_class AS cls
JOIN pg_namespace AS ns ON ns.oid = cls.relnamespace
WHERE
        cls.relkind IN ('r', 'v', 'm', 'f', 'p') AND
        ns.nspname NOT IN ('pg_catalog', 'information_schema') AND
        -- Exclude tables which are members of PG extensions
        NOT EXISTS (
            SELECT 1 FROM pg_depend WHERE
                classid=(
                    SELECT cls.oid
                    FROM pg_class AS cls
                             JOIN pg_namespace AS ns ON ns.oid = cls.relnamespace
                    WHERE relname='pg_class' AND ns.nspname='pg_catalog'
                ) AND
                objid=cls.oid AND
                deptype IN ('e', 'x')
        )
2026-05-03 10:03:00.777 +03:00 [INF] Executed DbCommand (47ms) [Parameters=[], CommandType='"Text"', CommandTimeout='30']
SELECT CASE WHEN COUNT(*) = 0 THEN FALSE ELSE TRUE END
FROM pg_class AS cls
JOIN pg_namespace AS ns ON ns.oid = cls.relnamespace
WHERE
        cls.relkind IN ('r', 'v', 'm', 'f', 'p') AND
        ns.nspname NOT IN ('pg_catalog', 'information_schema') AND
        -- Exclude tables which are members of PG extensions
        NOT EXISTS (
            SELECT 1 FROM pg_depend WHERE
                classid=(
                    SELECT cls.oid
                    FROM pg_class AS cls
                             JOIN pg_namespace AS ns ON ns.oid = cls.relnamespace
                    WHERE relname='pg_class' AND ns.nspname='pg_catalog'
                ) AND
                objid=cls.oid AND
                deptype IN ('e', 'x')
        )
2026-05-03 10:03:00.780 +03:00 [DBG] Closing connection to database 'DetectiveInterrogation' on server 'tcp://localhost:5432'.
2026-05-03 10:03:00.782 +03:00 [DBG] Closed connection to database 'DetectiveInterrogation' on server 'tcp://localhost:5432' (2ms).
2026-05-03 10:03:00.801 +03:00 [DBG] Compiling query expression: 
'DbSet<User>()
    .Any(u => u.Username == "admin")'
2026-05-03 10:03:00.915 +03:00 [DBG] Generated query execution expression: 
'queryContext => new SingleQueryingEnumerable<bool>(
    (RelationalQueryContext)queryContext, 
    RelationalCommandCache.QueryExpression(
        Projection Mapping:
            EmptyProjectionMember -> 0
        SELECT EXISTS (
            SELECT 1
            FROM Users AS u
            WHERE u.Username == 'admin')), 
    null, 
    Func<QueryContext, DbDataReader, ResultContext, SingleQueryResultCoordinator, bool>, 
    DetectiveInterrogation.Data.AppDbContext, 
    False, 
    False, 
    True
)
    .Single()'
2026-05-03 10:03:00.931 +03:00 [DBG] Opening connection to database 'DetectiveInterrogation' on server 'tcp://localhost:5432'.
2026-05-03 10:03:00.933 +03:00 [DBG] Opened connection to database 'DetectiveInterrogation' on server 'tcp://localhost:5432'.
2026-05-03 10:03:00.933 +03:00 [DBG] Creating DbCommand for 'ExecuteReader'.
2026-05-03 10:03:00.934 +03:00 [DBG] Created DbCommand for 'ExecuteReader' (0ms).
2026-05-03 10:03:00.935 +03:00 [DBG] Initialized DbCommand for 'ExecuteReader' (1ms).
2026-05-03 10:03:00.937 +03:00 [DBG] Executing DbCommand [Parameters=[], CommandType='"Text"', CommandTimeout='30']
SELECT EXISTS (
    SELECT 1
    FROM "Users" AS u
    WHERE u."Username" = 'admin')
2026-05-03 10:03:00.943 +03:00 [INF] Executed DbCommand (5ms) [Parameters=[], CommandType='"Text"', CommandTimeout='30']
SELECT EXISTS (
    SELECT 1
    FROM "Users" AS u
    WHERE u."Username" = 'admin')
2026-05-03 10:03:00.948 +03:00 [DBG] Closing data reader to 'DetectiveInterrogation' on server 'tcp://localhost:5432'.
2026-05-03 10:03:00.950 +03:00 [DBG] A data reader for 'DetectiveInterrogation' on server 'tcp://localhost:5432' is being disposed after spending 5ms reading results.
2026-05-03 10:03:00.953 +03:00 [DBG] Closing connection to database 'DetectiveInterrogation' on server 'tcp://localhost:5432'.
2026-05-03 10:03:00.954 +03:00 [DBG] Closed connection to database 'DetectiveInterrogation' on server 'tcp://localhost:5432' (1ms).
2026-05-03 10:03:00.956 +03:00 [DBG] Compiling query expression: 
'DbSet<User>()
    .Any(u => u.Username == "player")'
2026-05-03 10:03:00.959 +03:00 [DBG] Generated query execution expression: 
'queryContext => new SingleQueryingEnumerable<bool>(
    (RelationalQueryContext)queryContext, 
    RelationalCommandCache.QueryExpression(
        Projection Mapping:
            EmptyProjectionMember -> 0
        SELECT EXISTS (
            SELECT 1
            FROM Users AS u
            WHERE u.Username == 'player')), 
    null, 
    Func<QueryContext, DbDataReader, ResultContext, SingleQueryResultCoordinator, bool>, 
    DetectiveInterrogation.Data.AppDbContext, 
    False, 
    False, 
    True
)
    .Single()'
2026-05-03 10:03:00.960 +03:00 [DBG] Opening connection to database 'DetectiveInterrogation' on server 'tcp://localhost:5432'.
2026-05-03 10:03:00.961 +03:00 [DBG] Opened connection to database 'DetectiveInterrogation' on server 'tcp://localhost:5432'.
2026-05-03 10:03:00.962 +03:00 [DBG] Creating DbCommand for 'ExecuteReader'.
2026-05-03 10:03:00.963 +03:00 [DBG] Created DbCommand for 'ExecuteReader' (0ms).
2026-05-03 10:03:00.964 +03:00 [DBG] Initialized DbCommand for 'ExecuteReader' (1ms).
2026-05-03 10:03:00.965 +03:00 [DBG] Executing DbCommand [Parameters=[], CommandType='"Text"', CommandTimeout='30']
SELECT EXISTS (
    SELECT 1
    FROM "Users" AS u
    WHERE u."Username" = 'player')
2026-05-03 10:03:00.966 +03:00 [INF] Executed DbCommand (2ms) [Parameters=[], CommandType='"Text"', CommandTimeout='30']
SELECT EXISTS (
    SELECT 1
    FROM "Users" AS u
    WHERE u."Username" = 'player')
2026-05-03 10:03:00.969 +03:00 [DBG] Closing data reader to 'DetectiveInterrogation' on server 'tcp://localhost:5432'.
2026-05-03 10:03:00.970 +03:00 [DBG] A data reader for 'DetectiveInterrogation' on server 'tcp://localhost:5432' is being disposed after spending 0ms reading results.
2026-05-03 10:03:00.971 +03:00 [DBG] Closing connection to database 'DetectiveInterrogation' on server 'tcp://localhost:5432'.
2026-05-03 10:03:00.972 +03:00 [DBG] Closed connection to database 'DetectiveInterrogation' on server 'tcp://localhost:5432' (0ms).
2026-05-03 10:03:00.973 +03:00 [DBG] Compiling query expression: 
'DbSet<Achievement>()
    .Any()'
2026-05-03 10:03:00.975 +03:00 [DBG] Generated query execution expression: 
'queryContext => new SingleQueryingEnumerable<bool>(
    (RelationalQueryContext)queryContext, 
    RelationalCommandCache.QueryExpression(
        Projection Mapping:
            EmptyProjectionMember -> 0
        SELECT EXISTS (
            SELECT 1
            FROM Achievements AS a)), 
    null, 
    Func<QueryContext, DbDataReader, ResultContext, SingleQueryResultCoordinator, bool>, 
    DetectiveInterrogation.Data.AppDbContext, 
    False, 
    False, 
    True
)
    .Single()'
2026-05-03 10:03:00.977 +03:00 [DBG] Opening connection to database 'DetectiveInterrogation' on server 'tcp://localhost:5432'.
2026-05-03 10:03:00.978 +03:00 [DBG] Opened connection to database 'DetectiveInterrogation' on server 'tcp://localhost:5432'.
2026-05-03 10:03:00.979 +03:00 [DBG] Creating DbCommand for 'ExecuteReader'.
2026-05-03 10:03:00.979 +03:00 [DBG] Created DbCommand for 'ExecuteReader' (0ms).
2026-05-03 10:03:00.980 +03:00 [DBG] Initialized DbCommand for 'ExecuteReader' (1ms).
2026-05-03 10:03:00.981 +03:00 [DBG] Executing DbCommand [Parameters=[], CommandType='"Text"', CommandTimeout='30']
SELECT EXISTS (
    SELECT 1
    FROM "Achievements" AS a)
2026-05-03 10:03:00.986 +03:00 [INF] Executed DbCommand (4ms) [Parameters=[], CommandType='"Text"', CommandTimeout='30']
SELECT EXISTS (
    SELECT 1
    FROM "Achievements" AS a)
2026-05-03 10:03:00.988 +03:00 [DBG] Closing data reader to 'DetectiveInterrogation' on server 'tcp://localhost:5432'.
2026-05-03 10:03:00.988 +03:00 [DBG] A data reader for 'DetectiveInterrogation' on server 'tcp://localhost:5432' is being disposed after spending 0ms reading results.
2026-05-03 10:03:00.990 +03:00 [DBG] Closing connection to database 'DetectiveInterrogation' on server 'tcp://localhost:5432'.
2026-05-03 10:03:00.991 +03:00 [DBG] Closed connection to database 'DetectiveInterrogation' on server 'tcp://localhost:5432' (1ms).
2026-05-03 10:03:00.993 +03:00 [DBG] SaveChanges starting for 'AppDbContext'.
2026-05-03 10:03:00.995 +03:00 [DBG] DetectChanges starting for 'AppDbContext'.
2026-05-03 10:03:00.997 +03:00 [DBG] DetectChanges completed for 'AppDbContext'.
2026-05-03 10:03:01.000 +03:00 [DBG] SaveChanges completed for 'AppDbContext' with 0 entities written to the database.
2026-05-03 10:03:01.002 +03:00 [DBG] 'AppDbContext' disposed.
2026-05-03 10:03:01.004 +03:00 [DBG] Disposing connection to database 'DetectiveInterrogation' on server 'tcp://localhost:5432'.
2026-05-03 10:03:01.005 +03:00 [DBG] Disposed connection to database 'DetectiveInterrogation' on server 'tcp://localhost:5432' (1ms).
2026-05-03 10:03:01.081 +03:00 [DBG] Registered model binder providers, in the following order: ["Microsoft.AspNetCore.Mvc.ModelBinding.Binders.BinderTypeModelBinderProvider","Microsoft.AspNetCore.Mvc.ModelBinding.Binders.ServicesModelBinderProvider","Microsoft.AspNetCore.Mvc.ModelBinding.Binders.BodyModelBinderProvider","Microsoft.AspNetCore.Mvc.ModelBinding.Binders.HeaderModelBinderProvider","Microsoft.AspNetCore.Mvc.ModelBinding.Binders.FloatingPointTypeModelBinderProvider","Microsoft.AspNetCore.Mvc.ModelBinding.Binders.EnumTypeModelBinderProvider","Microsoft.AspNetCore.Mvc.ModelBinding.Binders.DateTimeModelBinderProvider","Microsoft.AspNetCore.Mvc.ModelBinding.Binders.SimpleTypeModelBinderProvider","Microsoft.AspNetCore.Mvc.ModelBinding.Binders.TryParseModelBinderProvider","Microsoft.AspNetCore.Mvc.ModelBinding.Binders.CancellationTokenModelBinderProvider","Microsoft.AspNetCore.Mvc.ModelBinding.Binders.ByteArrayModelBinderProvider","Microsoft.AspNetCore.Mvc.ModelBinding.Binders.FormFileModelBinderProvider","Microsoft.AspNetCore.Mvc.ModelBinding.Binders.FormCollectionModelBinderProvider","Microsoft.AspNetCore.Mvc.ModelBinding.Binders.KeyValuePairModelBinderProvider","Microsoft.AspNetCore.Mvc.ModelBinding.Binders.DictionaryModelBinderProvider","Microsoft.AspNetCore.Mvc.ModelBinding.Binders.ArrayModelBinderProvider","Microsoft.AspNetCore.Mvc.ModelBinding.Binders.CollectionModelBinderProvider","Microsoft.AspNetCore.Mvc.ModelBinding.Binders.ComplexObjectModelBinderProvider"]
2026-05-03 10:03:01.128 +03:00 [DBG] Hosting starting
2026-05-03 10:03:01.154 +03:00 [DBG] Repository contains no viable default key. Caller should generate a key with immediate activation.
2026-05-03 10:03:01.156 +03:00 [DBG] Policy resolution states that a new key should be added to the key ring.
2026-05-03 10:03:01.160 +03:00 [INF] Creating key {b1304d11-bf04-45a4-a947-21a7e0b9e88b} with creation date 2026-05-03 07:03:01Z, activation date 2026-05-03 07:03:01Z, and expiration date 2026-08-01 07:03:01Z.
2026-05-03 10:03:01.167 +03:00 [DBG] Descriptor deserializer type for key {b1304d11-bf04-45a4-a947-21a7e0b9e88b} is 'Microsoft.AspNetCore.DataProtection.AuthenticatedEncryption.ConfigurationModel.AuthenticatedEncryptorDescriptorDeserializer, Microsoft.AspNetCore.DataProtection, Version=8.0.0.0, Culture=neutral, PublicKeyToken=adb9793829ddae60'.
2026-05-03 10:03:01.173 +03:00 [DBG] No key escrow sink found. Not writing key {b1304d11-bf04-45a4-a947-21a7e0b9e88b} to escrow.
2026-05-03 10:03:01.176 +03:00 [WRN] No XML encryptor configured. Key {b1304d11-bf04-45a4-a947-21a7e0b9e88b} may be persisted to storage in unencrypted form.
2026-05-03 10:03:01.181 +03:00 [INF] Writing data to file 'C:\Users\vikto\OneDrive\Desktop\sem\DetectiveInterrogation\DataProtectionKeys\key-b1304d11-bf04-45a4-a947-21a7e0b9e88b.xml'.
2026-05-03 10:03:01.184 +03:00 [DBG] Key cache expiration token triggered by 'CreateNewKey' operation.
2026-05-03 10:03:01.188 +03:00 [DBG] Reading data from file 'C:\Users\vikto\OneDrive\Desktop\sem\DetectiveInterrogation\DataProtectionKeys\key-b1304d11-bf04-45a4-a947-21a7e0b9e88b.xml'.
2026-05-03 10:03:01.210 +03:00 [DBG] Found key {b1304d11-bf04-45a4-a947-21a7e0b9e88b}.
2026-05-03 10:03:01.217 +03:00 [DBG] Considering key {b1304d11-bf04-45a4-a947-21a7e0b9e88b} with expiration date 2026-08-01 07:03:01Z as default key.
2026-05-03 10:03:01.221 +03:00 [DBG] Forwarded activator type request from Microsoft.AspNetCore.DataProtection.AuthenticatedEncryption.ConfigurationModel.AuthenticatedEncryptorDescriptorDeserializer, Microsoft.AspNetCore.DataProtection, Version=8.0.0.0, Culture=neutral, PublicKeyToken=adb9793829ddae60 to Microsoft.AspNetCore.DataProtection.AuthenticatedEncryption.ConfigurationModel.AuthenticatedEncryptorDescriptorDeserializer, Microsoft.AspNetCore.DataProtection, Culture=neutral, PublicKeyToken=adb9793829ddae60
2026-05-03 10:03:01.225 +03:00 [DBG] Opening CNG algorithm 'AES' from provider 'null' with chaining mode CBC.
2026-05-03 10:03:01.228 +03:00 [DBG] Opening CNG algorithm 'SHA256' from provider 'null' with HMAC.
2026-05-03 10:03:01.231 +03:00 [DBG] Using key {b1304d11-bf04-45a4-a947-21a7e0b9e88b} as the default key.
2026-05-03 10:03:01.233 +03:00 [DBG] Key ring with default key {b1304d11-bf04-45a4-a947-21a7e0b9e88b} was loaded during application startup.
2026-05-03 10:03:01.255 +03:00 [INF] Now listening on: http://localhost:5000
2026-05-03 10:03:01.258 +03:00 [DBG] Loaded hosting startup assembly DetectiveInterrogation
2026-05-03 10:03:01.259 +03:00 [INF] Application started. Press Ctrl+C to shut down.
2026-05-03 10:03:01.260 +03:00 [INF] Hosting environment: Production
2026-05-03 10:03:01.262 +03:00 [INF] Content root path: C:\Users\vikto\OneDrive\Desktop\sem\DetectiveInterrogation
2026-05-03 10:03:01.264 +03:00 [DBG] Hosting started
2026-05-03 10:03:14.200 +03:00 [DBG] Connection id "0HNL8S85NPMQ1" accepted.
2026-05-03 10:03:14.202 +03:00 [DBG] Connection id "0HNL8S85NPMQ1" started.
2026-05-03 10:03:14.242 +03:00 [DBG] Connection id "0HNL8S85NPMQ2" accepted.
2026-05-03 10:03:14.246 +03:00 [DBG] Connection id "0HNL8S85NPMQ2" started.
2026-05-03 10:03:14.258 +03:00 [INF] Request starting HTTP/1.1 GET http://localhost:5000/ - null null
2026-05-03 10:03:14.268 +03:00 [DBG] Wildcard detected, all requests with hosts will be allowed.
2026-05-03 10:03:14.271 +03:00 [DBG] The request is insecure. Skipping HSTS header.
2026-05-03 10:03:14.279 +03:00 [INF] Request started: GET /
2026-05-03 10:03:14.283 +03:00 [WRN] Failed to determine the https port for redirect.
2026-05-03 10:03:14.288 +03:00 [DBG] The request path / does not match a supported file type
2026-05-03 10:03:14.332 +03:00 [DBG] 1 candidate(s) found for the request path '/'
2026-05-03 10:03:14.336 +03:00 [DBG] Endpoint 'DetectiveInterrogation.Controllers.HomeController.Index (DetectiveInterrogation)' with route pattern '{controller=Home}/{action=Index}/{id?}' is valid for the request path '/'
2026-05-03 10:03:14.341 +03:00 [DBG] Request matched endpoint 'DetectiveInterrogation.Controllers.HomeController.Index (DetectiveInterrogation)'
2026-05-03 10:03:14.401 +03:00 [DBG] AuthenticationScheme: Bearer was not authenticated.
2026-05-03 10:03:14.407 +03:00 [INF] Executing endpoint 'DetectiveInterrogation.Controllers.HomeController.Index (DetectiveInterrogation)'
2026-05-03 10:03:14.430 +03:00 [INF] Route matched with {action = "Index", controller = "Home"}. Executing controller action with signature Microsoft.AspNetCore.Mvc.IActionResult Index() on controller DetectiveInterrogation.Controllers.HomeController (DetectiveInterrogation).
2026-05-03 10:03:14.439 +03:00 [DBG] Execution plan of authorization filters (in the following order): ["None"]
2026-05-03 10:03:14.443 +03:00 [DBG] Execution plan of resource filters (in the following order): ["Microsoft.AspNetCore.Mvc.ViewFeatures.Filters.SaveTempDataFilter"]
2026-05-03 10:03:14.447 +03:00 [DBG] Execution plan of action filters (in the following order): ["Microsoft.AspNetCore.Mvc.Filters.ControllerActionFilter (Order: -2147483648)","Microsoft.AspNetCore.Mvc.ModelBinding.UnsupportedContentTypeFilter (Order: -3000)"]
2026-05-03 10:03:14.452 +03:00 [DBG] Execution plan of exception filters (in the following order): ["None"]
2026-05-03 10:03:14.457 +03:00 [DBG] Execution plan of result filters (in the following order): ["Microsoft.AspNetCore.Mvc.ViewFeatures.Filters.SaveTempDataFilter"]
2026-05-03 10:03:14.469 +03:00 [DBG] Executing controller factory for controller DetectiveInterrogation.Controllers.HomeController (DetectiveInterrogation)
2026-05-03 10:03:14.472 +03:00 [DBG] Executed controller factory for controller DetectiveInterrogation.Controllers.HomeController (DetectiveInterrogation)
2026-05-03 10:03:14.493 +03:00 [DBG] View lookup cache miss for view 'Index' in controller 'Home'.
2026-05-03 10:03:14.504 +03:00 [DBG] Initializing Razor view compiler with compiled view: '/Views/Achievement/Index.cshtml'.
2026-05-03 10:03:14.508 +03:00 [DBG] Initializing Razor view compiler with compiled view: '/Views/Admin/Achievements.cshtml'.
2026-05-03 10:03:14.510 +03:00 [DBG] Initializing Razor view compiler with compiled view: '/Views/Admin/Evidence.cshtml'.
2026-05-03 10:03:14.513 +03:00 [DBG] Initializing Razor view compiler with compiled view: '/Views/Admin/Index.cshtml'.
2026-05-03 10:03:14.516 +03:00 [DBG] Initializing Razor view compiler with compiled view: '/Views/Admin/Replies.cshtml'.
2026-05-03 10:03:14.518 +03:00 [DBG] Initializing Razor view compiler with compiled view: '/Views/Admin/Suspects.cshtml'.
2026-05-03 10:03:14.520 +03:00 [DBG] Initializing Razor view compiler with compiled view: '/Views/Auth/AccessDenied.cshtml'.
2026-05-03 10:03:14.521 +03:00 [DBG] Initializing Razor view compiler with compiled view: '/Views/Auth/Login.cshtml'.
2026-05-03 10:03:14.524 +03:00 [DBG] Initializing Razor view compiler with compiled view: '/Views/Auth/Register.cshtml'.
2026-05-03 10:03:14.527 +03:00 [DBG] Initializing Razor view compiler with compiled view: '/Views/Case/Details.cshtml'.
2026-05-03 10:03:14.529 +03:00 [DBG] Initializing Razor view compiler with compiled view: '/Views/Case/Index.cshtml'.
2026-05-03 10:03:14.532 +03:00 [DBG] Initializing Razor view compiler with compiled view: '/Views/Home/Index.cshtml'.
2026-05-03 10:03:14.535 +03:00 [DBG] Initializing Razor view compiler with compiled view: '/Views/Interrogation/Result.cshtml'.
2026-05-03 10:03:14.538 +03:00 [DBG] Initializing Razor view compiler with compiled view: '/Views/Interrogation/Room.cshtml'.
2026-05-03 10:03:14.540 +03:00 [DBG] Initializing Razor view compiler with compiled view: '/Views/Interrogation/_DialoguePartial.cshtml'.
2026-05-03 10:03:14.542 +03:00 [DBG] Initializing Razor view compiler with compiled view: '/Views/Shared/Error.cshtml'.
2026-05-03 10:03:14.544 +03:00 [DBG] Initializing Razor view compiler with compiled view: '/Views/Shared/_Layout.cshtml'.
2026-05-03 10:03:14.547 +03:00 [DBG] Initializing Razor view compiler with compiled view: '/Views/Shared/_LoginPartial.cshtml'.
2026-05-03 10:03:14.550 +03:00 [DBG] Initializing Razor view compiler with compiled view: '/Views/Shared/_ValidationScriptsPartial.cshtml'.
2026-05-03 10:03:14.552 +03:00 [DBG] Initializing Razor view compiler with compiled view: '/Views/_ViewImports.cshtml'.
2026-05-03 10:03:14.554 +03:00 [DBG] Initializing Razor view compiler with compiled view: '/Views/_ViewStart.cshtml'.
2026-05-03 10:03:17.108 +03:00 [DBG] Compilation of the generated code for the Razor file at 'C:\Users\vikto\OneDrive\Desktop\sem\DetectiveInterrogation\Views\Home\Index.cshtml' started.
2026-05-03 10:03:19.333 +03:00 [DBG] Compilation of the generated code for the Razor file at 'C:\Users\vikto\OneDrive\Desktop\sem\DetectiveInterrogation\Views\Home\Index.cshtml' completed in 2217.0087ms.
2026-05-03 10:03:19.552 +03:00 [DBG] Compilation of the generated code for the Razor file at 'C:\Users\vikto\OneDrive\Desktop\sem\DetectiveInterrogation\Views\_ViewStart.cshtml' started.
2026-05-03 10:03:19.711 +03:00 [DBG] Compilation of the generated code for the Razor file at 'C:\Users\vikto\OneDrive\Desktop\sem\DetectiveInterrogation\Views\_ViewStart.cshtml' completed in 156.1093ms.
2026-05-03 10:03:19.721 +03:00 [INF] Executing ViewResult, running view Index.
2026-05-03 10:03:19.728 +03:00 [DBG] The view path '/Views/Home/Index.cshtml' was found in 5235.9506ms.
2026-05-03 10:03:19.787 +03:00 [INF] Executed ViewResult - view Index executed in 5295.9811ms.
2026-05-03 10:03:19.789 +03:00 [INF] Executed action DetectiveInterrogation.Controllers.HomeController.Index (DetectiveInterrogation) in 5326.2129ms
2026-05-03 10:03:19.791 +03:00 [INF] Executed endpoint 'DetectiveInterrogation.Controllers.HomeController.Index (DetectiveInterrogation)'
2026-05-03 10:03:19.793 +03:00 [INF] Request completed: GET / - Status: 200 - Duration: 5515.1158ms
2026-05-03 10:03:19.796 +03:00 [DBG] Connection id "0HNL8S85NPMQ1" completed keep alive response.
2026-05-03 10:03:19.802 +03:00 [INF] Request finished HTTP/1.1 GET http://localhost:5000/ - 200 null text/html; charset=utf-8 5547.5652ms
2026-05-03 10:03:19.820 +03:00 [INF] Request starting HTTP/1.1 GET http://localhost:5000/favicon.ico - null null
2026-05-03 10:03:19.824 +03:00 [DBG] The request is insecure. Skipping HSTS header.
2026-05-03 10:03:19.826 +03:00 [INF] Request started: GET /favicon.ico
2026-05-03 10:03:19.828 +03:00 [DBG] The request path /favicon.ico does not match an existing file
2026-05-03 10:03:19.834 +03:00 [DBG] No candidates found for the request path '/favicon.ico'
2026-05-03 10:03:19.837 +03:00 [DBG] Request did not match any endpoints
2026-05-03 10:03:19.840 +03:00 [DBG] AuthenticationScheme: Bearer was not authenticated.
2026-05-03 10:03:19.842 +03:00 [INF] Request completed: GET /favicon.ico - Status: 404 - Duration: 16.0152ms
2026-05-03 10:03:19.845 +03:00 [DBG] Connection id "0HNL8S85NPMQ1" completed keep alive response.
2026-05-03 10:03:19.848 +03:00 [INF] Request finished HTTP/1.1 GET http://localhost:5000/favicon.ico - 404 0 null 28.1076ms
2026-05-03 10:03:19.856 +03:00 [INF] Request reached the end of the middleware pipeline without being handled by application code. Request path: GET http://localhost:5000/favicon.ico, Response status code: 404
2026-05-03 10:05:25.812 +03:00 [DBG] Connection id "0HNL8S85NPMQ2" disconnecting.
2026-05-03 10:05:25.817 +03:00 [DBG] Connection id "0HNL8S85NPMQ2" stopped.
2026-05-03 10:05:25.823 +03:00 [DBG] Connection id "0HNL8S85NPMQ2" sending FIN because: "The Socket transport's send loop completed gracefully."
2026-05-03 10:05:30.864 +03:00 [DBG] Connection id "0HNL8S85NPMQ1" disconnecting.
2026-05-03 10:05:30.871 +03:00 [DBG] Connection id "0HNL8S85NPMQ1" stopped.
2026-05-03 10:05:30.876 +03:00 [DBG] Connection id "0HNL8S85NPMQ1" sending FIN because: "The Socket transport's send loop completed gracefully."
2026-05-03 10:12:39.010 +03:00 [DBG] An 'IServiceProvider' was created for internal use by Entity Framework.
2026-05-03 10:12:39.565 +03:00 [DBG] The index {'SessionId'} was not created on entity type 'SessionUsedEvidence' as the properties are already covered by the index {'SessionId', 'EvidenceId'}.
2026-05-03 10:12:39.566 +03:00 [DBG] The index {'UserId'} was not created on entity type 'UserAchievement' as the properties are already covered by the index {'UserId', 'AchievementId'}.
2026-05-03 10:12:39.813 +03:00 [DBG] Entity Framework Core 8.0.4 initialized 'AppDbContext' using provider 'Npgsql.EntityFrameworkCore.PostgreSQL:8.0.4+51faf6e9c9c7ef99c3e98d98a96adb8fa8ae4553' with options: None
2026-05-03 10:12:39.823 +03:00 [DBG] Creating DbConnection.
2026-05-03 10:12:39.850 +03:00 [DBG] Created DbConnection. (25ms).
2026-05-03 10:12:39.859 +03:00 [DBG] Opening connection to database 'DetectiveInterrogation' on server 'tcp://localhost:5432'.
2026-05-03 10:12:40.046 +03:00 [DBG] Opened connection to database 'DetectiveInterrogation' on server 'tcp://localhost:5432'.
2026-05-03 10:12:40.050 +03:00 [DBG] Closing connection to database 'DetectiveInterrogation' on server 'tcp://localhost:5432'.
2026-05-03 10:12:40.062 +03:00 [DBG] Closed connection to database 'DetectiveInterrogation' on server 'tcp://localhost:5432' (6ms).
2026-05-03 10:12:40.071 +03:00 [DBG] Creating DbCommand for 'ExecuteScalar'.
2026-05-03 10:12:40.078 +03:00 [DBG] Created DbCommand for 'ExecuteScalar' (5ms).
2026-05-03 10:12:40.080 +03:00 [DBG] Initialized DbCommand for 'ExecuteScalar' (10ms).
2026-05-03 10:12:40.080 +03:00 [DBG] Opening connection to database 'DetectiveInterrogation' on server 'tcp://localhost:5432'.
2026-05-03 10:12:40.176 +03:00 [DBG] Opened connection to database 'DetectiveInterrogation' on server 'tcp://localhost:5432'.
2026-05-03 10:12:40.185 +03:00 [DBG] Executing DbCommand [Parameters=[], CommandType='"Text"', CommandTimeout='30']
SELECT CASE WHEN COUNT(*) = 0 THEN FALSE ELSE TRUE END
FROM pg_class AS cls
JOIN pg_namespace AS ns ON ns.oid = cls.relnamespace
WHERE
        cls.relkind IN ('r', 'v', 'm', 'f', 'p') AND
        ns.nspname NOT IN ('pg_catalog', 'information_schema') AND
        -- Exclude tables which are members of PG extensions
        NOT EXISTS (
            SELECT 1 FROM pg_depend WHERE
                classid=(
                    SELECT cls.oid
                    FROM pg_class AS cls
                             JOIN pg_namespace AS ns ON ns.oid = cls.relnamespace
                    WHERE relname='pg_class' AND ns.nspname='pg_catalog'
                ) AND
                objid=cls.oid AND
                deptype IN ('e', 'x')
        )
2026-05-03 10:12:40.272 +03:00 [INF] Executed DbCommand (86ms) [Parameters=[], CommandType='"Text"', CommandTimeout='30']
SELECT CASE WHEN COUNT(*) = 0 THEN FALSE ELSE TRUE END
FROM pg_class AS cls
JOIN pg_namespace AS ns ON ns.oid = cls.relnamespace
WHERE
        cls.relkind IN ('r', 'v', 'm', 'f', 'p') AND
        ns.nspname NOT IN ('pg_catalog', 'information_schema') AND
        -- Exclude tables which are members of PG extensions
        NOT EXISTS (
            SELECT 1 FROM pg_depend WHERE
                classid=(
                    SELECT cls.oid
                    FROM pg_class AS cls
                             JOIN pg_namespace AS ns ON ns.oid = cls.relnamespace
                    WHERE relname='pg_class' AND ns.nspname='pg_catalog'
                ) AND
                objid=cls.oid AND
                deptype IN ('e', 'x')
        )
2026-05-03 10:12:40.273 +03:00 [DBG] Closing connection to database 'DetectiveInterrogation' on server 'tcp://localhost:5432'.
2026-05-03 10:12:40.275 +03:00 [DBG] Closed connection to database 'DetectiveInterrogation' on server 'tcp://localhost:5432' (1ms).
2026-05-03 10:12:40.307 +03:00 [DBG] Compiling query expression: 
'DbSet<User>()
    .Any(u => u.Username == "admin")'
2026-05-03 10:12:40.514 +03:00 [DBG] Generated query execution expression: 
'queryContext => new SingleQueryingEnumerable<bool>(
    (RelationalQueryContext)queryContext, 
    RelationalCommandCache.QueryExpression(
        Projection Mapping:
            EmptyProjectionMember -> 0
        SELECT EXISTS (
            SELECT 1
            FROM Users AS u
            WHERE u.Username == 'admin')), 
    null, 
    Func<QueryContext, DbDataReader, ResultContext, SingleQueryResultCoordinator, bool>, 
    DetectiveInterrogation.Data.AppDbContext, 
    False, 
    False, 
    True
)
    .Single()'
2026-05-03 10:12:40.541 +03:00 [DBG] Opening connection to database 'DetectiveInterrogation' on server 'tcp://localhost:5432'.
2026-05-03 10:12:40.541 +03:00 [DBG] Opened connection to database 'DetectiveInterrogation' on server 'tcp://localhost:5432'.
2026-05-03 10:12:40.541 +03:00 [DBG] Creating DbCommand for 'ExecuteReader'.
2026-05-03 10:12:40.541 +03:00 [DBG] Created DbCommand for 'ExecuteReader' (0ms).
2026-05-03 10:12:40.541 +03:00 [DBG] Initialized DbCommand for 'ExecuteReader' (0ms).
2026-05-03 10:12:40.542 +03:00 [DBG] Executing DbCommand [Parameters=[], CommandType='"Text"', CommandTimeout='30']
SELECT EXISTS (
    SELECT 1
    FROM "Users" AS u
    WHERE u."Username" = 'admin')
2026-05-03 10:12:40.547 +03:00 [INF] Executed DbCommand (5ms) [Parameters=[], CommandType='"Text"', CommandTimeout='30']
SELECT EXISTS (
    SELECT 1
    FROM "Users" AS u
    WHERE u."Username" = 'admin')
2026-05-03 10:12:40.554 +03:00 [DBG] Closing data reader to 'DetectiveInterrogation' on server 'tcp://localhost:5432'.
2026-05-03 10:12:40.555 +03:00 [DBG] A data reader for 'DetectiveInterrogation' on server 'tcp://localhost:5432' is being disposed after spending 7ms reading results.
2026-05-03 10:12:40.556 +03:00 [DBG] Closing connection to database 'DetectiveInterrogation' on server 'tcp://localhost:5432'.
2026-05-03 10:12:40.556 +03:00 [DBG] Closed connection to database 'DetectiveInterrogation' on server 'tcp://localhost:5432' (0ms).
2026-05-03 10:12:40.556 +03:00 [DBG] Compiling query expression: 
'DbSet<User>()
    .Any(u => u.Username == "player")'
2026-05-03 10:12:40.559 +03:00 [DBG] Generated query execution expression: 
'queryContext => new SingleQueryingEnumerable<bool>(
    (RelationalQueryContext)queryContext, 
    RelationalCommandCache.QueryExpression(
        Projection Mapping:
            EmptyProjectionMember -> 0
        SELECT EXISTS (
            SELECT 1
            FROM Users AS u
            WHERE u.Username == 'player')), 
    null, 
    Func<QueryContext, DbDataReader, ResultContext, SingleQueryResultCoordinator, bool>, 
    DetectiveInterrogation.Data.AppDbContext, 
    False, 
    False, 
    True
)
    .Single()'
2026-05-03 10:12:40.559 +03:00 [DBG] Opening connection to database 'DetectiveInterrogation' on server 'tcp://localhost:5432'.
2026-05-03 10:12:40.560 +03:00 [DBG] Opened connection to database 'DetectiveInterrogation' on server 'tcp://localhost:5432'.
2026-05-03 10:12:40.560 +03:00 [DBG] Creating DbCommand for 'ExecuteReader'.
2026-05-03 10:12:40.560 +03:00 [DBG] Created DbCommand for 'ExecuteReader' (0ms).
2026-05-03 10:12:40.560 +03:00 [DBG] Initialized DbCommand for 'ExecuteReader' (0ms).
2026-05-03 10:12:40.560 +03:00 [DBG] Executing DbCommand [Parameters=[], CommandType='"Text"', CommandTimeout='30']
SELECT EXISTS (
    SELECT 1
    FROM "Users" AS u
    WHERE u."Username" = 'player')
2026-05-03 10:12:40.561 +03:00 [INF] Executed DbCommand (1ms) [Parameters=[], CommandType='"Text"', CommandTimeout='30']
SELECT EXISTS (
    SELECT 1
    FROM "Users" AS u
    WHERE u."Username" = 'player')
2026-05-03 10:12:40.561 +03:00 [DBG] Closing data reader to 'DetectiveInterrogation' on server 'tcp://localhost:5432'.
2026-05-03 10:12:40.561 +03:00 [DBG] A data reader for 'DetectiveInterrogation' on server 'tcp://localhost:5432' is being disposed after spending 0ms reading results.
2026-05-03 10:12:40.561 +03:00 [DBG] Closing connection to database 'DetectiveInterrogation' on server 'tcp://localhost:5432'.
2026-05-03 10:12:40.561 +03:00 [DBG] Closed connection to database 'DetectiveInterrogation' on server 'tcp://localhost:5432' (0ms).
2026-05-03 10:12:40.562 +03:00 [DBG] Compiling query expression: 
'DbSet<Achievement>()
    .Any()'
2026-05-03 10:12:40.564 +03:00 [DBG] Generated query execution expression: 
'queryContext => new SingleQueryingEnumerable<bool>(
    (RelationalQueryContext)queryContext, 
    RelationalCommandCache.QueryExpression(
        Projection Mapping:
            EmptyProjectionMember -> 0
        SELECT EXISTS (
            SELECT 1
            FROM Achievements AS a)), 
    null, 
    Func<QueryContext, DbDataReader, ResultContext, SingleQueryResultCoordinator, bool>, 
    DetectiveInterrogation.Data.AppDbContext, 
    False, 
    False, 
    True
)
    .Single()'
2026-05-03 10:12:40.565 +03:00 [DBG] Opening connection to database 'DetectiveInterrogation' on server 'tcp://localhost:5432'.
2026-05-03 10:12:40.565 +03:00 [DBG] Opened connection to database 'DetectiveInterrogation' on server 'tcp://localhost:5432'.
2026-05-03 10:12:40.565 +03:00 [DBG] Creating DbCommand for 'ExecuteReader'.
2026-05-03 10:12:40.565 +03:00 [DBG] Created DbCommand for 'ExecuteReader' (0ms).
2026-05-03 10:12:40.565 +03:00 [DBG] Initialized DbCommand for 'ExecuteReader' (0ms).
2026-05-03 10:12:40.565 +03:00 [DBG] Executing DbCommand [Parameters=[], CommandType='"Text"', CommandTimeout='30']
SELECT EXISTS (
    SELECT 1
    FROM "Achievements" AS a)
2026-05-03 10:12:40.567 +03:00 [INF] Executed DbCommand (2ms) [Parameters=[], CommandType='"Text"', CommandTimeout='30']
SELECT EXISTS (
    SELECT 1
    FROM "Achievements" AS a)
2026-05-03 10:12:40.568 +03:00 [DBG] Closing data reader to 'DetectiveInterrogation' on server 'tcp://localhost:5432'.
2026-05-03 10:12:40.568 +03:00 [DBG] A data reader for 'DetectiveInterrogation' on server 'tcp://localhost:5432' is being disposed after spending 0ms reading results.
2026-05-03 10:12:40.568 +03:00 [DBG] Closing connection to database 'DetectiveInterrogation' on server 'tcp://localhost:5432'.
2026-05-03 10:12:40.568 +03:00 [DBG] Closed connection to database 'DetectiveInterrogation' on server 'tcp://localhost:5432' (0ms).
2026-05-03 10:12:40.569 +03:00 [DBG] Compiling query expression: 
'DbSet<Case>()
    .Any()'
2026-05-03 10:12:40.572 +03:00 [DBG] Generated query execution expression: 
'queryContext => new SingleQueryingEnumerable<bool>(
    (RelationalQueryContext)queryContext, 
    RelationalCommandCache.QueryExpression(
        Projection Mapping:
            EmptyProjectionMember -> 0
        SELECT EXISTS (
            SELECT 1
            FROM Cases AS c)), 
    null, 
    Func<QueryContext, DbDataReader, ResultContext, SingleQueryResultCoordinator, bool>, 
    DetectiveInterrogation.Data.AppDbContext, 
    False, 
    False, 
    True
)
    .Single()'
2026-05-03 10:12:40.572 +03:00 [DBG] Opening connection to database 'DetectiveInterrogation' on server 'tcp://localhost:5432'.
2026-05-03 10:12:40.572 +03:00 [DBG] Opened connection to database 'DetectiveInterrogation' on server 'tcp://localhost:5432'.
2026-05-03 10:12:40.572 +03:00 [DBG] Creating DbCommand for 'ExecuteReader'.
2026-05-03 10:12:40.572 +03:00 [DBG] Created DbCommand for 'ExecuteReader' (0ms).
2026-05-03 10:12:40.572 +03:00 [DBG] Initialized DbCommand for 'ExecuteReader' (0ms).
2026-05-03 10:12:40.572 +03:00 [DBG] Executing DbCommand [Parameters=[], CommandType='"Text"', CommandTimeout='30']
SELECT EXISTS (
    SELECT 1
    FROM "Cases" AS c)
2026-05-03 10:12:40.574 +03:00 [INF] Executed DbCommand (2ms) [Parameters=[], CommandType='"Text"', CommandTimeout='30']
SELECT EXISTS (
    SELECT 1
    FROM "Cases" AS c)
2026-05-03 10:12:40.574 +03:00 [DBG] Closing data reader to 'DetectiveInterrogation' on server 'tcp://localhost:5432'.
2026-05-03 10:12:40.574 +03:00 [DBG] A data reader for 'DetectiveInterrogation' on server 'tcp://localhost:5432' is being disposed after spending 0ms reading results.
2026-05-03 10:12:40.574 +03:00 [DBG] Closing connection to database 'DetectiveInterrogation' on server 'tcp://localhost:5432'.
2026-05-03 10:12:40.574 +03:00 [DBG] Closed connection to database 'DetectiveInterrogation' on server 'tcp://localhost:5432' (0ms).
2026-05-03 10:12:40.605 +03:00 [DBG] 'AppDbContext' generated a temporary value for the property 'Case.Id'. Consider using 'DbContextOptionsBuilder.EnableSensitiveDataLogging' to see key values.
2026-05-03 10:12:40.663 +03:00 [DBG] Context 'AppDbContext' started tracking 'Case' entity. Consider using 'DbContextOptionsBuilder.EnableSensitiveDataLogging' to see key values.
2026-05-03 10:12:40.666 +03:00 [DBG] SaveChanges starting for 'AppDbContext'.
2026-05-03 10:12:40.668 +03:00 [DBG] DetectChanges starting for 'AppDbContext'.
2026-05-03 10:12:40.678 +03:00 [DBG] DetectChanges completed for 'AppDbContext'.
2026-05-03 10:12:40.746 +03:00 [DBG] Opening connection to database 'DetectiveInterrogation' on server 'tcp://localhost:5432'.
2026-05-03 10:12:40.746 +03:00 [DBG] Opened connection to database 'DetectiveInterrogation' on server 'tcp://localhost:5432'.
2026-05-03 10:12:40.747 +03:00 [DBG] Creating DbCommand for 'ExecuteReader'.
2026-05-03 10:12:40.747 +03:00 [DBG] Created DbCommand for 'ExecuteReader' (0ms).
2026-05-03 10:12:40.750 +03:00 [DBG] Initialized DbCommand for 'ExecuteReader' (2ms).
2026-05-03 10:12:40.752 +03:00 [DBG] Executing DbCommand [Parameters=[@p0='?', @p1='?', @p2='?', @p3='?'], CommandType='"Text"', CommandTimeout='30']
INSERT INTO "Cases" ("FullDescription", "NewspaperText", "ShortDescription", "Title")
VALUES (@p0, @p1, @p2, @p3)
RETURNING "Id";
2026-05-03 10:12:40.771 +03:00 [INF] Executed DbCommand (20ms) [Parameters=[@p0='?', @p1='?', @p2='?', @p3='?'], CommandType='"Text"', CommandTimeout='30']
INSERT INTO "Cases" ("FullDescription", "NewspaperText", "ShortDescription", "Title")
VALUES (@p0, @p1, @p2, @p3)
RETURNING "Id";
2026-05-03 10:12:40.784 +03:00 [DBG] The foreign key property 'Case.Id' was detected as changed. Consider using 'DbContextOptionsBuilder.EnableSensitiveDataLogging' to see property values.
2026-05-03 10:12:40.789 +03:00 [DBG] Closing data reader to 'DetectiveInterrogation' on server 'tcp://localhost:5432'.
2026-05-03 10:12:40.789 +03:00 [DBG] A data reader for 'DetectiveInterrogation' on server 'tcp://localhost:5432' is being disposed after spending 17ms reading results.
2026-05-03 10:12:40.789 +03:00 [DBG] Closing connection to database 'DetectiveInterrogation' on server 'tcp://localhost:5432'.
2026-05-03 10:12:40.790 +03:00 [DBG] Closed connection to database 'DetectiveInterrogation' on server 'tcp://localhost:5432' (0ms).
2026-05-03 10:12:40.801 +03:00 [DBG] An entity of type 'Case' tracked by 'AppDbContext' changed state from '"Added"' to '"Unchanged"'. Consider using 'DbContextOptionsBuilder.EnableSensitiveDataLogging' to see key values.
2026-05-03 10:12:40.802 +03:00 [DBG] SaveChanges completed for 'AppDbContext' with 1 entities written to the database.
2026-05-03 10:12:40.805 +03:00 [DBG] 'AppDbContext' generated a temporary value for the property 'Suspect.Id'. Consider using 'DbContextOptionsBuilder.EnableSensitiveDataLogging' to see key values.
2026-05-03 10:12:40.827 +03:00 [DBG] The navigation 'Suspect.Case' was detected as changed. Consider using 'DbContextOptionsBuilder.EnableSensitiveDataLogging' to see key values.
2026-05-03 10:12:40.838 +03:00 [DBG] Context 'AppDbContext' started tracking 'Suspect' entity. Consider using 'DbContextOptionsBuilder.EnableSensitiveDataLogging' to see key values.
2026-05-03 10:12:40.839 +03:00 [DBG] 'AppDbContext' generated a temporary value for the property 'Suspect.Id'. Consider using 'DbContextOptionsBuilder.EnableSensitiveDataLogging' to see key values.
2026-05-03 10:12:40.840 +03:00 [DBG] The navigation 'Suspect.Case' was detected as changed. Consider using 'DbContextOptionsBuilder.EnableSensitiveDataLogging' to see key values.
2026-05-03 10:12:40.840 +03:00 [DBG] Context 'AppDbContext' started tracking 'Suspect' entity. Consider using 'DbContextOptionsBuilder.EnableSensitiveDataLogging' to see key values.
2026-05-03 10:12:40.840 +03:00 [DBG] SaveChanges starting for 'AppDbContext'.
2026-05-03 10:12:40.840 +03:00 [DBG] DetectChanges starting for 'AppDbContext'.
2026-05-03 10:12:40.850 +03:00 [DBG] DetectChanges completed for 'AppDbContext'.
2026-05-03 10:12:40.859 +03:00 [DBG] Executing 2 update commands as a batch.
2026-05-03 10:12:40.860 +03:00 [DBG] Opening connection to database 'DetectiveInterrogation' on server 'tcp://localhost:5432'.
2026-05-03 10:12:40.860 +03:00 [DBG] Opened connection to database 'DetectiveInterrogation' on server 'tcp://localhost:5432'.
2026-05-03 10:12:40.862 +03:00 [DBG] Beginning transaction with isolation level 'Unspecified'.
2026-05-03 10:12:40.868 +03:00 [DBG] Began transaction with isolation level 'ReadCommitted'.
2026-05-03 10:12:40.869 +03:00 [DBG] Creating DbCommand for 'ExecuteReader'.
2026-05-03 10:12:40.869 +03:00 [DBG] Created DbCommand for 'ExecuteReader' (0ms).
2026-05-03 10:12:40.871 +03:00 [DBG] Initialized DbCommand for 'ExecuteReader' (2ms).
2026-05-03 10:12:40.872 +03:00 [DBG] Executing DbCommand [Parameters=[@p0='?' (DbType = Int32), @p1='?', @p2='?' (DbType = Int32), @p3='?' (DbType = Int32), @p4='?' (DbType = Boolean), @p5='?', @p6='?' (DbType = Int32), @p7='?', @p8='?' (DbType = Int32), @p9='?' (DbType = Int32), @p10='?' (DbType = Boolean), @p11='?'], CommandType='"Text"', CommandTimeout='30']
INSERT INTO "Suspects" ("CaseId", "Description", "InitialAggression", "InitialTrust", "IsGuilty", "Name")
VALUES (@p0, @p1, @p2, @p3, @p4, @p5)
RETURNING "Id";
INSERT INTO "Suspects" ("CaseId", "Description", "InitialAggression", "InitialTrust", "IsGuilty", "Name")
VALUES (@p6, @p7, @p8, @p9, @p10, @p11)
RETURNING "Id";
2026-05-03 10:12:40.886 +03:00 [INF] Executed DbCommand (15ms) [Parameters=[@p0='?' (DbType = Int32), @p1='?', @p2='?' (DbType = Int32), @p3='?' (DbType = Int32), @p4='?' (DbType = Boolean), @p5='?', @p6='?' (DbType = Int32), @p7='?', @p8='?' (DbType = Int32), @p9='?' (DbType = Int32), @p10='?' (DbType = Boolean), @p11='?'], CommandType='"Text"', CommandTimeout='30']
INSERT INTO "Suspects" ("CaseId", "Description", "InitialAggression", "InitialTrust", "IsGuilty", "Name")
VALUES (@p0, @p1, @p2, @p3, @p4, @p5)
RETURNING "Id";
INSERT INTO "Suspects" ("CaseId", "Description", "InitialAggression", "InitialTrust", "IsGuilty", "Name")
VALUES (@p6, @p7, @p8, @p9, @p10, @p11)
RETURNING "Id";
2026-05-03 10:12:40.888 +03:00 [DBG] The foreign key property 'Suspect.Id' was detected as changed. Consider using 'DbContextOptionsBuilder.EnableSensitiveDataLogging' to see property values.
2026-05-03 10:12:40.890 +03:00 [DBG] The foreign key property 'Suspect.Id' was detected as changed. Consider using 'DbContextOptionsBuilder.EnableSensitiveDataLogging' to see property values.
2026-05-03 10:12:40.890 +03:00 [DBG] Closing data reader to 'DetectiveInterrogation' on server 'tcp://localhost:5432'.
2026-05-03 10:12:40.890 +03:00 [DBG] A data reader for 'DetectiveInterrogation' on server 'tcp://localhost:5432' is being disposed after spending 3ms reading results.
2026-05-03 10:12:40.892 +03:00 [DBG] Committing transaction.
2026-05-03 10:12:40.897 +03:00 [DBG] Committed transaction.
2026-05-03 10:12:40.898 +03:00 [DBG] Closing connection to database 'DetectiveInterrogation' on server 'tcp://localhost:5432'.
2026-05-03 10:12:40.898 +03:00 [DBG] Closed connection to database 'DetectiveInterrogation' on server 'tcp://localhost:5432' (0ms).
2026-05-03 10:12:40.900 +03:00 [DBG] Disposing transaction.
2026-05-03 10:12:40.901 +03:00 [DBG] An entity of type 'Suspect' tracked by 'AppDbContext' changed state from '"Added"' to '"Unchanged"'. Consider using 'DbContextOptionsBuilder.EnableSensitiveDataLogging' to see key values.
2026-05-03 10:12:40.901 +03:00 [DBG] An entity of type 'Suspect' tracked by 'AppDbContext' changed state from '"Added"' to '"Unchanged"'. Consider using 'DbContextOptionsBuilder.EnableSensitiveDataLogging' to see key values.
2026-05-03 10:12:40.902 +03:00 [DBG] SaveChanges completed for 'AppDbContext' with 2 entities written to the database.
2026-05-03 10:12:40.904 +03:00 [DBG] 'AppDbContext' generated a temporary value for the property 'Evidence.Id'. Consider using 'DbContextOptionsBuilder.EnableSensitiveDataLogging' to see key values.
2026-05-03 10:12:40.925 +03:00 [DBG] The navigation 'Evidence.Case' was detected as changed. Consider using 'DbContextOptionsBuilder.EnableSensitiveDataLogging' to see key values.
2026-05-03 10:12:40.927 +03:00 [DBG] Context 'AppDbContext' started tracking 'Evidence' entity. Consider using 'DbContextOptionsBuilder.EnableSensitiveDataLogging' to see key values.
2026-05-03 10:12:40.928 +03:00 [DBG] 'AppDbContext' generated a temporary value for the property 'Evidence.Id'. Consider using 'DbContextOptionsBuilder.EnableSensitiveDataLogging' to see key values.
2026-05-03 10:12:40.928 +03:00 [DBG] The navigation 'Evidence.Case' was detected as changed. Consider using 'DbContextOptionsBuilder.EnableSensitiveDataLogging' to see key values.
2026-05-03 10:12:40.928 +03:00 [DBG] Context 'AppDbContext' started tracking 'Evidence' entity. Consider using 'DbContextOptionsBuilder.EnableSensitiveDataLogging' to see key values.
2026-05-03 10:12:40.928 +03:00 [DBG] 'AppDbContext' generated a temporary value for the property 'Evidence.Id'. Consider using 'DbContextOptionsBuilder.EnableSensitiveDataLogging' to see key values.
2026-05-03 10:12:40.929 +03:00 [DBG] The navigation 'Evidence.Case' was detected as changed. Consider using 'DbContextOptionsBuilder.EnableSensitiveDataLogging' to see key values.
2026-05-03 10:12:40.929 +03:00 [DBG] Context 'AppDbContext' started tracking 'Evidence' entity. Consider using 'DbContextOptionsBuilder.EnableSensitiveDataLogging' to see key values.
2026-05-03 10:12:40.929 +03:00 [DBG] SaveChanges starting for 'AppDbContext'.
2026-05-03 10:12:40.929 +03:00 [DBG] DetectChanges starting for 'AppDbContext'.
2026-05-03 10:12:40.932 +03:00 [DBG] DetectChanges completed for 'AppDbContext'.
2026-05-03 10:12:40.933 +03:00 [DBG] Executing 3 update commands as a batch.
2026-05-03 10:12:40.933 +03:00 [DBG] Opening connection to database 'DetectiveInterrogation' on server 'tcp://localhost:5432'.
2026-05-03 10:12:40.933 +03:00 [DBG] Opened connection to database 'DetectiveInterrogation' on server 'tcp://localhost:5432'.
2026-05-03 10:12:40.933 +03:00 [DBG] Beginning transaction with isolation level 'Unspecified'.
2026-05-03 10:12:40.933 +03:00 [DBG] Began transaction with isolation level 'ReadCommitted'.
2026-05-03 10:12:40.934 +03:00 [DBG] Creating DbCommand for 'ExecuteReader'.
2026-05-03 10:12:40.934 +03:00 [DBG] Created DbCommand for 'ExecuteReader' (0ms).
2026-05-03 10:12:40.934 +03:00 [DBG] Initialized DbCommand for 'ExecuteReader' (0ms).
2026-05-03 10:12:40.934 +03:00 [DBG] Executing DbCommand [Parameters=[@p0='?' (DbType = Int32), @p1='?', @p2='?', @p3='?', @p4='?' (DbType = Int32), @p5='?', @p6='?', @p7='?', @p8='?' (DbType = Int32), @p9='?', @p10='?', @p11='?'], CommandType='"Text"', CommandTimeout='30']
INSERT INTO "Evidence" ("CaseId", "FullText", "ShortText", "Title")
VALUES (@p0, @p1, @p2, @p3)
RETURNING "Id";
INSERT INTO "Evidence" ("CaseId", "FullText", "ShortText", "Title")
VALUES (@p4, @p5, @p6, @p7)
RETURNING "Id";
INSERT INTO "Evidence" ("CaseId", "FullText", "ShortText", "Title")
VALUES (@p8, @p9, @p10, @p11)
RETURNING "Id";
2026-05-03 10:12:40.940 +03:00 [INF] Executed DbCommand (6ms) [Parameters=[@p0='?' (DbType = Int32), @p1='?', @p2='?', @p3='?', @p4='?' (DbType = Int32), @p5='?', @p6='?', @p7='?', @p8='?' (DbType = Int32), @p9='?', @p10='?', @p11='?'], CommandType='"Text"', CommandTimeout='30']
INSERT INTO "Evidence" ("CaseId", "FullText", "ShortText", "Title")
VALUES (@p0, @p1, @p2, @p3)
RETURNING "Id";
INSERT INTO "Evidence" ("CaseId", "FullText", "ShortText", "Title")
VALUES (@p4, @p5, @p6, @p7)
RETURNING "Id";
INSERT INTO "Evidence" ("CaseId", "FullText", "ShortText", "Title")
VALUES (@p8, @p9, @p10, @p11)
RETURNING "Id";
2026-05-03 10:12:40.941 +03:00 [DBG] The foreign key property 'Evidence.Id' was detected as changed. Consider using 'DbContextOptionsBuilder.EnableSensitiveDataLogging' to see property values.
2026-05-03 10:12:40.942 +03:00 [DBG] The foreign key property 'Evidence.Id' was detected as changed. Consider using 'DbContextOptionsBuilder.EnableSensitiveDataLogging' to see property values.
2026-05-03 10:12:40.942 +03:00 [DBG] The foreign key property 'Evidence.Id' was detected as changed. Consider using 'DbContextOptionsBuilder.EnableSensitiveDataLogging' to see property values.
2026-05-03 10:12:40.942 +03:00 [DBG] Closing data reader to 'DetectiveInterrogation' on server 'tcp://localhost:5432'.
2026-05-03 10:12:40.942 +03:00 [DBG] A data reader for 'DetectiveInterrogation' on server 'tcp://localhost:5432' is being disposed after spending 1ms reading results.
2026-05-03 10:12:40.942 +03:00 [DBG] Committing transaction.
2026-05-03 10:12:40.950 +03:00 [DBG] Committed transaction.
2026-05-03 10:12:40.950 +03:00 [DBG] Closing connection to database 'DetectiveInterrogation' on server 'tcp://localhost:5432'.
2026-05-03 10:12:40.950 +03:00 [DBG] Closed connection to database 'DetectiveInterrogation' on server 'tcp://localhost:5432' (0ms).
2026-05-03 10:12:40.950 +03:00 [DBG] Disposing transaction.
2026-05-03 10:12:40.951 +03:00 [DBG] An entity of type 'Evidence' tracked by 'AppDbContext' changed state from '"Added"' to '"Unchanged"'. Consider using 'DbContextOptionsBuilder.EnableSensitiveDataLogging' to see key values.
2026-05-03 10:12:40.951 +03:00 [DBG] An entity of type 'Evidence' tracked by 'AppDbContext' changed state from '"Added"' to '"Unchanged"'. Consider using 'DbContextOptionsBuilder.EnableSensitiveDataLogging' to see key values.
2026-05-03 10:12:40.951 +03:00 [DBG] An entity of type 'Evidence' tracked by 'AppDbContext' changed state from '"Added"' to '"Unchanged"'. Consider using 'DbContextOptionsBuilder.EnableSensitiveDataLogging' to see key values.
2026-05-03 10:12:40.951 +03:00 [DBG] SaveChanges completed for 'AppDbContext' with 3 entities written to the database.
2026-05-03 10:12:40.954 +03:00 [DBG] 'AppDbContext' generated a temporary value for the property 'EvidencePhrase.Id'. Consider using 'DbContextOptionsBuilder.EnableSensitiveDataLogging' to see key values.
2026-05-03 10:12:40.965 +03:00 [DBG] The navigation 'EvidencePhrase.Evidence' was detected as changed. Consider using 'DbContextOptionsBuilder.EnableSensitiveDataLogging' to see key values.
2026-05-03 10:12:40.967 +03:00 [DBG] Context 'AppDbContext' started tracking 'EvidencePhrase' entity. Consider using 'DbContextOptionsBuilder.EnableSensitiveDataLogging' to see key values.
2026-05-03 10:12:40.967 +03:00 [DBG] 'AppDbContext' generated a temporary value for the property 'EvidencePhrase.Id'. Consider using 'DbContextOptionsBuilder.EnableSensitiveDataLogging' to see key values.
2026-05-03 10:12:40.967 +03:00 [DBG] The navigation 'EvidencePhrase.Evidence' was detected as changed. Consider using 'DbContextOptionsBuilder.EnableSensitiveDataLogging' to see key values.
2026-05-03 10:12:40.967 +03:00 [DBG] Context 'AppDbContext' started tracking 'EvidencePhrase' entity. Consider using 'DbContextOptionsBuilder.EnableSensitiveDataLogging' to see key values.
2026-05-03 10:12:40.967 +03:00 [DBG] 'AppDbContext' generated a temporary value for the property 'EvidencePhrase.Id'. Consider using 'DbContextOptionsBuilder.EnableSensitiveDataLogging' to see key values.
2026-05-03 10:12:40.967 +03:00 [DBG] The navigation 'EvidencePhrase.Evidence' was detected as changed. Consider using 'DbContextOptionsBuilder.EnableSensitiveDataLogging' to see key values.
2026-05-03 10:12:40.968 +03:00 [DBG] Context 'AppDbContext' started tracking 'EvidencePhrase' entity. Consider using 'DbContextOptionsBuilder.EnableSensitiveDataLogging' to see key values.
2026-05-03 10:12:40.968 +03:00 [DBG] SaveChanges starting for 'AppDbContext'.
2026-05-03 10:12:40.968 +03:00 [DBG] DetectChanges starting for 'AppDbContext'.
2026-05-03 10:12:40.969 +03:00 [DBG] DetectChanges completed for 'AppDbContext'.
2026-05-03 10:12:40.970 +03:00 [DBG] Executing 3 update commands as a batch.
2026-05-03 10:12:40.970 +03:00 [DBG] Opening connection to database 'DetectiveInterrogation' on server 'tcp://localhost:5432'.
2026-05-03 10:12:40.970 +03:00 [DBG] Opened connection to database 'DetectiveInterrogation' on server 'tcp://localhost:5432'.
2026-05-03 10:12:40.970 +03:00 [DBG] Beginning transaction with isolation level 'Unspecified'.
2026-05-03 10:12:40.970 +03:00 [DBG] Began transaction with isolation level 'ReadCommitted'.
2026-05-03 10:12:40.970 +03:00 [DBG] Creating DbCommand for 'ExecuteReader'.
2026-05-03 10:12:40.970 +03:00 [DBG] Created DbCommand for 'ExecuteReader' (0ms).
2026-05-03 10:12:40.970 +03:00 [DBG] Initialized DbCommand for 'ExecuteReader' (0ms).
2026-05-03 10:12:40.971 +03:00 [DBG] Executing DbCommand [Parameters=[@p0='?' (DbType = Int32), @p1='?', @p2='?' (DbType = Int32), @p3='?', @p4='?' (DbType = Int32), @p5='?'], CommandType='"Text"', CommandTimeout='30']
INSERT INTO "EvidencePhrases" ("EvidenceId", "Text")
VALUES (@p0, @p1)
RETURNING "Id";
INSERT INTO "EvidencePhrases" ("EvidenceId", "Text")
VALUES (@p2, @p3)
RETURNING "Id";
INSERT INTO "EvidencePhrases" ("EvidenceId", "Text")
VALUES (@p4, @p5)
RETURNING "Id";
2026-05-03 10:12:40.976 +03:00 [INF] Executed DbCommand (6ms) [Parameters=[@p0='?' (DbType = Int32), @p1='?', @p2='?' (DbType = Int32), @p3='?', @p4='?' (DbType = Int32), @p5='?'], CommandType='"Text"', CommandTimeout='30']
INSERT INTO "EvidencePhrases" ("EvidenceId", "Text")
VALUES (@p0, @p1)
RETURNING "Id";
INSERT INTO "EvidencePhrases" ("EvidenceId", "Text")
VALUES (@p2, @p3)
RETURNING "Id";
INSERT INTO "EvidencePhrases" ("EvidenceId", "Text")
VALUES (@p4, @p5)
RETURNING "Id";
2026-05-03 10:12:40.978 +03:00 [DBG] The foreign key property 'EvidencePhrase.Id' was detected as changed. Consider using 'DbContextOptionsBuilder.EnableSensitiveDataLogging' to see property values.
2026-05-03 10:12:40.979 +03:00 [DBG] The foreign key property 'EvidencePhrase.Id' was detected as changed. Consider using 'DbContextOptionsBuilder.EnableSensitiveDataLogging' to see property values.
2026-05-03 10:12:40.979 +03:00 [DBG] The foreign key property 'EvidencePhrase.Id' was detected as changed. Consider using 'DbContextOptionsBuilder.EnableSensitiveDataLogging' to see property values.
2026-05-03 10:12:40.979 +03:00 [DBG] Closing data reader to 'DetectiveInterrogation' on server 'tcp://localhost:5432'.
2026-05-03 10:12:40.979 +03:00 [DBG] A data reader for 'DetectiveInterrogation' on server 'tcp://localhost:5432' is being disposed after spending 2ms reading results.
2026-05-03 10:12:40.979 +03:00 [DBG] Committing transaction.
2026-05-03 10:12:40.980 +03:00 [DBG] Committed transaction.
2026-05-03 10:12:40.981 +03:00 [DBG] Closing connection to database 'DetectiveInterrogation' on server 'tcp://localhost:5432'.
2026-05-03 10:12:40.981 +03:00 [DBG] Closed connection to database 'DetectiveInterrogation' on server 'tcp://localhost:5432' (0ms).
2026-05-03 10:12:40.981 +03:00 [DBG] Disposing transaction.
2026-05-03 10:12:40.981 +03:00 [DBG] An entity of type 'EvidencePhrase' tracked by 'AppDbContext' changed state from '"Added"' to '"Unchanged"'. Consider using 'DbContextOptionsBuilder.EnableSensitiveDataLogging' to see key values.
2026-05-03 10:12:40.981 +03:00 [DBG] An entity of type 'EvidencePhrase' tracked by 'AppDbContext' changed state from '"Added"' to '"Unchanged"'. Consider using 'DbContextOptionsBuilder.EnableSensitiveDataLogging' to see key values.
2026-05-03 10:12:40.981 +03:00 [DBG] An entity of type 'EvidencePhrase' tracked by 'AppDbContext' changed state from '"Added"' to '"Unchanged"'. Consider using 'DbContextOptionsBuilder.EnableSensitiveDataLogging' to see key values.
2026-05-03 10:12:40.981 +03:00 [DBG] SaveChanges completed for 'AppDbContext' with 3 entities written to the database.
2026-05-03 10:12:40.983 +03:00 [DBG] 'AppDbContext' generated a temporary value for the property 'SuspectReply.Id'. Consider using 'DbContextOptionsBuilder.EnableSensitiveDataLogging' to see key values.
2026-05-03 10:12:40.994 +03:00 [DBG] The navigation 'SuspectReply.Phrase' was detected as changed. Consider using 'DbContextOptionsBuilder.EnableSensitiveDataLogging' to see key values.
2026-05-03 10:12:40.996 +03:00 [DBG] The navigation 'SuspectReply.Suspect' was detected as changed. Consider using 'DbContextOptionsBuilder.EnableSensitiveDataLogging' to see key values.
2026-05-03 10:12:40.997 +03:00 [DBG] Context 'AppDbContext' started tracking 'SuspectReply' entity. Consider using 'DbContextOptionsBuilder.EnableSensitiveDataLogging' to see key values.
2026-05-03 10:12:40.997 +03:00 [DBG] 'AppDbContext' generated a temporary value for the property 'SuspectReply.Id'. Consider using 'DbContextOptionsBuilder.EnableSensitiveDataLogging' to see key values.
2026-05-03 10:12:40.997 +03:00 [DBG] The navigation 'SuspectReply.Phrase' was detected as changed. Consider using 'DbContextOptionsBuilder.EnableSensitiveDataLogging' to see key values.
2026-05-03 10:12:40.997 +03:00 [DBG] The navigation 'SuspectReply.Suspect' was detected as changed. Consider using 'DbContextOptionsBuilder.EnableSensitiveDataLogging' to see key values.
2026-05-03 10:12:40.997 +03:00 [DBG] Context 'AppDbContext' started tracking 'SuspectReply' entity. Consider using 'DbContextOptionsBuilder.EnableSensitiveDataLogging' to see key values.
2026-05-03 10:12:40.997 +03:00 [DBG] 'AppDbContext' generated a temporary value for the property 'SuspectReply.Id'. Consider using 'DbContextOptionsBuilder.EnableSensitiveDataLogging' to see key values.
2026-05-03 10:12:40.997 +03:00 [DBG] The navigation 'SuspectReply.Phrase' was detected as changed. Consider using 'DbContextOptionsBuilder.EnableSensitiveDataLogging' to see key values.
2026-05-03 10:12:40.997 +03:00 [DBG] The navigation 'SuspectReply.Suspect' was detected as changed. Consider using 'DbContextOptionsBuilder.EnableSensitiveDataLogging' to see key values.
2026-05-03 10:12:40.998 +03:00 [DBG] Context 'AppDbContext' started tracking 'SuspectReply' entity. Consider using 'DbContextOptionsBuilder.EnableSensitiveDataLogging' to see key values.
2026-05-03 10:12:40.998 +03:00 [DBG] 'AppDbContext' generated a temporary value for the property 'SuspectReply.Id'. Consider using 'DbContextOptionsBuilder.EnableSensitiveDataLogging' to see key values.
2026-05-03 10:12:40.998 +03:00 [DBG] The navigation 'SuspectReply.Phrase' was detected as changed. Consider using 'DbContextOptionsBuilder.EnableSensitiveDataLogging' to see key values.
2026-05-03 10:12:40.998 +03:00 [DBG] The navigation 'SuspectReply.Suspect' was detected as changed. Consider using 'DbContextOptionsBuilder.EnableSensitiveDataLogging' to see key values.
2026-05-03 10:12:40.998 +03:00 [DBG] Context 'AppDbContext' started tracking 'SuspectReply' entity. Consider using 'DbContextOptionsBuilder.EnableSensitiveDataLogging' to see key values.
2026-05-03 10:12:40.998 +03:00 [DBG] 'AppDbContext' generated a temporary value for the property 'SuspectReply.Id'. Consider using 'DbContextOptionsBuilder.EnableSensitiveDataLogging' to see key values.
2026-05-03 10:12:40.998 +03:00 [DBG] The navigation 'SuspectReply.Phrase' was detected as changed. Consider using 'DbContextOptionsBuilder.EnableSensitiveDataLogging' to see key values.
2026-05-03 10:12:40.998 +03:00 [DBG] The navigation 'SuspectReply.Suspect' was detected as changed. Consider using 'DbContextOptionsBuilder.EnableSensitiveDataLogging' to see key values.
2026-05-03 10:12:40.998 +03:00 [DBG] Context 'AppDbContext' started tracking 'SuspectReply' entity. Consider using 'DbContextOptionsBuilder.EnableSensitiveDataLogging' to see key values.
2026-05-03 10:12:40.998 +03:00 [DBG] 'AppDbContext' generated a temporary value for the property 'SuspectReply.Id'. Consider using 'DbContextOptionsBuilder.EnableSensitiveDataLogging' to see key values.
2026-05-03 10:12:40.998 +03:00 [DBG] The navigation 'SuspectReply.Phrase' was detected as changed. Consider using 'DbContextOptionsBuilder.EnableSensitiveDataLogging' to see key values.
2026-05-03 10:12:40.998 +03:00 [DBG] The navigation 'SuspectReply.Suspect' was detected as changed. Consider using 'DbContextOptionsBuilder.EnableSensitiveDataLogging' to see key values.
2026-05-03 10:12:40.998 +03:00 [DBG] Context 'AppDbContext' started tracking 'SuspectReply' entity. Consider using 'DbContextOptionsBuilder.EnableSensitiveDataLogging' to see key values.
2026-05-03 10:12:40.998 +03:00 [DBG] SaveChanges starting for 'AppDbContext'.
2026-05-03 10:12:40.999 +03:00 [DBG] DetectChanges starting for 'AppDbContext'.
2026-05-03 10:12:41.000 +03:00 [DBG] DetectChanges completed for 'AppDbContext'.
2026-05-03 10:12:41.001 +03:00 [DBG] Executing 6 update commands as a batch.
2026-05-03 10:12:41.001 +03:00 [DBG] Opening connection to database 'DetectiveInterrogation' on server 'tcp://localhost:5432'.
2026-05-03 10:12:41.001 +03:00 [DBG] Opened connection to database 'DetectiveInterrogation' on server 'tcp://localhost:5432'.
2026-05-03 10:12:41.001 +03:00 [DBG] Beginning transaction with isolation level 'Unspecified'.
2026-05-03 10:12:41.001 +03:00 [DBG] Began transaction with isolation level 'ReadCommitted'.
2026-05-03 10:12:41.001 +03:00 [DBG] Creating DbCommand for 'ExecuteReader'.
2026-05-03 10:12:41.001 +03:00 [DBG] Created DbCommand for 'ExecuteReader' (0ms).
2026-05-03 10:12:41.001 +03:00 [DBG] Initialized DbCommand for 'ExecuteReader' (0ms).
2026-05-03 10:12:41.002 +03:00 [DBG] Executing DbCommand [Parameters=[@p0='?' (DbType = Int32), @p1='?' (DbType = Int32), @p2='?', @p3='?' (DbType = Int32), @p4='?' (DbType = Int32), @p5='?' (DbType = Int32), @p6='?' (DbType = Int32), @p7='?', @p8='?' (DbType = Int32), @p9='?' (DbType = Int32), @p10='?' (DbType = Int32), @p11='?' (DbType = Int32), @p12='?', @p13='?' (DbType = Int32), @p14='?' (DbType = Int32), @p15='?' (DbType = Int32), @p16='?' (DbType = Int32), @p17='?', @p18='?' (DbType = Int32), @p19='?' (DbType = Int32), @p20='?' (DbType = Int32), @p21='?' (DbType = Int32), @p22='?', @p23='?' (DbType = Int32), @p24='?' (DbType = Int32), @p25='?' (DbType = Int32), @p26='?' (DbType = Int32), @p27='?', @p28='?' (DbType = Int32), @p29='?' (DbType = Int32)], CommandType='"Text"', CommandTimeout='30']
INSERT INTO "SuspectReplies" ("AggressionChange", "PhraseId", "ReplyText", "SuspectId", "TrustChange")
VALUES (@p0, @p1, @p2, @p3, @p4)
RETURNING "Id";
INSERT INTO "SuspectReplies" ("AggressionChange", "PhraseId", "ReplyText", "SuspectId", "TrustChange")
VALUES (@p5, @p6, @p7, @p8, @p9)
RETURNING "Id";
INSERT INTO "SuspectReplies" ("AggressionChange", "PhraseId", "ReplyText", "SuspectId", "TrustChange")
VALUES (@p10, @p11, @p12, @p13, @p14)
RETURNING "Id";
INSERT INTO "SuspectReplies" ("AggressionChange", "PhraseId", "ReplyText", "SuspectId", "TrustChange")
VALUES (@p15, @p16, @p17, @p18, @p19)
RETURNING "Id";
INSERT INTO "SuspectReplies" ("AggressionChange", "PhraseId", "ReplyText", "SuspectId", "TrustChange")
VALUES (@p20, @p21, @p22, @p23, @p24)
RETURNING "Id";
INSERT INTO "SuspectReplies" ("AggressionChange", "PhraseId", "ReplyText", "SuspectId", "TrustChange")
VALUES (@p25, @p26, @p27, @p28, @p29)
RETURNING "Id";
2026-05-03 10:12:41.009 +03:00 [INF] Executed DbCommand (8ms) [Parameters=[@p0='?' (DbType = Int32), @p1='?' (DbType = Int32), @p2='?', @p3='?' (DbType = Int32), @p4='?' (DbType = Int32), @p5='?' (DbType = Int32), @p6='?' (DbType = Int32), @p7='?', @p8='?' (DbType = Int32), @p9='?' (DbType = Int32), @p10='?' (DbType = Int32), @p11='?' (DbType = Int32), @p12='?', @p13='?' (DbType = Int32), @p14='?' (DbType = Int32), @p15='?' (DbType = Int32), @p16='?' (DbType = Int32), @p17='?', @p18='?' (DbType = Int32), @p19='?' (DbType = Int32), @p20='?' (DbType = Int32), @p21='?' (DbType = Int32), @p22='?', @p23='?' (DbType = Int32), @p24='?' (DbType = Int32), @p25='?' (DbType = Int32), @p26='?' (DbType = Int32), @p27='?', @p28='?' (DbType = Int32), @p29='?' (DbType = Int32)], CommandType='"Text"', CommandTimeout='30']
INSERT INTO "SuspectReplies" ("AggressionChange", "PhraseId", "ReplyText", "SuspectId", "TrustChange")
VALUES (@p0, @p1, @p2, @p3, @p4)
RETURNING "Id";
INSERT INTO "SuspectReplies" ("AggressionChange", "PhraseId", "ReplyText", "SuspectId", "TrustChange")
VALUES (@p5, @p6, @p7, @p8, @p9)
RETURNING "Id";
INSERT INTO "SuspectReplies" ("AggressionChange", "PhraseId", "ReplyText", "SuspectId", "TrustChange")
VALUES (@p10, @p11, @p12, @p13, @p14)
RETURNING "Id";
INSERT INTO "SuspectReplies" ("AggressionChange", "PhraseId", "ReplyText", "SuspectId", "TrustChange")
VALUES (@p15, @p16, @p17, @p18, @p19)
RETURNING "Id";
INSERT INTO "SuspectReplies" ("AggressionChange", "PhraseId", "ReplyText", "SuspectId", "TrustChange")
VALUES (@p20, @p21, @p22, @p23, @p24)
RETURNING "Id";
INSERT INTO "SuspectReplies" ("AggressionChange", "PhraseId", "ReplyText", "SuspectId", "TrustChange")
VALUES (@p25, @p26, @p27, @p28, @p29)
RETURNING "Id";
2026-05-03 10:12:41.011 +03:00 [DBG] The foreign key property 'SuspectReply.Id' was detected as changed. Consider using 'DbContextOptionsBuilder.EnableSensitiveDataLogging' to see property values.
2026-05-03 10:12:41.012 +03:00 [DBG] The foreign key property 'SuspectReply.Id' was detected as changed. Consider using 'DbContextOptionsBuilder.EnableSensitiveDataLogging' to see property values.
2026-05-03 10:12:41.012 +03:00 [DBG] The foreign key property 'SuspectReply.Id' was detected as changed. Consider using 'DbContextOptionsBuilder.EnableSensitiveDataLogging' to see property values.
2026-05-03 10:12:41.012 +03:00 [DBG] The foreign key property 'SuspectReply.Id' was detected as changed. Consider using 'DbContextOptionsBuilder.EnableSensitiveDataLogging' to see property values.
2026-05-03 10:12:41.012 +03:00 [DBG] The foreign key property 'SuspectReply.Id' was detected as changed. Consider using 'DbContextOptionsBuilder.EnableSensitiveDataLogging' to see property values.
2026-05-03 10:12:41.012 +03:00 [DBG] The foreign key property 'SuspectReply.Id' was detected as changed. Consider using 'DbContextOptionsBuilder.EnableSensitiveDataLogging' to see property values.
2026-05-03 10:12:41.013 +03:00 [DBG] Closing data reader to 'DetectiveInterrogation' on server 'tcp://localhost:5432'.
2026-05-03 10:12:41.013 +03:00 [DBG] A data reader for 'DetectiveInterrogation' on server 'tcp://localhost:5432' is being disposed after spending 2ms reading results.
2026-05-03 10:12:41.013 +03:00 [DBG] Committing transaction.
2026-05-03 10:12:41.014 +03:00 [DBG] Committed transaction.
2026-05-03 10:12:41.014 +03:00 [DBG] Closing connection to database 'DetectiveInterrogation' on server 'tcp://localhost:5432'.
2026-05-03 10:12:41.014 +03:00 [DBG] Closed connection to database 'DetectiveInterrogation' on server 'tcp://localhost:5432' (0ms).
2026-05-03 10:12:41.014 +03:00 [DBG] Disposing transaction.
2026-05-03 10:12:41.015 +03:00 [DBG] An entity of type 'SuspectReply' tracked by 'AppDbContext' changed state from '"Added"' to '"Unchanged"'. Consider using 'DbContextOptionsBuilder.EnableSensitiveDataLogging' to see key values.
2026-05-03 10:12:41.015 +03:00 [DBG] An entity of type 'SuspectReply' tracked by 'AppDbContext' changed state from '"Added"' to '"Unchanged"'. Consider using 'DbContextOptionsBuilder.EnableSensitiveDataLogging' to see key values.
2026-05-03 10:12:41.015 +03:00 [DBG] An entity of type 'SuspectReply' tracked by 'AppDbContext' changed state from '"Added"' to '"Unchanged"'. Consider using 'DbContextOptionsBuilder.EnableSensitiveDataLogging' to see key values.
2026-05-03 10:12:41.015 +03:00 [DBG] An entity of type 'SuspectReply' tracked by 'AppDbContext' changed state from '"Added"' to '"Unchanged"'. Consider using 'DbContextOptionsBuilder.EnableSensitiveDataLogging' to see key values.
2026-05-03 10:12:41.015 +03:00 [DBG] An entity of type 'SuspectReply' tracked by 'AppDbContext' changed state from '"Added"' to '"Unchanged"'. Consider using 'DbContextOptionsBuilder.EnableSensitiveDataLogging' to see key values.
2026-05-03 10:12:41.015 +03:00 [DBG] An entity of type 'SuspectReply' tracked by 'AppDbContext' changed state from '"Added"' to '"Unchanged"'. Consider using 'DbContextOptionsBuilder.EnableSensitiveDataLogging' to see key values.
2026-05-03 10:12:41.016 +03:00 [DBG] SaveChanges completed for 'AppDbContext' with 6 entities written to the database.
2026-05-03 10:12:41.017 +03:00 [DBG] 'AppDbContext' disposed.
2026-05-03 10:12:41.019 +03:00 [DBG] Disposing connection to database 'DetectiveInterrogation' on server 'tcp://localhost:5432'.
2026-05-03 10:12:41.020 +03:00 [DBG] Disposed connection to database 'DetectiveInterrogation' on server 'tcp://localhost:5432' (1ms).
2026-05-03 10:12:41.175 +03:00 [DBG] Registered model binder providers, in the following order: ["Microsoft.AspNetCore.Mvc.ModelBinding.Binders.BinderTypeModelBinderProvider","Microsoft.AspNetCore.Mvc.ModelBinding.Binders.ServicesModelBinderProvider","Microsoft.AspNetCore.Mvc.ModelBinding.Binders.BodyModelBinderProvider","Microsoft.AspNetCore.Mvc.ModelBinding.Binders.HeaderModelBinderProvider","Microsoft.AspNetCore.Mvc.ModelBinding.Binders.FloatingPointTypeModelBinderProvider","Microsoft.AspNetCore.Mvc.ModelBinding.Binders.EnumTypeModelBinderProvider","Microsoft.AspNetCore.Mvc.ModelBinding.Binders.DateTimeModelBinderProvider","Microsoft.AspNetCore.Mvc.ModelBinding.Binders.SimpleTypeModelBinderProvider","Microsoft.AspNetCore.Mvc.ModelBinding.Binders.TryParseModelBinderProvider","Microsoft.AspNetCore.Mvc.ModelBinding.Binders.CancellationTokenModelBinderProvider","Microsoft.AspNetCore.Mvc.ModelBinding.Binders.ByteArrayModelBinderProvider","Microsoft.AspNetCore.Mvc.ModelBinding.Binders.FormFileModelBinderProvider","Microsoft.AspNetCore.Mvc.ModelBinding.Binders.FormCollectionModelBinderProvider","Microsoft.AspNetCore.Mvc.ModelBinding.Binders.KeyValuePairModelBinderProvider","Microsoft.AspNetCore.Mvc.ModelBinding.Binders.DictionaryModelBinderProvider","Microsoft.AspNetCore.Mvc.ModelBinding.Binders.ArrayModelBinderProvider","Microsoft.AspNetCore.Mvc.ModelBinding.Binders.CollectionModelBinderProvider","Microsoft.AspNetCore.Mvc.ModelBinding.Binders.ComplexObjectModelBinderProvider"]
2026-05-03 10:12:41.243 +03:00 [DBG] Hosting starting
2026-05-03 10:12:41.265 +03:00 [DBG] Reading data from file 'C:\Users\vikto\OneDrive\Desktop\sem\DetectiveInterrogation\DataProtectionKeys\key-b1304d11-bf04-45a4-a947-21a7e0b9e88b.xml'.
2026-05-03 10:12:41.275 +03:00 [DBG] Found key {b1304d11-bf04-45a4-a947-21a7e0b9e88b}.
2026-05-03 10:12:41.287 +03:00 [DBG] Considering key {b1304d11-bf04-45a4-a947-21a7e0b9e88b} with expiration date 2026-08-01 07:03:01Z as default key.
2026-05-03 10:12:41.290 +03:00 [DBG] Forwarded activator type request from Microsoft.AspNetCore.DataProtection.AuthenticatedEncryption.ConfigurationModel.AuthenticatedEncryptorDescriptorDeserializer, Microsoft.AspNetCore.DataProtection, Version=8.0.0.0, Culture=neutral, PublicKeyToken=adb9793829ddae60 to Microsoft.AspNetCore.DataProtection.AuthenticatedEncryption.ConfigurationModel.AuthenticatedEncryptorDescriptorDeserializer, Microsoft.AspNetCore.DataProtection, Culture=neutral, PublicKeyToken=adb9793829ddae60
2026-05-03 10:12:41.293 +03:00 [DBG] Opening CNG algorithm 'AES' from provider 'null' with chaining mode CBC.
2026-05-03 10:12:41.294 +03:00 [DBG] Opening CNG algorithm 'SHA256' from provider 'null' with HMAC.
2026-05-03 10:12:41.295 +03:00 [DBG] Using key {b1304d11-bf04-45a4-a947-21a7e0b9e88b} as the default key.
2026-05-03 10:12:41.296 +03:00 [DBG] Key ring with default key {b1304d11-bf04-45a4-a947-21a7e0b9e88b} was loaded during application startup.
2026-05-03 10:12:41.333 +03:00 [INF] Now listening on: http://localhost:5000
2026-05-03 10:12:41.333 +03:00 [DBG] Loaded hosting startup assembly DetectiveInterrogation
2026-05-03 10:12:41.334 +03:00 [INF] Application started. Press Ctrl+C to shut down.
2026-05-03 10:12:41.335 +03:00 [INF] Hosting environment: Production
2026-05-03 10:12:41.335 +03:00 [INF] Content root path: C:\Users\vikto\OneDrive\Desktop\sem\DetectiveInterrogation
2026-05-03 10:12:41.335 +03:00 [DBG] Hosting started
2026-05-03 10:14:04.183 +03:00 [DBG] An 'IServiceProvider' was created for internal use by Entity Framework.
2026-05-03 10:14:04.495 +03:00 [DBG] The index {'SessionId'} was not created on entity type 'SessionUsedEvidence' as the properties are already covered by the index {'SessionId', 'EvidenceId'}.
2026-05-03 10:14:04.500 +03:00 [DBG] The index {'UserId'} was not created on entity type 'UserAchievement' as the properties are already covered by the index {'UserId', 'AchievementId'}.
2026-05-03 10:14:04.653 +03:00 [DBG] Entity Framework Core 8.0.4 initialized 'AppDbContext' using provider 'Npgsql.EntityFrameworkCore.PostgreSQL:8.0.4+51faf6e9c9c7ef99c3e98d98a96adb8fa8ae4553' with options: None
2026-05-03 10:14:04.662 +03:00 [DBG] Creating DbConnection.
2026-05-03 10:14:04.680 +03:00 [DBG] Created DbConnection. (16ms).
2026-05-03 10:14:04.687 +03:00 [DBG] Opening connection to database 'DetectiveInterrogation' on server 'tcp://localhost:5432'.
2026-05-03 10:14:04.785 +03:00 [DBG] Opened connection to database 'DetectiveInterrogation' on server 'tcp://localhost:5432'.
2026-05-03 10:14:04.787 +03:00 [DBG] Closing connection to database 'DetectiveInterrogation' on server 'tcp://localhost:5432'.
2026-05-03 10:14:04.793 +03:00 [DBG] Closed connection to database 'DetectiveInterrogation' on server 'tcp://localhost:5432' (3ms).
2026-05-03 10:14:04.801 +03:00 [DBG] Creating DbCommand for 'ExecuteScalar'.
2026-05-03 10:14:04.806 +03:00 [DBG] Created DbCommand for 'ExecuteScalar' (3ms).
2026-05-03 10:14:04.809 +03:00 [DBG] Initialized DbCommand for 'ExecuteScalar' (9ms).
2026-05-03 10:14:04.810 +03:00 [DBG] Opening connection to database 'DetectiveInterrogation' on server 'tcp://localhost:5432'.
2026-05-03 10:14:04.868 +03:00 [DBG] Opened connection to database 'DetectiveInterrogation' on server 'tcp://localhost:5432'.
2026-05-03 10:14:04.873 +03:00 [DBG] Executing DbCommand [Parameters=[], CommandType='"Text"', CommandTimeout='30']
SELECT CASE WHEN COUNT(*) = 0 THEN FALSE ELSE TRUE END
FROM pg_class AS cls
JOIN pg_namespace AS ns ON ns.oid = cls.relnamespace
WHERE
        cls.relkind IN ('r', 'v', 'm', 'f', 'p') AND
        ns.nspname NOT IN ('pg_catalog', 'information_schema') AND
        -- Exclude tables which are members of PG extensions
        NOT EXISTS (
            SELECT 1 FROM pg_depend WHERE
                classid=(
                    SELECT cls.oid
                    FROM pg_class AS cls
                             JOIN pg_namespace AS ns ON ns.oid = cls.relnamespace
                    WHERE relname='pg_class' AND ns.nspname='pg_catalog'
                ) AND
                objid=cls.oid AND
                deptype IN ('e', 'x')
        )
2026-05-03 10:14:04.916 +03:00 [INF] Executed DbCommand (43ms) [Parameters=[], CommandType='"Text"', CommandTimeout='30']
SELECT CASE WHEN COUNT(*) = 0 THEN FALSE ELSE TRUE END
FROM pg_class AS cls
JOIN pg_namespace AS ns ON ns.oid = cls.relnamespace
WHERE
        cls.relkind IN ('r', 'v', 'm', 'f', 'p') AND
        ns.nspname NOT IN ('pg_catalog', 'information_schema') AND
        -- Exclude tables which are members of PG extensions
        NOT EXISTS (
            SELECT 1 FROM pg_depend WHERE
                classid=(
                    SELECT cls.oid
                    FROM pg_class AS cls
                             JOIN pg_namespace AS ns ON ns.oid = cls.relnamespace
                    WHERE relname='pg_class' AND ns.nspname='pg_catalog'
                ) AND
                objid=cls.oid AND
                deptype IN ('e', 'x')
        )
2026-05-03 10:14:04.918 +03:00 [DBG] Closing connection to database 'DetectiveInterrogation' on server 'tcp://localhost:5432'.
2026-05-03 10:14:04.921 +03:00 [DBG] Closed connection to database 'DetectiveInterrogation' on server 'tcp://localhost:5432' (3ms).
2026-05-03 10:14:04.940 +03:00 [DBG] Compiling query expression: 
'DbSet<User>()
    .Any(u => u.Username == "admin")'
2026-05-03 10:14:05.046 +03:00 [DBG] Generated query execution expression: 
'queryContext => new SingleQueryingEnumerable<bool>(
    (RelationalQueryContext)queryContext, 
    RelationalCommandCache.QueryExpression(
        Projection Mapping:
            EmptyProjectionMember -> 0
        SELECT EXISTS (
            SELECT 1
            FROM Users AS u
            WHERE u.Username == 'admin')), 
    null, 
    Func<QueryContext, DbDataReader, ResultContext, SingleQueryResultCoordinator, bool>, 
    DetectiveInterrogation.Data.AppDbContext, 
    False, 
    False, 
    True
)
    .Single()'
2026-05-03 10:14:05.063 +03:00 [DBG] Opening connection to database 'DetectiveInterrogation' on server 'tcp://localhost:5432'.
2026-05-03 10:14:05.065 +03:00 [DBG] Opened connection to database 'DetectiveInterrogation' on server 'tcp://localhost:5432'.
2026-05-03 10:14:05.066 +03:00 [DBG] Creating DbCommand for 'ExecuteReader'.
2026-05-03 10:14:05.067 +03:00 [DBG] Created DbCommand for 'ExecuteReader' (0ms).
2026-05-03 10:14:05.067 +03:00 [DBG] Initialized DbCommand for 'ExecuteReader' (1ms).
2026-05-03 10:14:05.069 +03:00 [DBG] Executing DbCommand [Parameters=[], CommandType='"Text"', CommandTimeout='30']
SELECT EXISTS (
    SELECT 1
    FROM "Users" AS u
    WHERE u."Username" = 'admin')
2026-05-03 10:14:05.075 +03:00 [INF] Executed DbCommand (7ms) [Parameters=[], CommandType='"Text"', CommandTimeout='30']
SELECT EXISTS (
    SELECT 1
    FROM "Users" AS u
    WHERE u."Username" = 'admin')
2026-05-03 10:14:05.083 +03:00 [DBG] Closing data reader to 'DetectiveInterrogation' on server 'tcp://localhost:5432'.
2026-05-03 10:14:05.087 +03:00 [DBG] A data reader for 'DetectiveInterrogation' on server 'tcp://localhost:5432' is being disposed after spending 5ms reading results.
2026-05-03 10:14:05.089 +03:00 [DBG] Closing connection to database 'DetectiveInterrogation' on server 'tcp://localhost:5432'.
2026-05-03 10:14:05.090 +03:00 [DBG] Closed connection to database 'DetectiveInterrogation' on server 'tcp://localhost:5432' (0ms).
2026-05-03 10:14:05.091 +03:00 [DBG] Compiling query expression: 
'DbSet<User>()
    .Any(u => u.Username == "player")'
2026-05-03 10:14:05.094 +03:00 [DBG] Generated query execution expression: 
'queryContext => new SingleQueryingEnumerable<bool>(
    (RelationalQueryContext)queryContext, 
    RelationalCommandCache.QueryExpression(
        Projection Mapping:
            EmptyProjectionMember -> 0
        SELECT EXISTS (
            SELECT 1
            FROM Users AS u
            WHERE u.Username == 'player')), 
    null, 
    Func<QueryContext, DbDataReader, ResultContext, SingleQueryResultCoordinator, bool>, 
    DetectiveInterrogation.Data.AppDbContext, 
    False, 
    False, 
    True
)
    .Single()'
2026-05-03 10:14:05.095 +03:00 [DBG] Opening connection to database 'DetectiveInterrogation' on server 'tcp://localhost:5432'.
2026-05-03 10:14:05.096 +03:00 [DBG] Opened connection to database 'DetectiveInterrogation' on server 'tcp://localhost:5432'.
2026-05-03 10:14:05.097 +03:00 [DBG] Creating DbCommand for 'ExecuteReader'.
2026-05-03 10:14:05.098 +03:00 [DBG] Created DbCommand for 'ExecuteReader' (0ms).
2026-05-03 10:14:05.098 +03:00 [DBG] Initialized DbCommand for 'ExecuteReader' (1ms).
2026-05-03 10:14:05.100 +03:00 [DBG] Executing DbCommand [Parameters=[], CommandType='"Text"', CommandTimeout='30']
SELECT EXISTS (
    SELECT 1
    FROM "Users" AS u
    WHERE u."Username" = 'player')
2026-05-03 10:14:05.102 +03:00 [INF] Executed DbCommand (2ms) [Parameters=[], CommandType='"Text"', CommandTimeout='30']
SELECT EXISTS (
    SELECT 1
    FROM "Users" AS u
    WHERE u."Username" = 'player')
2026-05-03 10:14:05.104 +03:00 [DBG] Closing data reader to 'DetectiveInterrogation' on server 'tcp://localhost:5432'.
2026-05-03 10:14:05.106 +03:00 [DBG] A data reader for 'DetectiveInterrogation' on server 'tcp://localhost:5432' is being disposed after spending 1ms reading results.
2026-05-03 10:14:05.107 +03:00 [DBG] Closing connection to database 'DetectiveInterrogation' on server 'tcp://localhost:5432'.
2026-05-03 10:14:05.108 +03:00 [DBG] Closed connection to database 'DetectiveInterrogation' on server 'tcp://localhost:5432' (0ms).
2026-05-03 10:14:05.109 +03:00 [DBG] Compiling query expression: 
'DbSet<Achievement>()
    .Any()'
2026-05-03 10:14:05.111 +03:00 [DBG] Generated query execution expression: 
'queryContext => new SingleQueryingEnumerable<bool>(
    (RelationalQueryContext)queryContext, 
    RelationalCommandCache.QueryExpression(
        Projection Mapping:
            EmptyProjectionMember -> 0
        SELECT EXISTS (
            SELECT 1
            FROM Achievements AS a)), 
    null, 
    Func<QueryContext, DbDataReader, ResultContext, SingleQueryResultCoordinator, bool>, 
    DetectiveInterrogation.Data.AppDbContext, 
    False, 
    False, 
    True
)
    .Single()'
2026-05-03 10:14:05.112 +03:00 [DBG] Opening connection to database 'DetectiveInterrogation' on server 'tcp://localhost:5432'.
2026-05-03 10:14:05.113 +03:00 [DBG] Opened connection to database 'DetectiveInterrogation' on server 'tcp://localhost:5432'.
2026-05-03 10:14:05.114 +03:00 [DBG] Creating DbCommand for 'ExecuteReader'.
2026-05-03 10:14:05.115 +03:00 [DBG] Created DbCommand for 'ExecuteReader' (0ms).
2026-05-03 10:14:05.116 +03:00 [DBG] Initialized DbCommand for 'ExecuteReader' (1ms).
2026-05-03 10:14:05.116 +03:00 [DBG] Executing DbCommand [Parameters=[], CommandType='"Text"', CommandTimeout='30']
SELECT EXISTS (
    SELECT 1
    FROM "Achievements" AS a)
2026-05-03 10:14:05.121 +03:00 [INF] Executed DbCommand (5ms) [Parameters=[], CommandType='"Text"', CommandTimeout='30']
SELECT EXISTS (
    SELECT 1
    FROM "Achievements" AS a)
2026-05-03 10:14:05.123 +03:00 [DBG] Closing data reader to 'DetectiveInterrogation' on server 'tcp://localhost:5432'.
2026-05-03 10:14:05.124 +03:00 [DBG] A data reader for 'DetectiveInterrogation' on server 'tcp://localhost:5432' is being disposed after spending 0ms reading results.
2026-05-03 10:14:05.125 +03:00 [DBG] Closing connection to database 'DetectiveInterrogation' on server 'tcp://localhost:5432'.
2026-05-03 10:14:05.125 +03:00 [DBG] Closed connection to database 'DetectiveInterrogation' on server 'tcp://localhost:5432' (0ms).
2026-05-03 10:14:05.127 +03:00 [DBG] Compiling query expression: 
'DbSet<Case>()
    .Any()'
2026-05-03 10:14:05.129 +03:00 [DBG] Generated query execution expression: 
'queryContext => new SingleQueryingEnumerable<bool>(
    (RelationalQueryContext)queryContext, 
    RelationalCommandCache.QueryExpression(
        Projection Mapping:
            EmptyProjectionMember -> 0
        SELECT EXISTS (
            SELECT 1
            FROM Cases AS c)), 
    null, 
    Func<QueryContext, DbDataReader, ResultContext, SingleQueryResultCoordinator, bool>, 
    DetectiveInterrogation.Data.AppDbContext, 
    False, 
    False, 
    True
)
    .Single()'
2026-05-03 10:14:05.130 +03:00 [DBG] Opening connection to database 'DetectiveInterrogation' on server 'tcp://localhost:5432'.
2026-05-03 10:14:05.131 +03:00 [DBG] Opened connection to database 'DetectiveInterrogation' on server 'tcp://localhost:5432'.
2026-05-03 10:14:05.132 +03:00 [DBG] Creating DbCommand for 'ExecuteReader'.
2026-05-03 10:14:05.133 +03:00 [DBG] Created DbCommand for 'ExecuteReader' (0ms).
2026-05-03 10:14:05.133 +03:00 [DBG] Initialized DbCommand for 'ExecuteReader' (1ms).
2026-05-03 10:14:05.134 +03:00 [DBG] Executing DbCommand [Parameters=[], CommandType='"Text"', CommandTimeout='30']
SELECT EXISTS (
    SELECT 1
    FROM "Cases" AS c)
2026-05-03 10:14:05.140 +03:00 [INF] Executed DbCommand (6ms) [Parameters=[], CommandType='"Text"', CommandTimeout='30']
SELECT EXISTS (
    SELECT 1
    FROM "Cases" AS c)
2026-05-03 10:14:05.142 +03:00 [DBG] Closing data reader to 'DetectiveInterrogation' on server 'tcp://localhost:5432'.
2026-05-03 10:14:05.143 +03:00 [DBG] A data reader for 'DetectiveInterrogation' on server 'tcp://localhost:5432' is being disposed after spending 1ms reading results.
2026-05-03 10:14:05.144 +03:00 [DBG] Closing connection to database 'DetectiveInterrogation' on server 'tcp://localhost:5432'.
2026-05-03 10:14:05.145 +03:00 [DBG] Closed connection to database 'DetectiveInterrogation' on server 'tcp://localhost:5432' (0ms).
2026-05-03 10:14:05.147 +03:00 [DBG] SaveChanges starting for 'AppDbContext'.
2026-05-03 10:14:05.148 +03:00 [DBG] DetectChanges starting for 'AppDbContext'.
2026-05-03 10:14:05.154 +03:00 [DBG] DetectChanges completed for 'AppDbContext'.
2026-05-03 10:14:05.156 +03:00 [DBG] SaveChanges completed for 'AppDbContext' with 0 entities written to the database.
2026-05-03 10:14:05.158 +03:00 [DBG] 'AppDbContext' disposed.
2026-05-03 10:14:05.160 +03:00 [DBG] Disposing connection to database 'DetectiveInterrogation' on server 'tcp://localhost:5432'.
2026-05-03 10:14:05.161 +03:00 [DBG] Disposed connection to database 'DetectiveInterrogation' on server 'tcp://localhost:5432' (1ms).
2026-05-03 10:14:05.241 +03:00 [DBG] Registered model binder providers, in the following order: ["Microsoft.AspNetCore.Mvc.ModelBinding.Binders.BinderTypeModelBinderProvider","Microsoft.AspNetCore.Mvc.ModelBinding.Binders.ServicesModelBinderProvider","Microsoft.AspNetCore.Mvc.ModelBinding.Binders.BodyModelBinderProvider","Microsoft.AspNetCore.Mvc.ModelBinding.Binders.HeaderModelBinderProvider","Microsoft.AspNetCore.Mvc.ModelBinding.Binders.FloatingPointTypeModelBinderProvider","Microsoft.AspNetCore.Mvc.ModelBinding.Binders.EnumTypeModelBinderProvider","Microsoft.AspNetCore.Mvc.ModelBinding.Binders.DateTimeModelBinderProvider","Microsoft.AspNetCore.Mvc.ModelBinding.Binders.SimpleTypeModelBinderProvider","Microsoft.AspNetCore.Mvc.ModelBinding.Binders.TryParseModelBinderProvider","Microsoft.AspNetCore.Mvc.ModelBinding.Binders.CancellationTokenModelBinderProvider","Microsoft.AspNetCore.Mvc.ModelBinding.Binders.ByteArrayModelBinderProvider","Microsoft.AspNetCore.Mvc.ModelBinding.Binders.FormFileModelBinderProvider","Microsoft.AspNetCore.Mvc.ModelBinding.Binders.FormCollectionModelBinderProvider","Microsoft.AspNetCore.Mvc.ModelBinding.Binders.KeyValuePairModelBinderProvider","Microsoft.AspNetCore.Mvc.ModelBinding.Binders.DictionaryModelBinderProvider","Microsoft.AspNetCore.Mvc.ModelBinding.Binders.ArrayModelBinderProvider","Microsoft.AspNetCore.Mvc.ModelBinding.Binders.CollectionModelBinderProvider","Microsoft.AspNetCore.Mvc.ModelBinding.Binders.ComplexObjectModelBinderProvider"]
2026-05-03 10:14:05.278 +03:00 [DBG] Hosting starting
2026-05-03 10:14:05.290 +03:00 [DBG] Reading data from file 'C:\Users\vikto\OneDrive\Desktop\sem\DetectiveInterrogation\DataProtectionKeys\key-b1304d11-bf04-45a4-a947-21a7e0b9e88b.xml'.
2026-05-03 10:14:05.297 +03:00 [DBG] Found key {b1304d11-bf04-45a4-a947-21a7e0b9e88b}.
2026-05-03 10:14:05.304 +03:00 [DBG] Considering key {b1304d11-bf04-45a4-a947-21a7e0b9e88b} with expiration date 2026-08-01 07:03:01Z as default key.
2026-05-03 10:14:05.308 +03:00 [DBG] Forwarded activator type request from Microsoft.AspNetCore.DataProtection.AuthenticatedEncryption.ConfigurationModel.AuthenticatedEncryptorDescriptorDeserializer, Microsoft.AspNetCore.DataProtection, Version=8.0.0.0, Culture=neutral, PublicKeyToken=adb9793829ddae60 to Microsoft.AspNetCore.DataProtection.AuthenticatedEncryption.ConfigurationModel.AuthenticatedEncryptorDescriptorDeserializer, Microsoft.AspNetCore.DataProtection, Culture=neutral, PublicKeyToken=adb9793829ddae60
2026-05-03 10:14:05.311 +03:00 [DBG] Opening CNG algorithm 'AES' from provider 'null' with chaining mode CBC.
2026-05-03 10:14:05.313 +03:00 [DBG] Opening CNG algorithm 'SHA256' from provider 'null' with HMAC.
2026-05-03 10:14:05.314 +03:00 [DBG] Using key {b1304d11-bf04-45a4-a947-21a7e0b9e88b} as the default key.
2026-05-03 10:14:05.315 +03:00 [DBG] Key ring with default key {b1304d11-bf04-45a4-a947-21a7e0b9e88b} was loaded during application startup.
2026-05-03 10:14:05.332 +03:00 [INF] Now listening on: http://localhost:5000
2026-05-03 10:14:05.333 +03:00 [DBG] Loaded hosting startup assembly DetectiveInterrogation
2026-05-03 10:14:05.334 +03:00 [INF] Application started. Press Ctrl+C to shut down.
2026-05-03 10:14:05.334 +03:00 [INF] Hosting environment: Production
2026-05-03 10:14:05.336 +03:00 [INF] Content root path: C:\Users\vikto\OneDrive\Desktop\sem\DetectiveInterrogation
2026-05-03 10:14:05.338 +03:00 [DBG] Hosting started
2026-05-03 10:14:16.588 +03:00 [DBG] Connection id "0HNL8SEB4QFGP" accepted.
2026-05-03 10:14:16.592 +03:00 [DBG] Connection id "0HNL8SEB4QFGP" started.
2026-05-03 10:14:16.594 +03:00 [DBG] Connection id "0HNL8SEB4QFGQ" accepted.
2026-05-03 10:14:16.597 +03:00 [DBG] Connection id "0HNL8SEB4QFGQ" started.
2026-05-03 10:14:16.639 +03:00 [INF] Request starting HTTP/1.1 GET http://localhost:5000/ - null null
2026-05-03 10:14:16.658 +03:00 [DBG] Wildcard detected, all requests with hosts will be allowed.
2026-05-03 10:14:16.663 +03:00 [DBG] The request is insecure. Skipping HSTS header.
2026-05-03 10:14:16.670 +03:00 [INF] Request started: GET /
2026-05-03 10:14:16.678 +03:00 [WRN] Failed to determine the https port for redirect.
2026-05-03 10:14:16.685 +03:00 [DBG] The request path / does not match a supported file type
2026-05-03 10:14:16.727 +03:00 [DBG] 1 candidate(s) found for the request path '/'
2026-05-03 10:14:16.735 +03:00 [DBG] Endpoint 'DetectiveInterrogation.Controllers.HomeController.Index (DetectiveInterrogation)' with route pattern '{controller=Home}/{action=Index}/{id?}' is valid for the request path '/'
2026-05-03 10:14:16.743 +03:00 [DBG] Request matched endpoint 'DetectiveInterrogation.Controllers.HomeController.Index (DetectiveInterrogation)'
2026-05-03 10:14:16.801 +03:00 [DBG] AuthenticationScheme: Bearer was not authenticated.
2026-05-03 10:14:16.808 +03:00 [INF] Executing endpoint 'DetectiveInterrogation.Controllers.HomeController.Index (DetectiveInterrogation)'
2026-05-03 10:14:16.839 +03:00 [INF] Route matched with {action = "Index", controller = "Home"}. Executing controller action with signature Microsoft.AspNetCore.Mvc.IActionResult Index() on controller DetectiveInterrogation.Controllers.HomeController (DetectiveInterrogation).
2026-05-03 10:14:16.843 +03:00 [DBG] Execution plan of authorization filters (in the following order): ["None"]
2026-05-03 10:14:16.846 +03:00 [DBG] Execution plan of resource filters (in the following order): ["Microsoft.AspNetCore.Mvc.ViewFeatures.Filters.SaveTempDataFilter"]
2026-05-03 10:14:16.848 +03:00 [DBG] Execution plan of action filters (in the following order): ["Microsoft.AspNetCore.Mvc.Filters.ControllerActionFilter (Order: -2147483648)","Microsoft.AspNetCore.Mvc.ModelBinding.UnsupportedContentTypeFilter (Order: -3000)"]
2026-05-03 10:14:16.851 +03:00 [DBG] Execution plan of exception filters (in the following order): ["None"]
2026-05-03 10:14:16.854 +03:00 [DBG] Execution plan of result filters (in the following order): ["Microsoft.AspNetCore.Mvc.ViewFeatures.Filters.SaveTempDataFilter"]
2026-05-03 10:14:16.860 +03:00 [DBG] Executing controller factory for controller DetectiveInterrogation.Controllers.HomeController (DetectiveInterrogation)
2026-05-03 10:14:16.863 +03:00 [DBG] Executed controller factory for controller DetectiveInterrogation.Controllers.HomeController (DetectiveInterrogation)
2026-05-03 10:14:16.872 +03:00 [DBG] View lookup cache miss for view 'Index' in controller 'Home'.
2026-05-03 10:14:16.879 +03:00 [DBG] Initializing Razor view compiler with compiled view: '/Views/Achievement/Index.cshtml'.
2026-05-03 10:14:16.881 +03:00 [DBG] Initializing Razor view compiler with compiled view: '/Views/Admin/Achievements.cshtml'.
2026-05-03 10:14:16.882 +03:00 [DBG] Initializing Razor view compiler with compiled view: '/Views/Admin/Evidence.cshtml'.
2026-05-03 10:14:16.883 +03:00 [DBG] Initializing Razor view compiler with compiled view: '/Views/Admin/Index.cshtml'.
2026-05-03 10:14:16.886 +03:00 [DBG] Initializing Razor view compiler with compiled view: '/Views/Admin/Replies.cshtml'.
2026-05-03 10:14:16.888 +03:00 [DBG] Initializing Razor view compiler with compiled view: '/Views/Admin/Suspects.cshtml'.
2026-05-03 10:14:16.890 +03:00 [DBG] Initializing Razor view compiler with compiled view: '/Views/Auth/AccessDenied.cshtml'.
2026-05-03 10:14:16.892 +03:00 [DBG] Initializing Razor view compiler with compiled view: '/Views/Auth/Login.cshtml'.
2026-05-03 10:14:16.895 +03:00 [DBG] Initializing Razor view compiler with compiled view: '/Views/Auth/Register.cshtml'.
2026-05-03 10:14:16.897 +03:00 [DBG] Initializing Razor view compiler with compiled view: '/Views/Case/Details.cshtml'.
2026-05-03 10:14:16.899 +03:00 [DBG] Initializing Razor view compiler with compiled view: '/Views/Case/Index.cshtml'.
2026-05-03 10:14:16.904 +03:00 [DBG] Initializing Razor view compiler with compiled view: '/Views/Home/Index.cshtml'.
2026-05-03 10:14:16.906 +03:00 [DBG] Initializing Razor view compiler with compiled view: '/Views/Interrogation/Result.cshtml'.
2026-05-03 10:14:16.908 +03:00 [DBG] Initializing Razor view compiler with compiled view: '/Views/Interrogation/Room.cshtml'.
2026-05-03 10:14:16.910 +03:00 [DBG] Initializing Razor view compiler with compiled view: '/Views/Interrogation/_DialoguePartial.cshtml'.
2026-05-03 10:14:16.913 +03:00 [DBG] Initializing Razor view compiler with compiled view: '/Views/Shared/Error.cshtml'.
2026-05-03 10:14:16.915 +03:00 [DBG] Initializing Razor view compiler with compiled view: '/Views/Shared/_Layout.cshtml'.
2026-05-03 10:14:16.917 +03:00 [DBG] Initializing Razor view compiler with compiled view: '/Views/Shared/_LoginPartial.cshtml'.
2026-05-03 10:14:16.918 +03:00 [DBG] Initializing Razor view compiler with compiled view: '/Views/Shared/_ValidationScriptsPartial.cshtml'.
2026-05-03 10:14:16.921 +03:00 [DBG] Initializing Razor view compiler with compiled view: '/Views/_ViewImports.cshtml'.
2026-05-03 10:14:16.923 +03:00 [DBG] Initializing Razor view compiler with compiled view: '/Views/_ViewStart.cshtml'.
2026-05-03 10:14:18.538 +03:00 [DBG] Compilation of the generated code for the Razor file at 'C:\Users\vikto\OneDrive\Desktop\sem\DetectiveInterrogation\Views\Home\Index.cshtml' started.
2026-05-03 10:14:20.691 +03:00 [DBG] Compilation of the generated code for the Razor file at 'C:\Users\vikto\OneDrive\Desktop\sem\DetectiveInterrogation\Views\Home\Index.cshtml' completed in 2145.6129ms.
2026-05-03 10:14:20.924 +03:00 [DBG] Compilation of the generated code for the Razor file at 'C:\Users\vikto\OneDrive\Desktop\sem\DetectiveInterrogation\Views\_ViewStart.cshtml' started.
2026-05-03 10:14:21.120 +03:00 [DBG] Compilation of the generated code for the Razor file at 'C:\Users\vikto\OneDrive\Desktop\sem\DetectiveInterrogation\Views\_ViewStart.cshtml' completed in 193.2066ms.
2026-05-03 10:14:21.128 +03:00 [INF] Executing ViewResult, running view Index.
2026-05-03 10:14:21.133 +03:00 [DBG] The view path '/Views/Home/Index.cshtml' was found in 4261.6272ms.
2026-05-03 10:14:21.164 +03:00 [DBG] View lookup cache miss for view '_Layout' in controller 'Home'.
2026-05-03 10:14:21.437 +03:00 [DBG] Compilation of the generated code for the Razor file at 'C:\Users\vikto\OneDrive\Desktop\sem\DetectiveInterrogation\Views\Shared\_Layout.cshtml' started.
2026-05-03 10:14:22.210 +03:00 [DBG] Compilation of the generated code for the Razor file at 'C:\Users\vikto\OneDrive\Desktop\sem\DetectiveInterrogation\Views\Shared\_Layout.cshtml' completed in 768.1519ms.
2026-05-03 10:14:22.269 +03:00 [INF] Executed ViewResult - view Index executed in 5398.376ms.
2026-05-03 10:14:22.271 +03:00 [INF] Executed action DetectiveInterrogation.Controllers.HomeController.Index (DetectiveInterrogation) in 5414.1797ms
2026-05-03 10:14:22.273 +03:00 [INF] Executed endpoint 'DetectiveInterrogation.Controllers.HomeController.Index (DetectiveInterrogation)'
2026-05-03 10:14:22.276 +03:00 [INF] Request completed: GET / - Status: 200 - Duration: 5605.7078ms
2026-05-03 10:14:22.277 +03:00 [DBG] Connection id "0HNL8SEB4QFGR" accepted.
2026-05-03 10:14:22.278 +03:00 [INF] Request starting HTTP/1.1 GET http://localhost:5000/css/site.css?v=Aa5S1apwjBo80EpKUWDH6cIuXRFhp0t2h1k5Gw8M7Z8 - null null
2026-05-03 10:14:22.279 +03:00 [DBG] Connection id "0HNL8SEB4QFGP" completed keep alive response.
2026-05-03 10:14:22.280 +03:00 [DBG] Connection id "0HNL8SEB4QFGR" started.
2026-05-03 10:14:22.284 +03:00 [DBG] The request is insecure. Skipping HSTS header.
2026-05-03 10:14:22.286 +03:00 [INF] Request starting HTTP/1.1 GET http://localhost:5000/js/app.js?v=eBefEm1W5c8xv3giYWeRrpeLcNbgDWb46thKIHsuxBU - null null
2026-05-03 10:14:22.287 +03:00 [INF] Request started: GET /css/site.css?v=Aa5S1apwjBo80EpKUWDH6cIuXRFhp0t2h1k5Gw8M7Z8
2026-05-03 10:14:22.287 +03:00 [INF] Request finished HTTP/1.1 GET http://localhost:5000/ - 200 null text/html; charset=utf-8 5651.8108ms
2026-05-03 10:14:22.289 +03:00 [DBG] The request is insecure. Skipping HSTS header.
2026-05-03 10:14:22.295 +03:00 [INF] Request started: GET /js/app.js?v=eBefEm1W5c8xv3giYWeRrpeLcNbgDWb46thKIHsuxBU
2026-05-03 10:14:22.305 +03:00 [INF] Sending file. Request path: '/css/site.css'. Physical path: 'C:\Users\vikto\OneDrive\Desktop\sem\DetectiveInterrogation\wwwroot\css\site.css'
2026-05-03 10:14:22.306 +03:00 [INF] Sending file. Request path: '/js/app.js'. Physical path: 'C:\Users\vikto\OneDrive\Desktop\sem\DetectiveInterrogation\wwwroot\js\app.js'
2026-05-03 10:14:22.307 +03:00 [INF] Request completed: GET /css/site.css?v=Aa5S1apwjBo80EpKUWDH6cIuXRFhp0t2h1k5Gw8M7Z8 - Status: 200 - Duration: 20.4372ms
2026-05-03 10:14:22.310 +03:00 [INF] Request completed: GET /js/app.js?v=eBefEm1W5c8xv3giYWeRrpeLcNbgDWb46thKIHsuxBU - Status: 200 - Duration: 14.5596ms
2026-05-03 10:14:22.311 +03:00 [DBG] Connection id "0HNL8SEB4QFGQ" completed keep alive response.
2026-05-03 10:14:22.313 +03:00 [DBG] Connection id "0HNL8SEB4QFGR" completed keep alive response.
2026-05-03 10:14:22.314 +03:00 [INF] Request finished HTTP/1.1 GET http://localhost:5000/css/site.css?v=Aa5S1apwjBo80EpKUWDH6cIuXRFhp0t2h1k5Gw8M7Z8 - 200 6098 text/css 35.4818ms
2026-05-03 10:14:22.314 +03:00 [INF] Request finished HTTP/1.1 GET http://localhost:5000/js/app.js?v=eBefEm1W5c8xv3giYWeRrpeLcNbgDWb46thKIHsuxBU - 200 11617 text/javascript 28.3576ms
2026-05-03 10:14:55.222 +03:00 [INF] Request starting HTTP/1.1 GET http://localhost:5000/cases - null null
2026-05-03 10:14:55.231 +03:00 [DBG] The request is insecure. Skipping HSTS header.
2026-05-03 10:14:55.233 +03:00 [INF] Request started: GET /cases
2026-05-03 10:14:55.235 +03:00 [DBG] The request path /cases does not match a supported file type
2026-05-03 10:14:55.240 +03:00 [DBG] 1 candidate(s) found for the request path '/cases'
2026-05-03 10:14:55.247 +03:00 [DBG] Endpoint 'DetectiveInterrogation.Controllers.PageController.Cases (DetectiveInterrogation)' with route pattern 'cases' is valid for the request path '/cases'
2026-05-03 10:14:55.250 +03:00 [DBG] Request matched endpoint 'DetectiveInterrogation.Controllers.PageController.Cases (DetectiveInterrogation)'
2026-05-03 10:14:55.255 +03:00 [DBG] AuthenticationScheme: Bearer was not authenticated.
2026-05-03 10:14:55.258 +03:00 [INF] Executing endpoint 'DetectiveInterrogation.Controllers.PageController.Cases (DetectiveInterrogation)'
2026-05-03 10:14:55.268 +03:00 [INF] Route matched with {action = "Cases", controller = "Page"}. Executing controller action with signature Microsoft.AspNetCore.Mvc.IActionResult Cases() on controller DetectiveInterrogation.Controllers.PageController (DetectiveInterrogation).
2026-05-03 10:14:55.278 +03:00 [DBG] Execution plan of authorization filters (in the following order): ["None"]
2026-05-03 10:14:55.287 +03:00 [DBG] Execution plan of resource filters (in the following order): ["Microsoft.AspNetCore.Mvc.ViewFeatures.Filters.SaveTempDataFilter"]
2026-05-03 10:14:55.293 +03:00 [DBG] Execution plan of action filters (in the following order): ["Microsoft.AspNetCore.Mvc.Filters.ControllerActionFilter (Order: -2147483648)","Microsoft.AspNetCore.Mvc.ModelBinding.UnsupportedContentTypeFilter (Order: -3000)"]
2026-05-03 10:14:55.302 +03:00 [DBG] Execution plan of exception filters (in the following order): ["None"]
2026-05-03 10:14:55.305 +03:00 [DBG] Execution plan of result filters (in the following order): ["Microsoft.AspNetCore.Mvc.ViewFeatures.Filters.SaveTempDataFilter"]
2026-05-03 10:14:55.313 +03:00 [DBG] Executing controller factory for controller DetectiveInterrogation.Controllers.PageController (DetectiveInterrogation)
2026-05-03 10:14:55.316 +03:00 [DBG] Executed controller factory for controller DetectiveInterrogation.Controllers.PageController (DetectiveInterrogation)
2026-05-03 10:14:55.665 +03:00 [DBG] Compilation of the generated code for the Razor file at 'C:\Users\vikto\OneDrive\Desktop\sem\DetectiveInterrogation\Views\Case\Index.cshtml' started.
2026-05-03 10:14:55.889 +03:00 [DBG] Compilation of the generated code for the Razor file at 'C:\Users\vikto\OneDrive\Desktop\sem\DetectiveInterrogation\Views\Case\Index.cshtml' completed in 222.2949ms.
2026-05-03 10:14:55.898 +03:00 [INF] Executing ViewResult, running view ~/Views/Case/Index.cshtml.
2026-05-03 10:14:55.900 +03:00 [DBG] The view path '/Views/Case/Index.cshtml' was found in 580.9897ms.
2026-05-03 10:14:55.909 +03:00 [DBG] View lookup cache miss for view '_Layout' in controller 'Page'.
2026-05-03 10:14:55.917 +03:00 [INF] Executed ViewResult - view ~/Views/Case/Index.cshtml executed in 597.175ms.
2026-05-03 10:14:55.919 +03:00 [INF] Executed action DetectiveInterrogation.Controllers.PageController.Cases (DetectiveInterrogation) in 606.7824ms
2026-05-03 10:14:55.921 +03:00 [INF] Executed endpoint 'DetectiveInterrogation.Controllers.PageController.Cases (DetectiveInterrogation)'
2026-05-03 10:14:55.923 +03:00 [INF] Request completed: GET /cases - Status: 200 - Duration: 689.9236ms
2026-05-03 10:14:55.923 +03:00 [INF] Request starting HTTP/1.1 GET http://localhost:5000/css/site.css?v=Aa5S1apwjBo80EpKUWDH6cIuXRFhp0t2h1k5Gw8M7Z8 - null null
2026-05-03 10:14:55.923 +03:00 [INF] Request starting HTTP/1.1 GET http://localhost:5000/js/app.js?v=eBefEm1W5c8xv3giYWeRrpeLcNbgDWb46thKIHsuxBU - null null
2026-05-03 10:14:55.925 +03:00 [DBG] Connection id "0HNL8SEB4QFGR" completed keep alive response.
2026-05-03 10:14:55.933 +03:00 [DBG] The request is insecure. Skipping HSTS header.
2026-05-03 10:14:55.938 +03:00 [DBG] The request is insecure. Skipping HSTS header.
2026-05-03 10:14:55.939 +03:00 [INF] Request finished HTTP/1.1 GET http://localhost:5000/cases - 200 null text/html; charset=utf-8 717.6966ms
2026-05-03 10:14:55.940 +03:00 [INF] Request started: GET /css/site.css?v=Aa5S1apwjBo80EpKUWDH6cIuXRFhp0t2h1k5Gw8M7Z8
2026-05-03 10:14:55.941 +03:00 [INF] Request started: GET /js/app.js?v=eBefEm1W5c8xv3giYWeRrpeLcNbgDWb46thKIHsuxBU
2026-05-03 10:14:55.953 +03:00 [INF] The file /css/site.css was not modified
2026-05-03 10:14:55.953 +03:00 [INF] The file /js/app.js was not modified
2026-05-03 10:14:55.957 +03:00 [DBG] Handled. Status code: 304 File: /css/site.css
2026-05-03 10:14:55.961 +03:00 [DBG] Handled. Status code: 304 File: /js/app.js
2026-05-03 10:14:55.963 +03:00 [INF] Request completed: GET /css/site.css?v=Aa5S1apwjBo80EpKUWDH6cIuXRFhp0t2h1k5Gw8M7Z8 - Status: 304 - Duration: 22.706ms
2026-05-03 10:14:55.965 +03:00 [INF] Request completed: GET /js/app.js?v=eBefEm1W5c8xv3giYWeRrpeLcNbgDWb46thKIHsuxBU - Status: 304 - Duration: 23.6082ms
2026-05-03 10:14:55.968 +03:00 [DBG] Connection id "0HNL8SEB4QFGQ" completed keep alive response.
2026-05-03 10:14:55.970 +03:00 [DBG] Connection id "0HNL8SEB4QFGP" completed keep alive response.
2026-05-03 10:14:55.971 +03:00 [INF] Request finished HTTP/1.1 GET http://localhost:5000/css/site.css?v=Aa5S1apwjBo80EpKUWDH6cIuXRFhp0t2h1k5Gw8M7Z8 - 304 null text/css 47.8749ms
2026-05-03 10:14:55.972 +03:00 [INF] Request finished HTTP/1.1 GET http://localhost:5000/js/app.js?v=eBefEm1W5c8xv3giYWeRrpeLcNbgDWb46thKIHsuxBU - 304 null text/javascript 48.8264ms
2026-05-03 10:14:55.988 +03:00 [INF] Request starting HTTP/1.1 GET http://localhost:5000/auth/login - null null
2026-05-03 10:14:55.993 +03:00 [DBG] The request is insecure. Skipping HSTS header.
2026-05-03 10:14:55.994 +03:00 [INF] Request started: GET /auth/login
2026-05-03 10:14:55.997 +03:00 [DBG] The request path /auth/login does not match a supported file type
2026-05-03 10:14:55.999 +03:00 [DBG] 1 candidate(s) found for the request path '/auth/login'
2026-05-03 10:14:56.001 +03:00 [DBG] Endpoint 'DetectiveInterrogation.Controllers.PageController.Login (DetectiveInterrogation)' with route pattern 'auth/login' is valid for the request path '/auth/login'
2026-05-03 10:14:56.004 +03:00 [DBG] Request matched endpoint 'DetectiveInterrogation.Controllers.PageController.Login (DetectiveInterrogation)'
2026-05-03 10:14:56.011 +03:00 [DBG] AuthenticationScheme: Bearer was not authenticated.
2026-05-03 10:14:56.013 +03:00 [INF] Executing endpoint 'DetectiveInterrogation.Controllers.PageController.Login (DetectiveInterrogation)'
2026-05-03 10:14:56.017 +03:00 [INF] Route matched with {action = "Login", controller = "Page"}. Executing controller action with signature Microsoft.AspNetCore.Mvc.IActionResult Login() on controller DetectiveInterrogation.Controllers.PageController (DetectiveInterrogation).
2026-05-03 10:14:56.025 +03:00 [DBG] Execution plan of authorization filters (in the following order): ["None"]
2026-05-03 10:14:56.029 +03:00 [DBG] Execution plan of resource filters (in the following order): ["Microsoft.AspNetCore.Mvc.ViewFeatures.Filters.SaveTempDataFilter"]
2026-05-03 10:14:56.032 +03:00 [DBG] Execution plan of action filters (in the following order): ["Microsoft.AspNetCore.Mvc.Filters.ControllerActionFilter (Order: -2147483648)","Microsoft.AspNetCore.Mvc.ModelBinding.UnsupportedContentTypeFilter (Order: -3000)"]
2026-05-03 10:14:56.035 +03:00 [DBG] Execution plan of exception filters (in the following order): ["None"]
2026-05-03 10:14:56.039 +03:00 [DBG] Execution plan of result filters (in the following order): ["Microsoft.AspNetCore.Mvc.ViewFeatures.Filters.SaveTempDataFilter"]
2026-05-03 10:14:56.042 +03:00 [DBG] Executing controller factory for controller DetectiveInterrogation.Controllers.PageController (DetectiveInterrogation)
2026-05-03 10:14:56.045 +03:00 [DBG] Executed controller factory for controller DetectiveInterrogation.Controllers.PageController (DetectiveInterrogation)
2026-05-03 10:14:56.304 +03:00 [DBG] Compilation of the generated code for the Razor file at 'C:\Users\vikto\OneDrive\Desktop\sem\DetectiveInterrogation\Views\Auth\Login.cshtml' started.
2026-05-03 10:14:56.526 +03:00 [DBG] Compilation of the generated code for the Razor file at 'C:\Users\vikto\OneDrive\Desktop\sem\DetectiveInterrogation\Views\Auth\Login.cshtml' completed in 217.1109ms.
2026-05-03 10:14:56.534 +03:00 [INF] Executing ViewResult, running view ~/Views/Auth/Login.cshtml.
2026-05-03 10:14:56.541 +03:00 [DBG] The view path '/Views/Auth/Login.cshtml' was found in 492.7626ms.
2026-05-03 10:14:56.557 +03:00 [DBG] View lookup cache hit for view '_Layout' in controller 'Page'.
2026-05-03 10:14:56.561 +03:00 [INF] Executed ViewResult - view ~/Views/Auth/Login.cshtml executed in 513.3672ms.
2026-05-03 10:14:56.566 +03:00 [INF] Executed action DetectiveInterrogation.Controllers.PageController.Login (DetectiveInterrogation) in 523.9485ms
2026-05-03 10:14:56.569 +03:00 [INF] Executed endpoint 'DetectiveInterrogation.Controllers.PageController.Login (DetectiveInterrogation)'
2026-05-03 10:14:56.571 +03:00 [INF] Request completed: GET /auth/login - Status: 200 - Duration: 576.2105ms
2026-05-03 10:14:56.574 +03:00 [DBG] Connection id "0HNL8SEB4QFGP" completed keep alive response.
2026-05-03 10:14:56.576 +03:00 [INF] Request finished HTTP/1.1 GET http://localhost:5000/auth/login - 200 null text/html; charset=utf-8 588.2754ms
2026-05-03 10:14:59.993 +03:00 [INF] Request starting HTTP/1.1 POST http://localhost:5000/api/Auth/login - application/json 45
2026-05-03 10:15:00.059 +03:00 [DBG] The request is insecure. Skipping HSTS header.
2026-05-03 10:15:00.061 +03:00 [INF] Request started: POST /api/Auth/login
2026-05-03 10:15:00.063 +03:00 [DBG] POST requests are not supported
2026-05-03 10:15:00.066 +03:00 [DBG] 1 candidate(s) found for the request path '/api/Auth/login'
2026-05-03 10:15:00.071 +03:00 [DBG] Endpoint 'DetectiveInterrogation.Controllers.AuthController.Login (DetectiveInterrogation)' with route pattern 'api/Auth/login' is valid for the request path '/api/Auth/login'
2026-05-03 10:15:00.074 +03:00 [DBG] Request matched endpoint 'DetectiveInterrogation.Controllers.AuthController.Login (DetectiveInterrogation)'
2026-05-03 10:15:00.076 +03:00 [DBG] AuthenticationScheme: Bearer was not authenticated.
2026-05-03 10:15:00.079 +03:00 [INF] Executing endpoint 'DetectiveInterrogation.Controllers.AuthController.Login (DetectiveInterrogation)'
2026-05-03 10:15:00.099 +03:00 [INF] Route matched with {action = "Login", controller = "Auth"}. Executing controller action with signature System.Threading.Tasks.Task`1[Microsoft.AspNetCore.Mvc.IActionResult] Login(DetectiveInterrogation.Controllers.LoginRequest) on controller DetectiveInterrogation.Controllers.AuthController (DetectiveInterrogation).
2026-05-03 10:15:00.104 +03:00 [DBG] Execution plan of authorization filters (in the following order): ["None"]
2026-05-03 10:15:00.110 +03:00 [DBG] Execution plan of resource filters (in the following order): ["Microsoft.AspNetCore.Mvc.ViewFeatures.Filters.SaveTempDataFilter"]
2026-05-03 10:15:00.115 +03:00 [DBG] Execution plan of action filters (in the following order): ["Microsoft.AspNetCore.Mvc.ModelBinding.UnsupportedContentTypeFilter (Order: -3000)","Microsoft.AspNetCore.Mvc.Infrastructure.ModelStateInvalidFilter (Order: -2000)"]
2026-05-03 10:15:00.121 +03:00 [DBG] Execution plan of exception filters (in the following order): ["None"]
2026-05-03 10:15:00.125 +03:00 [DBG] Execution plan of result filters (in the following order): ["Microsoft.AspNetCore.Mvc.ViewFeatures.Filters.SaveTempDataFilter","Microsoft.AspNetCore.Mvc.Infrastructure.ClientErrorResultFilter (Order: -2000)"]
2026-05-03 10:15:00.131 +03:00 [DBG] Executing controller factory for controller DetectiveInterrogation.Controllers.AuthController (DetectiveInterrogation)
2026-05-03 10:15:00.136 +03:00 [DBG] Executed controller factory for controller DetectiveInterrogation.Controllers.AuthController (DetectiveInterrogation)
2026-05-03 10:15:00.144 +03:00 [DBG] Attempting to bind parameter 'request' of type 'DetectiveInterrogation.Controllers.LoginRequest' ...
2026-05-03 10:15:00.149 +03:00 [DBG] Attempting to bind parameter 'request' of type 'DetectiveInterrogation.Controllers.LoginRequest' using the name '' in request data ...
2026-05-03 10:15:00.153 +03:00 [DBG] Selected input formatter 'Microsoft.AspNetCore.Mvc.Formatters.SystemTextJsonInputFormatter' for content type 'application/json'.
2026-05-03 10:15:00.178 +03:00 [DBG] Connection id "0HNL8SEB4QFGP", Request id "0HNL8SEB4QFGP:00000004": started reading request body.
2026-05-03 10:15:00.185 +03:00 [DBG] Connection id "0HNL8SEB4QFGP", Request id "0HNL8SEB4QFGP:00000004": done reading request body.
2026-05-03 10:15:00.197 +03:00 [DBG] JSON input formatter succeeded, deserializing to type 'DetectiveInterrogation.Controllers.LoginRequest'
2026-05-03 10:15:00.201 +03:00 [DBG] Done attempting to bind parameter 'request' of type 'DetectiveInterrogation.Controllers.LoginRequest'.
2026-05-03 10:15:00.202 +03:00 [DBG] Done attempting to bind parameter 'request' of type 'DetectiveInterrogation.Controllers.LoginRequest'.
2026-05-03 10:15:00.205 +03:00 [DBG] Attempting to validate the bound parameter 'request' of type 'DetectiveInterrogation.Controllers.LoginRequest' ...
2026-05-03 10:15:00.219 +03:00 [DBG] Done attempting to validate the bound parameter 'request' of type 'DetectiveInterrogation.Controllers.LoginRequest'.
2026-05-03 10:15:00.249 +03:00 [DBG] Entity Framework Core 8.0.4 initialized 'AppDbContext' using provider 'Npgsql.EntityFrameworkCore.PostgreSQL:8.0.4+51faf6e9c9c7ef99c3e98d98a96adb8fa8ae4553' with options: None
2026-05-03 10:15:00.264 +03:00 [DBG] Compiling query expression: 
'DbSet<User>()
    .SingleOrDefault(u => u.Username == __username_0)'
2026-05-03 10:15:00.344 +03:00 [DBG] Generated query execution expression: 
'queryContext => ShapedQueryCompilingExpressionVisitor.SingleOrDefaultAsync<User>(
    asyncEnumerable: new SingleQueryingEnumerable<User>(
        (RelationalQueryContext)queryContext, 
        RelationalCommandCache.QueryExpression(
            Projection Mapping:
                EmptyProjectionMember -> Dictionary<IProperty, int> { [Property: User.Id (int) Required PK AfterSave:Throw ValueGenerated.OnAdd, 0], [Property: User.Email (string) Required Index MaxLength(255), 1], [Property: User.PasswordHash (string) Required, 2], [Property: User.Role (string) Required ValueGenerated.OnAdd MaxLength(32), 3], [Property: User.Username (string) Required Index MaxLength(50), 4] }
            SELECT TOP(2) u.Id, u.Email, u.PasswordHash, u.Role, u.Username
            FROM Users AS u
            WHERE u.Username == @__username_0), 
        null, 
        Func<QueryContext, DbDataReader, ResultContext, SingleQueryResultCoordinator, User>, 
        DetectiveInterrogation.Data.AppDbContext, 
        False, 
        False, 
        True
    ), 
    cancellationToken: queryContext.CancellationToken)'
2026-05-03 10:15:00.372 +03:00 [DBG] Creating DbConnection.
2026-05-03 10:15:00.376 +03:00 [DBG] Created DbConnection. (3ms).
2026-05-03 10:15:00.386 +03:00 [DBG] Opening connection to database 'DetectiveInterrogation' on server 'tcp://localhost:5432'.
2026-05-03 10:15:00.393 +03:00 [DBG] Opened connection to database 'DetectiveInterrogation' on server 'tcp://localhost:5432'.
2026-05-03 10:15:00.396 +03:00 [DBG] Creating DbCommand for 'ExecuteReader'.
2026-05-03 10:15:00.399 +03:00 [DBG] Created DbCommand for 'ExecuteReader' (2ms).
2026-05-03 10:15:00.407 +03:00 [DBG] Initialized DbCommand for 'ExecuteReader' (10ms).
2026-05-03 10:15:00.416 +03:00 [DBG] Executing DbCommand [Parameters=[@__username_0='?'], CommandType='"Text"', CommandTimeout='30']
SELECT u."Id", u."Email", u."PasswordHash", u."Role", u."Username"
FROM "Users" AS u
WHERE u."Username" = @__username_0
LIMIT 2
2026-05-03 10:15:00.454 +03:00 [INF] Executed DbCommand (42ms) [Parameters=[@__username_0='?'], CommandType='"Text"', CommandTimeout='30']
SELECT u."Id", u."Email", u."PasswordHash", u."Role", u."Username"
FROM "Users" AS u
WHERE u."Username" = @__username_0
LIMIT 2
2026-05-03 10:15:00.528 +03:00 [DBG] Context 'AppDbContext' started tracking 'User' entity. Consider using 'DbContextOptionsBuilder.EnableSensitiveDataLogging' to see key values.
2026-05-03 10:15:00.572 +03:00 [DBG] Closing data reader to 'DetectiveInterrogation' on server 'tcp://localhost:5432'.
2026-05-03 10:15:00.578 +03:00 [DBG] A data reader for 'DetectiveInterrogation' on server 'tcp://localhost:5432' is being disposed after spending 117ms reading results.
2026-05-03 10:15:00.590 +03:00 [DBG] Closing connection to database 'DetectiveInterrogation' on server 'tcp://localhost:5432'.
2026-05-03 10:15:00.596 +03:00 [DBG] Closed connection to database 'DetectiveInterrogation' on server 'tcp://localhost:5432' (6ms).
2026-05-03 10:15:01.450 +03:00 [INF] User player logged in successfully
2026-05-03 10:15:01.459 +03:00 [DBG] List of registered output formatters, in the following order: ["Microsoft.AspNetCore.Mvc.Formatters.HttpNoContentOutputFormatter","Microsoft.AspNetCore.Mvc.Formatters.StringOutputFormatter","Microsoft.AspNetCore.Mvc.Formatters.StreamOutputFormatter","Microsoft.AspNetCore.Mvc.Formatters.SystemTextJsonOutputFormatter"]
2026-05-03 10:15:01.472 +03:00 [DBG] No information found on request to perform content negotiation.
2026-05-03 10:15:01.477 +03:00 [DBG] Attempting to select an output formatter without using a content type as no explicit content types were specified for the response.
2026-05-03 10:15:01.480 +03:00 [DBG] Attempting to select the first formatter in the output formatters list which can write the result.
2026-05-03 10:15:01.488 +03:00 [DBG] Selected output formatter 'Microsoft.AspNetCore.Mvc.Formatters.SystemTextJsonOutputFormatter' and content type 'application/json' to write the response.
2026-05-03 10:15:01.492 +03:00 [INF] Executing OkObjectResult, writing value of type '<>f__AnonymousType1`2[[System.String, System.Private.CoreLib, Version=8.0.0.0, Culture=neutral, PublicKeyToken=7cec85d7bea7798e],[System.String, System.Private.CoreLib, Version=8.0.0.0, Culture=neutral, PublicKeyToken=7cec85d7bea7798e]]'.
2026-05-03 10:15:01.518 +03:00 [INF] Executed action DetectiveInterrogation.Controllers.AuthController.Login (DetectiveInterrogation) in 1387.8495ms
2026-05-03 10:15:01.524 +03:00 [INF] Executed endpoint 'DetectiveInterrogation.Controllers.AuthController.Login (DetectiveInterrogation)'
2026-05-03 10:15:01.527 +03:00 [INF] Request completed: POST /api/Auth/login - Status: 200 - Duration: 1466.7699ms
2026-05-03 10:15:01.532 +03:00 [DBG] Connection id "0HNL8SEB4QFGP" completed keep alive response.
2026-05-03 10:15:01.534 +03:00 [DBG] 'AppDbContext' disposed.
2026-05-03 10:15:01.540 +03:00 [DBG] Disposing connection to database 'DetectiveInterrogation' on server 'tcp://localhost:5432'.
2026-05-03 10:15:01.542 +03:00 [DBG] Disposed connection to database 'DetectiveInterrogation' on server 'tcp://localhost:5432' (2ms).
2026-05-03 10:15:01.547 +03:00 [INF] Request finished HTTP/1.1 POST http://localhost:5000/api/Auth/login - 200 null application/json; charset=utf-8 1553.8183ms
2026-05-03 10:15:01.558 +03:00 [INF] Request starting HTTP/1.1 GET http://localhost:5000/cases - null null
2026-05-03 10:15:01.567 +03:00 [DBG] The request is insecure. Skipping HSTS header.
2026-05-03 10:15:01.571 +03:00 [INF] Request started: GET /cases
2026-05-03 10:15:01.578 +03:00 [DBG] The request path /cases does not match a supported file type
2026-05-03 10:15:01.583 +03:00 [DBG] 1 candidate(s) found for the request path '/cases'
2026-05-03 10:15:01.587 +03:00 [DBG] Endpoint 'DetectiveInterrogation.Controllers.PageController.Cases (DetectiveInterrogation)' with route pattern 'cases' is valid for the request path '/cases'
2026-05-03 10:15:01.593 +03:00 [DBG] Request matched endpoint 'DetectiveInterrogation.Controllers.PageController.Cases (DetectiveInterrogation)'
2026-05-03 10:15:01.597 +03:00 [DBG] AuthenticationScheme: Bearer was not authenticated.
2026-05-03 10:15:01.601 +03:00 [INF] Executing endpoint 'DetectiveInterrogation.Controllers.PageController.Cases (DetectiveInterrogation)'
2026-05-03 10:15:01.605 +03:00 [INF] Route matched with {action = "Cases", controller = "Page"}. Executing controller action with signature Microsoft.AspNetCore.Mvc.IActionResult Cases() on controller DetectiveInterrogation.Controllers.PageController (DetectiveInterrogation).
2026-05-03 10:15:01.611 +03:00 [DBG] Execution plan of authorization filters (in the following order): ["None"]
2026-05-03 10:15:01.620 +03:00 [DBG] Execution plan of resource filters (in the following order): ["Microsoft.AspNetCore.Mvc.ViewFeatures.Filters.SaveTempDataFilter"]
2026-05-03 10:15:01.629 +03:00 [DBG] Execution plan of action filters (in the following order): ["Microsoft.AspNetCore.Mvc.Filters.ControllerActionFilter (Order: -2147483648)","Microsoft.AspNetCore.Mvc.ModelBinding.UnsupportedContentTypeFilter (Order: -3000)"]
2026-05-03 10:15:01.638 +03:00 [DBG] Execution plan of exception filters (in the following order): ["None"]
2026-05-03 10:15:01.642 +03:00 [DBG] Execution plan of result filters (in the following order): ["Microsoft.AspNetCore.Mvc.ViewFeatures.Filters.SaveTempDataFilter"]
2026-05-03 10:15:01.647 +03:00 [DBG] Executing controller factory for controller DetectiveInterrogation.Controllers.PageController (DetectiveInterrogation)
2026-05-03 10:15:01.653 +03:00 [DBG] Executed controller factory for controller DetectiveInterrogation.Controllers.PageController (DetectiveInterrogation)
2026-05-03 10:15:01.659 +03:00 [INF] Executing ViewResult, running view ~/Views/Case/Index.cshtml.
2026-05-03 10:15:01.662 +03:00 [DBG] The view path '/Views/Case/Index.cshtml' was found in 3.8892ms.
2026-05-03 10:15:01.666 +03:00 [DBG] View lookup cache hit for view '_Layout' in controller 'Page'.
2026-05-03 10:15:01.671 +03:00 [INF] Executed ViewResult - view ~/Views/Case/Index.cshtml executed in 12.5514ms.
2026-05-03 10:15:01.674 +03:00 [INF] Executed action DetectiveInterrogation.Controllers.PageController.Cases (DetectiveInterrogation) in 26.3093ms
2026-05-03 10:15:01.676 +03:00 [INF] Executed endpoint 'DetectiveInterrogation.Controllers.PageController.Cases (DetectiveInterrogation)'
2026-05-03 10:15:01.678 +03:00 [INF] Request completed: GET /cases - Status: 200 - Duration: 107.0473ms
2026-05-03 10:15:01.680 +03:00 [DBG] Connection id "0HNL8SEB4QFGP" completed keep alive response.
2026-05-03 10:15:01.682 +03:00 [INF] Request finished HTTP/1.1 GET http://localhost:5000/cases - 200 null text/html; charset=utf-8 123.1785ms
2026-05-03 10:15:01.700 +03:00 [INF] Request starting HTTP/1.1 GET http://localhost:5000/api/Case - application/json null
2026-05-03 10:15:01.711 +03:00 [DBG] The request is insecure. Skipping HSTS header.
2026-05-03 10:15:01.712 +03:00 [INF] Request started: GET /api/Case
2026-05-03 10:15:01.713 +03:00 [DBG] The request path /api/Case does not match a supported file type
2026-05-03 10:15:01.721 +03:00 [DBG] 1 candidate(s) found for the request path '/api/Case'
2026-05-03 10:15:01.722 +03:00 [DBG] Endpoint 'DetectiveInterrogation.Controllers.CaseController.GetAllCases (DetectiveInterrogation)' with route pattern 'api/Case' is valid for the request path '/api/Case'
2026-05-03 10:15:01.727 +03:00 [DBG] Request matched endpoint 'DetectiveInterrogation.Controllers.CaseController.GetAllCases (DetectiveInterrogation)'
2026-05-03 10:15:01.796 +03:00 [DBG] Successfully validated the token.
2026-05-03 10:15:01.799 +03:00 [DBG] AuthenticationScheme: Bearer was successfully authenticated.
2026-05-03 10:15:01.807 +03:00 [DBG] Authorization was successful.
2026-05-03 10:15:01.809 +03:00 [INF] Executing endpoint 'DetectiveInterrogation.Controllers.CaseController.GetAllCases (DetectiveInterrogation)'
2026-05-03 10:15:01.817 +03:00 [INF] Route matched with {action = "GetAllCases", controller = "Case"}. Executing controller action with signature System.Threading.Tasks.Task`1[Microsoft.AspNetCore.Mvc.IActionResult] GetAllCases() on controller DetectiveInterrogation.Controllers.CaseController (DetectiveInterrogation).
2026-05-03 10:15:01.821 +03:00 [DBG] Execution plan of authorization filters (in the following order): ["None"]
2026-05-03 10:15:01.824 +03:00 [DBG] Execution plan of resource filters (in the following order): ["Microsoft.AspNetCore.Mvc.ViewFeatures.Filters.SaveTempDataFilter"]
2026-05-03 10:15:01.828 +03:00 [DBG] Execution plan of action filters (in the following order): ["Microsoft.AspNetCore.Mvc.ModelBinding.UnsupportedContentTypeFilter (Order: -3000)","Microsoft.AspNetCore.Mvc.Infrastructure.ModelStateInvalidFilter (Order: -2000)"]
2026-05-03 10:15:01.835 +03:00 [DBG] Execution plan of exception filters (in the following order): ["None"]
2026-05-03 10:15:01.839 +03:00 [DBG] Execution plan of result filters (in the following order): ["Microsoft.AspNetCore.Mvc.ViewFeatures.Filters.SaveTempDataFilter","Microsoft.AspNetCore.Mvc.Infrastructure.ClientErrorResultFilter (Order: -2000)"]
2026-05-03 10:15:01.847 +03:00 [DBG] Executing controller factory for controller DetectiveInterrogation.Controllers.CaseController (DetectiveInterrogation)
2026-05-03 10:15:01.853 +03:00 [DBG] Executed controller factory for controller DetectiveInterrogation.Controllers.CaseController (DetectiveInterrogation)
2026-05-03 10:15:01.982 +03:00 [DBG] Entity Framework Core 8.0.4 initialized 'AppDbContext' using provider 'Npgsql.EntityFrameworkCore.PostgreSQL:8.0.4+51faf6e9c9c7ef99c3e98d98a96adb8fa8ae4553' with options: None
2026-05-03 10:15:02.001 +03:00 [DBG] Compiling query expression: 
'DbSet<Case>()
    .Include(c => c.Suspects)
    .Include(c => c.Evidence)'
2026-05-03 10:15:02.023 +03:00 [DBG] Including navigation: 'Case.Suspects'.
2026-05-03 10:15:02.029 +03:00 [DBG] Including navigation: 'Case.Evidence'.
2026-05-03 10:15:02.155 +03:00 [WRN] Compiling a query which loads related collections for more than one collection navigation, either via 'Include' or through projection, but no 'QuerySplittingBehavior' has been configured. By default, Entity Framework will use 'QuerySplittingBehavior.SingleQuery', which can potentially result in slow query performance. See https://go.microsoft.com/fwlink/?linkid=2134277 for more information. To identify the query that's triggering this warning call 'ConfigureWarnings(w => w.Throw(RelationalEventId.MultipleCollectionIncludeWarning))'.
2026-05-03 10:15:02.171 +03:00 [DBG] Generated query execution expression: 
'queryContext => new SingleQueryingEnumerable<Case>(
    (RelationalQueryContext)queryContext, 
    RelationalCommandCache.QueryExpression(
        Client Projections:
            0 -> Dictionary<IProperty, int> { [Property: Case.Id (int) Required PK AfterSave:Throw ValueGenerated.OnAdd, 0], [Property: Case.FullDescription (string), 1], [Property: Case.NewspaperText (string), 2], [Property: Case.ShortDescription (string), 3], [Property: Case.Title (string) Required MaxLength(255), 4] }
            1 -> 0
            2 -> Dictionary<IProperty, int> { [Property: Suspect.Id (int) Required PK AfterSave:Throw ValueGenerated.OnAdd, 5], [Property: Suspect.CaseId (int) Required FK Index, 6], [Property: Suspect.Description (string), 7], [Property: Suspect.InitialAggression (int) Required ValueGenerated.OnAdd, 8], [Property: Suspect.InitialTrust (int) Required ValueGenerated.OnAdd, 9], [Property: Suspect.IsGuilty (bool) Required, 10], [Property: Suspect.Name (string) Required MaxLength(255), 11] }
            3 -> 5
            4 -> Dictionary<IProperty, int> { [Property: Evidence.Id (int) Required PK AfterSave:Throw ValueGenerated.OnAdd, 12], [Property: Evidence.CaseId (int) Required FK Index, 13], [Property: Evidence.FullText (string), 14], [Property: Evidence.ShortText (string), 15], [Property: Evidence.Title (string) Required MaxLength(255), 16] }
            5 -> 12
        SELECT c.Id, c.FullDescription, c.NewspaperText, c.ShortDescription, c.Title, s.Id, s.CaseId, s.Description, s.InitialAggression, s.InitialTrust, s.IsGuilty, s.Name, e.Id, e.CaseId, e.FullText, e.ShortText, e.Title
        FROM Cases AS c
        LEFT JOIN Suspects AS s ON c.Id == s.CaseId
        LEFT JOIN Evidence AS e ON c.Id == e.CaseId
        ORDER BY c.Id ASC, s.Id ASC), 
    null, 
    Func<QueryContext, DbDataReader, ResultContext, SingleQueryResultCoordinator, Case>, 
    DetectiveInterrogation.Data.AppDbContext, 
    False, 
    False, 
    True
)'
2026-05-03 10:15:02.182 +03:00 [DBG] Creating DbConnection.
2026-05-03 10:15:02.187 +03:00 [DBG] Created DbConnection. (4ms).
2026-05-03 10:15:02.192 +03:00 [DBG] Opening connection to database 'DetectiveInterrogation' on server 'tcp://localhost:5432'.
2026-05-03 10:15:02.201 +03:00 [DBG] Opened connection to database 'DetectiveInterrogation' on server 'tcp://localhost:5432'.
2026-05-03 10:15:02.208 +03:00 [DBG] Creating DbCommand for 'ExecuteReader'.
2026-05-03 10:15:02.217 +03:00 [DBG] Created DbCommand for 'ExecuteReader' (8ms).
2026-05-03 10:15:02.224 +03:00 [DBG] Initialized DbCommand for 'ExecuteReader' (16ms).
2026-05-03 10:15:02.230 +03:00 [DBG] Executing DbCommand [Parameters=[], CommandType='"Text"', CommandTimeout='30']
SELECT c."Id", c."FullDescription", c."NewspaperText", c."ShortDescription", c."Title", s."Id", s."CaseId", s."Description", s."InitialAggression", s."InitialTrust", s."IsGuilty", s."Name", e."Id", e."CaseId", e."FullText", e."ShortText", e."Title"
FROM "Cases" AS c
LEFT JOIN "Suspects" AS s ON c."Id" = s."CaseId"
LEFT JOIN "Evidence" AS e ON c."Id" = e."CaseId"
ORDER BY c."Id", s."Id"
2026-05-03 10:15:02.245 +03:00 [INF] Executed DbCommand (15ms) [Parameters=[], CommandType='"Text"', CommandTimeout='30']
SELECT c."Id", c."FullDescription", c."NewspaperText", c."ShortDescription", c."Title", s."Id", s."CaseId", s."Description", s."InitialAggression", s."InitialTrust", s."IsGuilty", s."Name", e."Id", e."CaseId", e."FullText", e."ShortText", e."Title"
FROM "Cases" AS c
LEFT JOIN "Suspects" AS s ON c."Id" = s."CaseId"
LEFT JOIN "Evidence" AS e ON c."Id" = e."CaseId"
ORDER BY c."Id", s."Id"
2026-05-03 10:15:02.271 +03:00 [DBG] Context 'AppDbContext' started tracking 'Case' entity. Consider using 'DbContextOptionsBuilder.EnableSensitiveDataLogging' to see key values.
2026-05-03 10:15:02.328 +03:00 [DBG] Context 'AppDbContext' started tracking 'Suspect' entity. Consider using 'DbContextOptionsBuilder.EnableSensitiveDataLogging' to see key values.
2026-05-03 10:15:02.355 +03:00 [DBG] Context 'AppDbContext' started tracking 'Evidence' entity. Consider using 'DbContextOptionsBuilder.EnableSensitiveDataLogging' to see key values.
2026-05-03 10:15:02.368 +03:00 [DBG] Context 'AppDbContext' started tracking 'Evidence' entity. Consider using 'DbContextOptionsBuilder.EnableSensitiveDataLogging' to see key values.
2026-05-03 10:15:02.372 +03:00 [DBG] Context 'AppDbContext' started tracking 'Evidence' entity. Consider using 'DbContextOptionsBuilder.EnableSensitiveDataLogging' to see key values.
2026-05-03 10:15:02.377 +03:00 [DBG] Context 'AppDbContext' started tracking 'Suspect' entity. Consider using 'DbContextOptionsBuilder.EnableSensitiveDataLogging' to see key values.
2026-05-03 10:15:02.382 +03:00 [DBG] Closing data reader to 'DetectiveInterrogation' on server 'tcp://localhost:5432'.
2026-05-03 10:15:02.388 +03:00 [DBG] A data reader for 'DetectiveInterrogation' on server 'tcp://localhost:5432' is being disposed after spending 133ms reading results.
2026-05-03 10:15:02.392 +03:00 [DBG] Closing connection to database 'DetectiveInterrogation' on server 'tcp://localhost:5432'.
2026-05-03 10:15:02.398 +03:00 [DBG] Closed connection to database 'DetectiveInterrogation' on server 'tcp://localhost:5432' (5ms).
2026-05-03 10:15:02.406 +03:00 [DBG] List of registered output formatters, in the following order: ["Microsoft.AspNetCore.Mvc.Formatters.HttpNoContentOutputFormatter","Microsoft.AspNetCore.Mvc.Formatters.StringOutputFormatter","Microsoft.AspNetCore.Mvc.Formatters.StreamOutputFormatter","Microsoft.AspNetCore.Mvc.Formatters.SystemTextJsonOutputFormatter"]
2026-05-03 10:15:02.420 +03:00 [DBG] No information found on request to perform content negotiation.
2026-05-03 10:15:02.425 +03:00 [DBG] Attempting to select an output formatter without using a content type as no explicit content types were specified for the response.
2026-05-03 10:15:02.430 +03:00 [DBG] Attempting to select the first formatter in the output formatters list which can write the result.
2026-05-03 10:15:02.436 +03:00 [DBG] Selected output formatter 'Microsoft.AspNetCore.Mvc.Formatters.SystemTextJsonOutputFormatter' and content type 'application/json' to write the response.
2026-05-03 10:15:02.443 +03:00 [INF] Executing OkObjectResult, writing value of type 'System.Collections.Generic.List`1[[DetectiveInterrogation.Models.Entities.Case, DetectiveInterrogation, Version=1.0.0.0, Culture=neutral, PublicKeyToken=null]]'.
2026-05-03 10:15:02.490 +03:00 [INF] Executed action DetectiveInterrogation.Controllers.CaseController.GetAllCases (DetectiveInterrogation) in 643.4169ms
2026-05-03 10:15:02.499 +03:00 [INF] Executed endpoint 'DetectiveInterrogation.Controllers.CaseController.GetAllCases (DetectiveInterrogation)'
2026-05-03 10:15:02.507 +03:00 [ERR] An unhandled exception occurred
System.Text.Json.JsonException: A possible object cycle was detected. This can either be due to a cycle or if the object depth is larger than the maximum allowed depth of 32. Consider using ReferenceHandler.Preserve on JsonSerializerOptions to support cycles. Path: $.Suspects.Case.Suspects.Case.Suspects.Case.Suspects.Case.Suspects.Case.Suspects.Case.Suspects.Case.Suspects.Case.Suspects.Case.Suspects.Case.Id.
   at System.Text.Json.ThrowHelper.ThrowJsonException_SerializerCycleDetected(Int32 maxDepth)
   at System.Text.Json.Serialization.JsonConverter`1.TryWrite(Utf8JsonWriter writer, T& value, JsonSerializerOptions options, WriteStack& state)
   at System.Text.Json.Serialization.Metadata.JsonPropertyInfo`1.GetMemberAndWriteJson(Object obj, WriteStack& state, Utf8JsonWriter writer)
   at System.Text.Json.Serialization.Converters.ObjectDefaultConverter`1.OnTryWrite(Utf8JsonWriter writer, T value, JsonSerializerOptions options, WriteStack& state)
   at System.Text.Json.Serialization.JsonConverter`1.TryWrite(Utf8JsonWriter writer, T& value, JsonSerializerOptions options, WriteStack& state)
   at System.Text.Json.Serialization.Metadata.JsonPropertyInfo`1.GetMemberAndWriteJson(Object obj, WriteStack& state, Utf8JsonWriter writer)
   at System.Text.Json.Serialization.Converters.ObjectDefaultConverter`1.OnTryWrite(Utf8JsonWriter writer, T value, JsonSerializerOptions options, WriteStack& state)
   at System.Text.Json.Serialization.JsonConverter`1.TryWrite(Utf8JsonWriter writer, T& value, JsonSerializerOptions options, WriteStack& state)
   at System.Text.Json.Serialization.Converters.IEnumerableDefaultConverter`2.OnWriteResume(Utf8JsonWriter writer, TCollection value, JsonSerializerOptions options, WriteStack& state)
   at System.Text.Json.Serialization.JsonCollectionConverter`2.OnTryWrite(Utf8JsonWriter writer, TCollection value, JsonSerializerOptions options, WriteStack& state)
   at System.Text.Json.Serialization.JsonConverter`1.TryWrite(Utf8JsonWriter writer, T& value, JsonSerializerOptions options, WriteStack& state)
   at System.Text.Json.Serialization.Metadata.JsonPropertyInfo`1.GetMemberAndWriteJson(Object obj, WriteStack& state, Utf8JsonWriter writer)
   at System.Text.Json.Serialization.Converters.ObjectDefaultConverter`1.OnTryWrite(Utf8JsonWriter writer, T value, JsonSerializerOptions options, WriteStack& state)
   at System.Text.Json.Serialization.JsonConverter`1.TryWrite(Utf8JsonWriter writer, T& value, JsonSerializerOptions options, WriteStack& state)
   at System.Text.Json.Serialization.Metadata.JsonPropertyInfo`1.GetMemberAndWriteJson(Object obj, WriteStack& state, Utf8JsonWriter writer)
   at System.Text.Json.Serialization.Converters.ObjectDefaultConverter`1.OnTryWrite(Utf8JsonWriter writer, T value, JsonSerializerOptions options, WriteStack& state)
   at System.Text.Json.Serialization.JsonConverter`1.TryWrite(Utf8JsonWriter writer, T& value, JsonSerializerOptions options, WriteStack& state)
   at System.Text.Json.Serialization.Converters.IEnumerableDefaultConverter`2.OnWriteResume(Utf8JsonWriter writer, TCollection value, JsonSerializerOptions options, WriteStack& state)
   at System.Text.Json.Serialization.JsonCollectionConverter`2.OnTryWrite(Utf8JsonWriter writer, TCollection value, JsonSerializerOptions options, WriteStack& state)
   at System.Text.Json.Serialization.JsonConverter`1.TryWrite(Utf8JsonWriter writer, T& value, JsonSerializerOptions options, WriteStack& state)
   at System.Text.Json.Serialization.Metadata.JsonPropertyInfo`1.GetMemberAndWriteJson(Object obj, WriteStack& state, Utf8JsonWriter writer)
   at System.Text.Json.Serialization.Converters.ObjectDefaultConverter`1.OnTryWrite(Utf8JsonWriter writer, T value, JsonSerializerOptions options, WriteStack& state)
   at System.Text.Json.Serialization.JsonConverter`1.TryWrite(Utf8JsonWriter writer, T& value, JsonSerializerOptions options, WriteStack& state)
   at System.Text.Json.Serialization.Metadata.JsonPropertyInfo`1.GetMemberAndWriteJson(Object obj, WriteStack& state, Utf8JsonWriter writer)
   at System.Text.Json.Serialization.Converters.ObjectDefaultConverter`1.OnTryWrite(Utf8JsonWriter writer, T value, JsonSerializerOptions options, WriteStack& state)
   at System.Text.Json.Serialization.JsonConverter`1.TryWrite(Utf8JsonWriter writer, T& value, JsonSerializerOptions options, WriteStack& state)
   at System.Text.Json.Serialization.Converters.IEnumerableDefaultConverter`2.OnWriteResume(Utf8JsonWriter writer, TCollection value, JsonSerializerOptions options, WriteStack& state)
   at System.Text.Json.Serialization.JsonCollectionConverter`2.OnTryWrite(Utf8JsonWriter writer, TCollection value, JsonSerializerOptions options, WriteStack& state)
   at System.Text.Json.Serialization.JsonConverter`1.TryWrite(Utf8JsonWriter writer, T& value, JsonSerializerOptions options, WriteStack& state)
   at System.Text.Json.Serialization.Metadata.JsonPropertyInfo`1.GetMemberAndWriteJson(Object obj, WriteStack& state, Utf8JsonWriter writer)
   at System.Text.Json.Serialization.Converters.ObjectDefaultConverter`1.OnTryWrite(Utf8JsonWriter writer, T value, JsonSerializerOptions options, WriteStack& state)
   at System.Text.Json.Serialization.JsonConverter`1.TryWrite(Utf8JsonWriter writer, T& value, JsonSerializerOptions options, WriteStack& state)
   at System.Text.Json.Serialization.Metadata.JsonPropertyInfo`1.GetMemberAndWriteJson(Object obj, WriteStack& state, Utf8JsonWriter writer)
   at System.Text.Json.Serialization.Converters.ObjectDefaultConverter`1.OnTryWrite(Utf8JsonWriter writer, T value, JsonSerializerOptions options, WriteStack& state)
   at System.Text.Json.Serialization.JsonConverter`1.TryWrite(Utf8JsonWriter writer, T& value, JsonSerializerOptions options, WriteStack& state)
   at System.Text.Json.Serialization.Converters.IEnumerableDefaultConverter`2.OnWriteResume(Utf8JsonWriter writer, TCollection value, JsonSerializerOptions options, WriteStack& state)
   at System.Text.Json.Serialization.JsonCollectionConverter`2.OnTryWrite(Utf8JsonWriter writer, TCollection value, JsonSerializerOptions options, WriteStack& state)
   at System.Text.Json.Serialization.JsonConverter`1.TryWrite(Utf8JsonWriter writer, T& value, JsonSerializerOptions options, WriteStack& state)
   at System.Text.Json.Serialization.Metadata.JsonPropertyInfo`1.GetMemberAndWriteJson(Object obj, WriteStack& state, Utf8JsonWriter writer)
   at System.Text.Json.Serialization.Converters.ObjectDefaultConverter`1.OnTryWrite(Utf8JsonWriter writer, T value, JsonSerializerOptions options, WriteStack& state)
   at System.Text.Json.Serialization.JsonConverter`1.TryWrite(Utf8JsonWriter writer, T& value, JsonSerializerOptions options, WriteStack& state)
   at System.Text.Json.Serialization.Metadata.JsonPropertyInfo`1.GetMemberAndWriteJson(Object obj, WriteStack& state, Utf8JsonWriter writer)
   at System.Text.Json.Serialization.Converters.ObjectDefaultConverter`1.OnTryWrite(Utf8JsonWriter writer, T value, JsonSerializerOptions options, WriteStack& state)
   at System.Text.Json.Serialization.JsonConverter`1.TryWrite(Utf8JsonWriter writer, T& value, JsonSerializerOptions options, WriteStack& state)
   at System.Text.Json.Serialization.Converters.IEnumerableDefaultConverter`2.OnWriteResume(Utf8JsonWriter writer, TCollection value, JsonSerializerOptions options, WriteStack& state)
   at System.Text.Json.Serialization.JsonCollectionConverter`2.OnTryWrite(Utf8JsonWriter writer, TCollection value, JsonSerializerOptions options, WriteStack& state)
   at System.Text.Json.Serialization.JsonConverter`1.TryWrite(Utf8JsonWriter writer, T& value, JsonSerializerOptions options, WriteStack& state)
   at System.Text.Json.Serialization.Metadata.JsonPropertyInfo`1.GetMemberAndWriteJson(Object obj, WriteStack& state, Utf8JsonWriter writer)
   at System.Text.Json.Serialization.Converters.ObjectDefaultConverter`1.OnTryWrite(Utf8JsonWriter writer, T value, JsonSerializerOptions options, WriteStack& state)
   at System.Text.Json.Serialization.JsonConverter`1.TryWrite(Utf8JsonWriter writer, T& value, JsonSerializerOptions options, WriteStack& state)
   at System.Text.Json.Serialization.Metadata.JsonPropertyInfo`1.GetMemberAndWriteJson(Object obj, WriteStack& state, Utf8JsonWriter writer)
   at System.Text.Json.Serialization.Converters.ObjectDefaultConverter`1.OnTryWrite(Utf8JsonWriter writer, T value, JsonSerializerOptions options, WriteStack& state)
   at System.Text.Json.Serialization.JsonConverter`1.TryWrite(Utf8JsonWriter writer, T& value, JsonSerializerOptions options, WriteStack& state)
   at System.Text.Json.Serialization.Converters.IEnumerableDefaultConverter`2.OnWriteResume(Utf8JsonWriter writer, TCollection value, JsonSerializerOptions options, WriteStack& state)
   at System.Text.Json.Serialization.JsonCollectionConverter`2.OnTryWrite(Utf8JsonWriter writer, TCollection value, JsonSerializerOptions options, WriteStack& state)
   at System.Text.Json.Serialization.JsonConverter`1.TryWrite(Utf8JsonWriter writer, T& value, JsonSerializerOptions options, WriteStack& state)
   at System.Text.Json.Serialization.Metadata.JsonPropertyInfo`1.GetMemberAndWriteJson(Object obj, WriteStack& state, Utf8JsonWriter writer)
   at System.Text.Json.Serialization.Converters.ObjectDefaultConverter`1.OnTryWrite(Utf8JsonWriter writer, T value, JsonSerializerOptions options, WriteStack& state)
   at System.Text.Json.Serialization.JsonConverter`1.TryWrite(Utf8JsonWriter writer, T& value, JsonSerializerOptions options, WriteStack& state)
   at System.Text.Json.Serialization.Metadata.JsonPropertyInfo`1.GetMemberAndWriteJson(Object obj, WriteStack& state, Utf8JsonWriter writer)
   at System.Text.Json.Serialization.Converters.ObjectDefaultConverter`1.OnTryWrite(Utf8JsonWriter writer, T value, JsonSerializerOptions options, WriteStack& state)
   at System.Text.Json.Serialization.JsonConverter`1.TryWrite(Utf8JsonWriter writer, T& value, JsonSerializerOptions options, WriteStack& state)
   at System.Text.Json.Serialization.Converters.IEnumerableDefaultConverter`2.OnWriteResume(Utf8JsonWriter writer, TCollection value, JsonSerializerOptions options, WriteStack& state)
   at System.Text.Json.Serialization.JsonCollectionConverter`2.OnTryWrite(Utf8JsonWriter writer, TCollection value, JsonSerializerOptions options, WriteStack& state)
   at System.Text.Json.Serialization.JsonConverter`1.TryWrite(Utf8JsonWriter writer, T& value, JsonSerializerOptions options, WriteStack& state)
   at System.Text.Json.Serialization.Metadata.JsonPropertyInfo`1.GetMemberAndWriteJson(Object obj, WriteStack& state, Utf8JsonWriter writer)
   at System.Text.Json.Serialization.Converters.ObjectDefaultConverter`1.OnTryWrite(Utf8JsonWriter writer, T value, JsonSerializerOptions options, WriteStack& state)
   at System.Text.Json.Serialization.JsonConverter`1.TryWrite(Utf8JsonWriter writer, T& value, JsonSerializerOptions options, WriteStack& state)
   at System.Text.Json.Serialization.Metadata.JsonPropertyInfo`1.GetMemberAndWriteJson(Object obj, WriteStack& state, Utf8JsonWriter writer)
   at System.Text.Json.Serialization.Converters.ObjectDefaultConverter`1.OnTryWrite(Utf8JsonWriter writer, T value, JsonSerializerOptions options, WriteStack& state)
   at System.Text.Json.Serialization.JsonConverter`1.TryWrite(Utf8JsonWriter writer, T& value, JsonSerializerOptions options, WriteStack& state)
   at System.Text.Json.Serialization.Converters.IEnumerableDefaultConverter`2.OnWriteResume(Utf8JsonWriter writer, TCollection value, JsonSerializerOptions options, WriteStack& state)
   at System.Text.Json.Serialization.JsonCollectionConverter`2.OnTryWrite(Utf8JsonWriter writer, TCollection value, JsonSerializerOptions options, WriteStack& state)
   at System.Text.Json.Serialization.JsonConverter`1.TryWrite(Utf8JsonWriter writer, T& value, JsonSerializerOptions options, WriteStack& state)
   at System.Text.Json.Serialization.Metadata.JsonPropertyInfo`1.GetMemberAndWriteJson(Object obj, WriteStack& state, Utf8JsonWriter writer)
   at System.Text.Json.Serialization.Converters.ObjectDefaultConverter`1.OnTryWrite(Utf8JsonWriter writer, T value, JsonSerializerOptions options, WriteStack& state)
   at System.Text.Json.Serialization.JsonConverter`1.TryWrite(Utf8JsonWriter writer, T& value, JsonSerializerOptions options, WriteStack& state)
   at System.Text.Json.Serialization.Metadata.JsonPropertyInfo`1.GetMemberAndWriteJson(Object obj, WriteStack& state, Utf8JsonWriter writer)
   at System.Text.Json.Serialization.Converters.ObjectDefaultConverter`1.OnTryWrite(Utf8JsonWriter writer, T value, JsonSerializerOptions options, WriteStack& state)
   at System.Text.Json.Serialization.JsonConverter`1.TryWrite(Utf8JsonWriter writer, T& value, JsonSerializerOptions options, WriteStack& state)
   at System.Text.Json.Serialization.Converters.IEnumerableDefaultConverter`2.OnWriteResume(Utf8JsonWriter writer, TCollection value, JsonSerializerOptions options, WriteStack& state)
   at System.Text.Json.Serialization.JsonCollectionConverter`2.OnTryWrite(Utf8JsonWriter writer, TCollection value, JsonSerializerOptions options, WriteStack& state)
   at System.Text.Json.Serialization.JsonConverter`1.TryWrite(Utf8JsonWriter writer, T& value, JsonSerializerOptions options, WriteStack& state)
   at System.Text.Json.Serialization.Metadata.JsonPropertyInfo`1.GetMemberAndWriteJson(Object obj, WriteStack& state, Utf8JsonWriter writer)
   at System.Text.Json.Serialization.Converters.ObjectDefaultConverter`1.OnTryWrite(Utf8JsonWriter writer, T value, JsonSerializerOptions options, WriteStack& state)
   at System.Text.Json.Serialization.JsonConverter`1.TryWrite(Utf8JsonWriter writer, T& value, JsonSerializerOptions options, WriteStack& state)
   at System.Text.Json.Serialization.Metadata.JsonPropertyInfo`1.GetMemberAndWriteJson(Object obj, WriteStack& state, Utf8JsonWriter writer)
   at System.Text.Json.Serialization.Converters.ObjectDefaultConverter`1.OnTryWrite(Utf8JsonWriter writer, T value, JsonSerializerOptions options, WriteStack& state)
   at System.Text.Json.Serialization.JsonConverter`1.TryWrite(Utf8JsonWriter writer, T& value, JsonSerializerOptions options, WriteStack& state)
   at System.Text.Json.Serialization.Converters.IEnumerableDefaultConverter`2.OnWriteResume(Utf8JsonWriter writer, TCollection value, JsonSerializerOptions options, WriteStack& state)
   at System.Text.Json.Serialization.JsonCollectionConverter`2.OnTryWrite(Utf8JsonWriter writer, TCollection value, JsonSerializerOptions options, WriteStack& state)
   at System.Text.Json.Serialization.JsonConverter`1.TryWrite(Utf8JsonWriter writer, T& value, JsonSerializerOptions options, WriteStack& state)
   at System.Text.Json.Serialization.Metadata.JsonPropertyInfo`1.GetMemberAndWriteJson(Object obj, WriteStack& state, Utf8JsonWriter writer)
   at System.Text.Json.Serialization.Converters.ObjectDefaultConverter`1.OnTryWrite(Utf8JsonWriter writer, T value, JsonSerializerOptions options, WriteStack& state)
   at System.Text.Json.Serialization.JsonConverter`1.TryWrite(Utf8JsonWriter writer, T& value, JsonSerializerOptions options, WriteStack& state)
   at System.Text.Json.Serialization.Converters.ListOfTConverter`2.OnWriteResume(Utf8JsonWriter writer, TCollection value, JsonSerializerOptions options, WriteStack& state)
   at System.Text.Json.Serialization.JsonCollectionConverter`2.OnTryWrite(Utf8JsonWriter writer, TCollection value, JsonSerializerOptions options, WriteStack& state)
   at System.Text.Json.Serialization.JsonConverter`1.TryWrite(Utf8JsonWriter writer, T& value, JsonSerializerOptions options, WriteStack& state)
   at System.Text.Json.Serialization.JsonConverter`1.WriteCore(Utf8JsonWriter writer, T& value, JsonSerializerOptions options, WriteStack& state)
   at System.Text.Json.Serialization.Metadata.JsonTypeInfo`1.SerializeAsync(Stream utf8Json, T rootValue, CancellationToken cancellationToken, Object rootValueBoxed)
   at System.Text.Json.Serialization.Metadata.JsonTypeInfo`1.SerializeAsync(Stream utf8Json, T rootValue, CancellationToken cancellationToken, Object rootValueBoxed)
   at System.Text.Json.Serialization.Metadata.JsonTypeInfo`1.SerializeAsync(Stream utf8Json, T rootValue, CancellationToken cancellationToken, Object rootValueBoxed)
   at Microsoft.AspNetCore.Mvc.Formatters.SystemTextJsonOutputFormatter.WriteResponseBodyAsync(OutputFormatterWriteContext context, Encoding selectedEncoding)
   at Microsoft.AspNetCore.Mvc.Infrastructure.ResourceInvoker.<InvokeNextResultFilterAsync>g__Awaited|30_0[TFilter,TFilterAsync](ResourceInvoker invoker, Task lastTask, State next, Scope scope, Object state, Boolean isCompleted)
   at Microsoft.AspNetCore.Mvc.Infrastructure.ResourceInvoker.Rethrow(ResultExecutedContextSealed context)
   at Microsoft.AspNetCore.Mvc.Infrastructure.ResourceInvoker.ResultNext[TFilter,TFilterAsync](State& next, Scope& scope, Object& state, Boolean& isCompleted)
   at Microsoft.AspNetCore.Mvc.Infrastructure.ResourceInvoker.InvokeResultFilters()
--- End of stack trace from previous location ---
   at Microsoft.AspNetCore.Mvc.Infrastructure.ResourceInvoker.<InvokeNextResourceFilter>g__Awaited|25_0(ResourceInvoker invoker, Task lastTask, State next, Scope scope, Object state, Boolean isCompleted)
   at Microsoft.AspNetCore.Mvc.Infrastructure.ResourceInvoker.Rethrow(ResourceExecutedContextSealed context)
   at Microsoft.AspNetCore.Mvc.Infrastructure.ResourceInvoker.Next(State& next, Scope& scope, Object& state, Boolean& isCompleted)
   at Microsoft.AspNetCore.Mvc.Infrastructure.ResourceInvoker.<InvokeFilterPipelineAsync>g__Awaited|20_0(ResourceInvoker invoker, Task lastTask, State next, Scope scope, Object state, Boolean isCompleted)
   at Microsoft.AspNetCore.Mvc.Infrastructure.ResourceInvoker.<InvokeAsync>g__Logged|17_1(ResourceInvoker invoker)
   at Microsoft.AspNetCore.Mvc.Infrastructure.ResourceInvoker.<InvokeAsync>g__Logged|17_1(ResourceInvoker invoker)
   at Microsoft.AspNetCore.Routing.EndpointMiddleware.<Invoke>g__AwaitRequestTask|7_0(Endpoint endpoint, Task requestTask, ILogger logger)
   at Microsoft.AspNetCore.Authorization.AuthorizationMiddleware.Invoke(HttpContext context)
   at Microsoft.AspNetCore.Authentication.AuthenticationMiddleware.Invoke(HttpContext context)
   at DetectiveInterrogation.Middleware.RequestLoggingMiddleware.InvokeAsync(HttpContext context) in C:\Users\vikto\OneDrive\Desktop\sem\DetectiveInterrogation\Middleware\RequestLoggingMiddleware.cs:line 25
   at DetectiveInterrogation.Middleware.ExceptionHandlingMiddleware.InvokeAsync(HttpContext context) in C:\Users\vikto\OneDrive\Desktop\sem\DetectiveInterrogation\Middleware\ExceptionHandlingMiddleware.cs:line 22
2026-05-03 10:15:02.656 +03:00 [DBG] Connection id "0HNL8SEB4QFGP" completed keep alive response.
2026-05-03 10:15:02.659 +03:00 [DBG] 'AppDbContext' disposed.
2026-05-03 10:15:02.661 +03:00 [DBG] Disposing connection to database 'DetectiveInterrogation' on server 'tcp://localhost:5432'.
2026-05-03 10:15:02.664 +03:00 [DBG] Disposed connection to database 'DetectiveInterrogation' on server 'tcp://localhost:5432' (2ms).
2026-05-03 10:15:02.671 +03:00 [INF] Request finished HTTP/1.1 GET http://localhost:5000/api/Case - 500 null application/json; charset=utf-8 971.2827ms
2026-05-03 10:15:09.868 +03:00 [INF] Request starting HTTP/1.1 GET http://localhost:5000/api/Case - application/json null
2026-05-03 10:15:09.879 +03:00 [DBG] The request is insecure. Skipping HSTS header.
2026-05-03 10:15:09.880 +03:00 [INF] Request started: GET /api/Case
2026-05-03 10:15:09.884 +03:00 [DBG] The request path /api/Case does not match a supported file type
2026-05-03 10:15:09.887 +03:00 [DBG] 1 candidate(s) found for the request path '/api/Case'
2026-05-03 10:15:09.889 +03:00 [DBG] Endpoint 'DetectiveInterrogation.Controllers.CaseController.GetAllCases (DetectiveInterrogation)' with route pattern 'api/Case' is valid for the request path '/api/Case'
2026-05-03 10:15:09.895 +03:00 [DBG] Request matched endpoint 'DetectiveInterrogation.Controllers.CaseController.GetAllCases (DetectiveInterrogation)'
2026-05-03 10:15:09.900 +03:00 [DBG] Successfully validated the token.
2026-05-03 10:15:09.902 +03:00 [DBG] AuthenticationScheme: Bearer was successfully authenticated.
2026-05-03 10:15:09.908 +03:00 [DBG] Authorization was successful.
2026-05-03 10:15:09.910 +03:00 [INF] Executing endpoint 'DetectiveInterrogation.Controllers.CaseController.GetAllCases (DetectiveInterrogation)'
2026-05-03 10:15:09.912 +03:00 [INF] Route matched with {action = "GetAllCases", controller = "Case"}. Executing controller action with signature System.Threading.Tasks.Task`1[Microsoft.AspNetCore.Mvc.IActionResult] GetAllCases() on controller DetectiveInterrogation.Controllers.CaseController (DetectiveInterrogation).
2026-05-03 10:15:09.916 +03:00 [DBG] Execution plan of authorization filters (in the following order): ["None"]
2026-05-03 10:15:09.921 +03:00 [DBG] Execution plan of resource filters (in the following order): ["Microsoft.AspNetCore.Mvc.ViewFeatures.Filters.SaveTempDataFilter"]
2026-05-03 10:15:09.924 +03:00 [DBG] Execution plan of action filters (in the following order): ["Microsoft.AspNetCore.Mvc.ModelBinding.UnsupportedContentTypeFilter (Order: -3000)","Microsoft.AspNetCore.Mvc.Infrastructure.ModelStateInvalidFilter (Order: -2000)"]
2026-05-03 10:15:09.928 +03:00 [DBG] Execution plan of exception filters (in the following order): ["None"]
2026-05-03 10:15:09.932 +03:00 [DBG] Execution plan of result filters (in the following order): ["Microsoft.AspNetCore.Mvc.ViewFeatures.Filters.SaveTempDataFilter","Microsoft.AspNetCore.Mvc.Infrastructure.ClientErrorResultFilter (Order: -2000)"]
2026-05-03 10:15:09.940 +03:00 [DBG] Executing controller factory for controller DetectiveInterrogation.Controllers.CaseController (DetectiveInterrogation)
2026-05-03 10:15:09.944 +03:00 [DBG] Executed controller factory for controller DetectiveInterrogation.Controllers.CaseController (DetectiveInterrogation)
2026-05-03 10:15:09.948 +03:00 [DBG] Entity Framework Core 8.0.4 initialized 'AppDbContext' using provider 'Npgsql.EntityFrameworkCore.PostgreSQL:8.0.4+51faf6e9c9c7ef99c3e98d98a96adb8fa8ae4553' with options: None
2026-05-03 10:15:09.959 +03:00 [DBG] Creating DbConnection.
2026-05-03 10:15:09.964 +03:00 [DBG] Created DbConnection. (4ms).
2026-05-03 10:15:09.970 +03:00 [DBG] Opening connection to database 'DetectiveInterrogation' on server 'tcp://localhost:5432'.
2026-05-03 10:15:09.976 +03:00 [DBG] Opened connection to database 'DetectiveInterrogation' on server 'tcp://localhost:5432'.
2026-05-03 10:15:09.984 +03:00 [DBG] Creating DbCommand for 'ExecuteReader'.
2026-05-03 10:15:09.990 +03:00 [DBG] Created DbCommand for 'ExecuteReader' (5ms).
2026-05-03 10:15:09.996 +03:00 [DBG] Initialized DbCommand for 'ExecuteReader' (11ms).
2026-05-03 10:15:10.001 +03:00 [DBG] Executing DbCommand [Parameters=[], CommandType='"Text"', CommandTimeout='30']
SELECT c."Id", c."FullDescription", c."NewspaperText", c."ShortDescription", c."Title", s."Id", s."CaseId", s."Description", s."InitialAggression", s."InitialTrust", s."IsGuilty", s."Name", e."Id", e."CaseId", e."FullText", e."ShortText", e."Title"
FROM "Cases" AS c
LEFT JOIN "Suspects" AS s ON c."Id" = s."CaseId"
LEFT JOIN "Evidence" AS e ON c."Id" = e."CaseId"
ORDER BY c."Id", s."Id"
2026-05-03 10:15:10.006 +03:00 [INF] Executed DbCommand (5ms) [Parameters=[], CommandType='"Text"', CommandTimeout='30']
SELECT c."Id", c."FullDescription", c."NewspaperText", c."ShortDescription", c."Title", s."Id", s."CaseId", s."Description", s."InitialAggression", s."InitialTrust", s."IsGuilty", s."Name", e."Id", e."CaseId", e."FullText", e."ShortText", e."Title"
FROM "Cases" AS c
LEFT JOIN "Suspects" AS s ON c."Id" = s."CaseId"
LEFT JOIN "Evidence" AS e ON c."Id" = e."CaseId"
ORDER BY c."Id", s."Id"
2026-05-03 10:15:10.016 +03:00 [DBG] Context 'AppDbContext' started tracking 'Case' entity. Consider using 'DbContextOptionsBuilder.EnableSensitiveDataLogging' to see key values.
2026-05-03 10:15:10.023 +03:00 [DBG] Context 'AppDbContext' started tracking 'Suspect' entity. Consider using 'DbContextOptionsBuilder.EnableSensitiveDataLogging' to see key values.
2026-05-03 10:15:10.030 +03:00 [DBG] Context 'AppDbContext' started tracking 'Evidence' entity. Consider using 'DbContextOptionsBuilder.EnableSensitiveDataLogging' to see key values.
2026-05-03 10:15:10.037 +03:00 [DBG] Context 'AppDbContext' started tracking 'Evidence' entity. Consider using 'DbContextOptionsBuilder.EnableSensitiveDataLogging' to see key values.
2026-05-03 10:15:10.042 +03:00 [DBG] Context 'AppDbContext' started tracking 'Evidence' entity. Consider using 'DbContextOptionsBuilder.EnableSensitiveDataLogging' to see key values.
2026-05-03 10:15:10.049 +03:00 [DBG] Context 'AppDbContext' started tracking 'Suspect' entity. Consider using 'DbContextOptionsBuilder.EnableSensitiveDataLogging' to see key values.
2026-05-03 10:15:10.053 +03:00 [DBG] Closing data reader to 'DetectiveInterrogation' on server 'tcp://localhost:5432'.
2026-05-03 10:15:10.056 +03:00 [DBG] A data reader for 'DetectiveInterrogation' on server 'tcp://localhost:5432' is being disposed after spending 40ms reading results.
2026-05-03 10:15:10.060 +03:00 [DBG] Closing connection to database 'DetectiveInterrogation' on server 'tcp://localhost:5432'.
2026-05-03 10:15:10.062 +03:00 [DBG] Closed connection to database 'DetectiveInterrogation' on server 'tcp://localhost:5432' (1ms).
2026-05-03 10:15:10.071 +03:00 [DBG] List of registered output formatters, in the following order: ["Microsoft.AspNetCore.Mvc.Formatters.HttpNoContentOutputFormatter","Microsoft.AspNetCore.Mvc.Formatters.StringOutputFormatter","Microsoft.AspNetCore.Mvc.Formatters.StreamOutputFormatter","Microsoft.AspNetCore.Mvc.Formatters.SystemTextJsonOutputFormatter"]
2026-05-03 10:15:10.083 +03:00 [DBG] No information found on request to perform content negotiation.
2026-05-03 10:15:10.088 +03:00 [DBG] Attempting to select an output formatter without using a content type as no explicit content types were specified for the response.
2026-05-03 10:15:10.093 +03:00 [DBG] Attempting to select the first formatter in the output formatters list which can write the result.
2026-05-03 10:15:10.098 +03:00 [DBG] Selected output formatter 'Microsoft.AspNetCore.Mvc.Formatters.SystemTextJsonOutputFormatter' and content type 'application/json' to write the response.
2026-05-03 10:15:10.106 +03:00 [INF] Executing OkObjectResult, writing value of type 'System.Collections.Generic.List`1[[DetectiveInterrogation.Models.Entities.Case, DetectiveInterrogation, Version=1.0.0.0, Culture=neutral, PublicKeyToken=null]]'.
2026-05-03 10:15:10.109 +03:00 [INF] Executed action DetectiveInterrogation.Controllers.CaseController.GetAllCases (DetectiveInterrogation) in 169.9558ms
2026-05-03 10:15:10.111 +03:00 [INF] Executed endpoint 'DetectiveInterrogation.Controllers.CaseController.GetAllCases (DetectiveInterrogation)'
2026-05-03 10:15:10.113 +03:00 [ERR] An unhandled exception occurred
System.Text.Json.JsonException: A possible object cycle was detected. This can either be due to a cycle or if the object depth is larger than the maximum allowed depth of 32. Consider using ReferenceHandler.Preserve on JsonSerializerOptions to support cycles. Path: $.Suspects.Case.Suspects.Case.Suspects.Case.Suspects.Case.Suspects.Case.Suspects.Case.Suspects.Case.Suspects.Case.Suspects.Case.Suspects.Case.Id.
   at System.Text.Json.ThrowHelper.ThrowJsonException_SerializerCycleDetected(Int32 maxDepth)
   at System.Text.Json.Serialization.JsonConverter`1.TryWrite(Utf8JsonWriter writer, T& value, JsonSerializerOptions options, WriteStack& state)
   at System.Text.Json.Serialization.Metadata.JsonPropertyInfo`1.GetMemberAndWriteJson(Object obj, WriteStack& state, Utf8JsonWriter writer)
   at System.Text.Json.Serialization.Converters.ObjectDefaultConverter`1.OnTryWrite(Utf8JsonWriter writer, T value, JsonSerializerOptions options, WriteStack& state)
   at System.Text.Json.Serialization.JsonConverter`1.TryWrite(Utf8JsonWriter writer, T& value, JsonSerializerOptions options, WriteStack& state)
   at System.Text.Json.Serialization.Metadata.JsonPropertyInfo`1.GetMemberAndWriteJson(Object obj, WriteStack& state, Utf8JsonWriter writer)
   at System.Text.Json.Serialization.Converters.ObjectDefaultConverter`1.OnTryWrite(Utf8JsonWriter writer, T value, JsonSerializerOptions options, WriteStack& state)
   at System.Text.Json.Serialization.JsonConverter`1.TryWrite(Utf8JsonWriter writer, T& value, JsonSerializerOptions options, WriteStack& state)
   at System.Text.Json.Serialization.Converters.IEnumerableDefaultConverter`2.OnWriteResume(Utf8JsonWriter writer, TCollection value, JsonSerializerOptions options, WriteStack& state)
   at System.Text.Json.Serialization.JsonCollectionConverter`2.OnTryWrite(Utf8JsonWriter writer, TCollection value, JsonSerializerOptions options, WriteStack& state)
   at System.Text.Json.Serialization.JsonConverter`1.TryWrite(Utf8JsonWriter writer, T& value, JsonSerializerOptions options, WriteStack& state)
   at System.Text.Json.Serialization.Metadata.JsonPropertyInfo`1.GetMemberAndWriteJson(Object obj, WriteStack& state, Utf8JsonWriter writer)
   at System.Text.Json.Serialization.Converters.ObjectDefaultConverter`1.OnTryWrite(Utf8JsonWriter writer, T value, JsonSerializerOptions options, WriteStack& state)
   at System.Text.Json.Serialization.JsonConverter`1.TryWrite(Utf8JsonWriter writer, T& value, JsonSerializerOptions options, WriteStack& state)
   at System.Text.Json.Serialization.Metadata.JsonPropertyInfo`1.GetMemberAndWriteJson(Object obj, WriteStack& state, Utf8JsonWriter writer)
   at System.Text.Json.Serialization.Converters.ObjectDefaultConverter`1.OnTryWrite(Utf8JsonWriter writer, T value, JsonSerializerOptions options, WriteStack& state)
   at System.Text.Json.Serialization.JsonConverter`1.TryWrite(Utf8JsonWriter writer, T& value, JsonSerializerOptions options, WriteStack& state)
   at System.Text.Json.Serialization.Converters.IEnumerableDefaultConverter`2.OnWriteResume(Utf8JsonWriter writer, TCollection value, JsonSerializerOptions options, WriteStack& state)
   at System.Text.Json.Serialization.JsonCollectionConverter`2.OnTryWrite(Utf8JsonWriter writer, TCollection value, JsonSerializerOptions options, WriteStack& state)
   at System.Text.Json.Serialization.JsonConverter`1.TryWrite(Utf8JsonWriter writer, T& value, JsonSerializerOptions options, WriteStack& state)
   at System.Text.Json.Serialization.Metadata.JsonPropertyInfo`1.GetMemberAndWriteJson(Object obj, WriteStack& state, Utf8JsonWriter writer)
   at System.Text.Json.Serialization.Converters.ObjectDefaultConverter`1.OnTryWrite(Utf8JsonWriter writer, T value, JsonSerializerOptions options, WriteStack& state)
   at System.Text.Json.Serialization.JsonConverter`1.TryWrite(Utf8JsonWriter writer, T& value, JsonSerializerOptions options, WriteStack& state)
   at System.Text.Json.Serialization.Metadata.JsonPropertyInfo`1.GetMemberAndWriteJson(Object obj, WriteStack& state, Utf8JsonWriter writer)
   at System.Text.Json.Serialization.Converters.ObjectDefaultConverter`1.OnTryWrite(Utf8JsonWriter writer, T value, JsonSerializerOptions options, WriteStack& state)
   at System.Text.Json.Serialization.JsonConverter`1.TryWrite(Utf8JsonWriter writer, T& value, JsonSerializerOptions options, WriteStack& state)
   at System.Text.Json.Serialization.Converters.IEnumerableDefaultConverter`2.OnWriteResume(Utf8JsonWriter writer, TCollection value, JsonSerializerOptions options, WriteStack& state)
   at System.Text.Json.Serialization.JsonCollectionConverter`2.OnTryWrite(Utf8JsonWriter writer, TCollection value, JsonSerializerOptions options, WriteStack& state)
   at System.Text.Json.Serialization.JsonConverter`1.TryWrite(Utf8JsonWriter writer, T& value, JsonSerializerOptions options, WriteStack& state)
   at System.Text.Json.Serialization.Metadata.JsonPropertyInfo`1.GetMemberAndWriteJson(Object obj, WriteStack& state, Utf8JsonWriter writer)
   at System.Text.Json.Serialization.Converters.ObjectDefaultConverter`1.OnTryWrite(Utf8JsonWriter writer, T value, JsonSerializerOptions options, WriteStack& state)
   at System.Text.Json.Serialization.JsonConverter`1.TryWrite(Utf8JsonWriter writer, T& value, JsonSerializerOptions options, WriteStack& state)
   at System.Text.Json.Serialization.Metadata.JsonPropertyInfo`1.GetMemberAndWriteJson(Object obj, WriteStack& state, Utf8JsonWriter writer)
   at System.Text.Json.Serialization.Converters.ObjectDefaultConverter`1.OnTryWrite(Utf8JsonWriter writer, T value, JsonSerializerOptions options, WriteStack& state)
   at System.Text.Json.Serialization.JsonConverter`1.TryWrite(Utf8JsonWriter writer, T& value, JsonSerializerOptions options, WriteStack& state)
   at System.Text.Json.Serialization.Converters.IEnumerableDefaultConverter`2.OnWriteResume(Utf8JsonWriter writer, TCollection value, JsonSerializerOptions options, WriteStack& state)
   at System.Text.Json.Serialization.JsonCollectionConverter`2.OnTryWrite(Utf8JsonWriter writer, TCollection value, JsonSerializerOptions options, WriteStack& state)
   at System.Text.Json.Serialization.JsonConverter`1.TryWrite(Utf8JsonWriter writer, T& value, JsonSerializerOptions options, WriteStack& state)
   at System.Text.Json.Serialization.Metadata.JsonPropertyInfo`1.GetMemberAndWriteJson(Object obj, WriteStack& state, Utf8JsonWriter writer)
   at System.Text.Json.Serialization.Converters.ObjectDefaultConverter`1.OnTryWrite(Utf8JsonWriter writer, T value, JsonSerializerOptions options, WriteStack& state)
   at System.Text.Json.Serialization.JsonConverter`1.TryWrite(Utf8JsonWriter writer, T& value, JsonSerializerOptions options, WriteStack& state)
   at System.Text.Json.Serialization.Metadata.JsonPropertyInfo`1.GetMemberAndWriteJson(Object obj, WriteStack& state, Utf8JsonWriter writer)
   at System.Text.Json.Serialization.Converters.ObjectDefaultConverter`1.OnTryWrite(Utf8JsonWriter writer, T value, JsonSerializerOptions options, WriteStack& state)
   at System.Text.Json.Serialization.JsonConverter`1.TryWrite(Utf8JsonWriter writer, T& value, JsonSerializerOptions options, WriteStack& state)
   at System.Text.Json.Serialization.Converters.IEnumerableDefaultConverter`2.OnWriteResume(Utf8JsonWriter writer, TCollection value, JsonSerializerOptions options, WriteStack& state)
   at System.Text.Json.Serialization.JsonCollectionConverter`2.OnTryWrite(Utf8JsonWriter writer, TCollection value, JsonSerializerOptions options, WriteStack& state)
   at System.Text.Json.Serialization.JsonConverter`1.TryWrite(Utf8JsonWriter writer, T& value, JsonSerializerOptions options, WriteStack& state)
   at System.Text.Json.Serialization.Metadata.JsonPropertyInfo`1.GetMemberAndWriteJson(Object obj, WriteStack& state, Utf8JsonWriter writer)
   at System.Text.Json.Serialization.Converters.ObjectDefaultConverter`1.OnTryWrite(Utf8JsonWriter writer, T value, JsonSerializerOptions options, WriteStack& state)
   at System.Text.Json.Serialization.JsonConverter`1.TryWrite(Utf8JsonWriter writer, T& value, JsonSerializerOptions options, WriteStack& state)
   at System.Text.Json.Serialization.Metadata.JsonPropertyInfo`1.GetMemberAndWriteJson(Object obj, WriteStack& state, Utf8JsonWriter writer)
   at System.Text.Json.Serialization.Converters.ObjectDefaultConverter`1.OnTryWrite(Utf8JsonWriter writer, T value, JsonSerializerOptions options, WriteStack& state)
   at System.Text.Json.Serialization.JsonConverter`1.TryWrite(Utf8JsonWriter writer, T& value, JsonSerializerOptions options, WriteStack& state)
   at System.Text.Json.Serialization.Converters.IEnumerableDefaultConverter`2.OnWriteResume(Utf8JsonWriter writer, TCollection value, JsonSerializerOptions options, WriteStack& state)
   at System.Text.Json.Serialization.JsonCollectionConverter`2.OnTryWrite(Utf8JsonWriter writer, TCollection value, JsonSerializerOptions options, WriteStack& state)
   at System.Text.Json.Serialization.JsonConverter`1.TryWrite(Utf8JsonWriter writer, T& value, JsonSerializerOptions options, WriteStack& state)
   at System.Text.Json.Serialization.Metadata.JsonPropertyInfo`1.GetMemberAndWriteJson(Object obj, WriteStack& state, Utf8JsonWriter writer)
   at System.Text.Json.Serialization.Converters.ObjectDefaultConverter`1.OnTryWrite(Utf8JsonWriter writer, T value, JsonSerializerOptions options, WriteStack& state)
   at System.Text.Json.Serialization.JsonConverter`1.TryWrite(Utf8JsonWriter writer, T& value, JsonSerializerOptions options, WriteStack& state)
   at System.Text.Json.Serialization.Metadata.JsonPropertyInfo`1.GetMemberAndWriteJson(Object obj, WriteStack& state, Utf8JsonWriter writer)
   at System.Text.Json.Serialization.Converters.ObjectDefaultConverter`1.OnTryWrite(Utf8JsonWriter writer, T value, JsonSerializerOptions options, WriteStack& state)
   at System.Text.Json.Serialization.JsonConverter`1.TryWrite(Utf8JsonWriter writer, T& value, JsonSerializerOptions options, WriteStack& state)
   at System.Text.Json.Serialization.Converters.IEnumerableDefaultConverter`2.OnWriteResume(Utf8JsonWriter writer, TCollection value, JsonSerializerOptions options, WriteStack& state)
   at System.Text.Json.Serialization.JsonCollectionConverter`2.OnTryWrite(Utf8JsonWriter writer, TCollection value, JsonSerializerOptions options, WriteStack& state)
   at System.Text.Json.Serialization.JsonConverter`1.TryWrite(Utf8JsonWriter writer, T& value, JsonSerializerOptions options, WriteStack& state)
   at System.Text.Json.Serialization.Metadata.JsonPropertyInfo`1.GetMemberAndWriteJson(Object obj, WriteStack& state, Utf8JsonWriter writer)
   at System.Text.Json.Serialization.Converters.ObjectDefaultConverter`1.OnTryWrite(Utf8JsonWriter writer, T value, JsonSerializerOptions options, WriteStack& state)
   at System.Text.Json.Serialization.JsonConverter`1.TryWrite(Utf8JsonWriter writer, T& value, JsonSerializerOptions options, WriteStack& state)
   at System.Text.Json.Serialization.Metadata.JsonPropertyInfo`1.GetMemberAndWriteJson(Object obj, WriteStack& state, Utf8JsonWriter writer)
   at System.Text.Json.Serialization.Converters.ObjectDefaultConverter`1.OnTryWrite(Utf8JsonWriter writer, T value, JsonSerializerOptions options, WriteStack& state)
   at System.Text.Json.Serialization.JsonConverter`1.TryWrite(Utf8JsonWriter writer, T& value, JsonSerializerOptions options, WriteStack& state)
   at System.Text.Json.Serialization.Converters.IEnumerableDefaultConverter`2.OnWriteResume(Utf8JsonWriter writer, TCollection value, JsonSerializerOptions options, WriteStack& state)
   at System.Text.Json.Serialization.JsonCollectionConverter`2.OnTryWrite(Utf8JsonWriter writer, TCollection value, JsonSerializerOptions options, WriteStack& state)
   at System.Text.Json.Serialization.JsonConverter`1.TryWrite(Utf8JsonWriter writer, T& value, JsonSerializerOptions options, WriteStack& state)
   at System.Text.Json.Serialization.Metadata.JsonPropertyInfo`1.GetMemberAndWriteJson(Object obj, WriteStack& state, Utf8JsonWriter writer)
   at System.Text.Json.Serialization.Converters.ObjectDefaultConverter`1.OnTryWrite(Utf8JsonWriter writer, T value, JsonSerializerOptions options, WriteStack& state)
   at System.Text.Json.Serialization.JsonConverter`1.TryWrite(Utf8JsonWriter writer, T& value, JsonSerializerOptions options, WriteStack& state)
   at System.Text.Json.Serialization.Metadata.JsonPropertyInfo`1.GetMemberAndWriteJson(Object obj, WriteStack& state, Utf8JsonWriter writer)
   at System.Text.Json.Serialization.Converters.ObjectDefaultConverter`1.OnTryWrite(Utf8JsonWriter writer, T value, JsonSerializerOptions options, WriteStack& state)
   at System.Text.Json.Serialization.JsonConverter`1.TryWrite(Utf8JsonWriter writer, T& value, JsonSerializerOptions options, WriteStack& state)
   at System.Text.Json.Serialization.Converters.IEnumerableDefaultConverter`2.OnWriteResume(Utf8JsonWriter writer, TCollection value, JsonSerializerOptions options, WriteStack& state)
   at System.Text.Json.Serialization.JsonCollectionConverter`2.OnTryWrite(Utf8JsonWriter writer, TCollection value, JsonSerializerOptions options, WriteStack& state)
   at System.Text.Json.Serialization.JsonConverter`1.TryWrite(Utf8JsonWriter writer, T& value, JsonSerializerOptions options, WriteStack& state)
   at System.Text.Json.Serialization.Metadata.JsonPropertyInfo`1.GetMemberAndWriteJson(Object obj, WriteStack& state, Utf8JsonWriter writer)
   at System.Text.Json.Serialization.Converters.ObjectDefaultConverter`1.OnTryWrite(Utf8JsonWriter writer, T value, JsonSerializerOptions options, WriteStack& state)
   at System.Text.Json.Serialization.JsonConverter`1.TryWrite(Utf8JsonWriter writer, T& value, JsonSerializerOptions options, WriteStack& state)
   at System.Text.Json.Serialization.Metadata.JsonPropertyInfo`1.GetMemberAndWriteJson(Object obj, WriteStack& state, Utf8JsonWriter writer)
   at System.Text.Json.Serialization.Converters.ObjectDefaultConverter`1.OnTryWrite(Utf8JsonWriter writer, T value, JsonSerializerOptions options, WriteStack& state)
   at System.Text.Json.Serialization.JsonConverter`1.TryWrite(Utf8JsonWriter writer, T& value, JsonSerializerOptions options, WriteStack& state)
   at System.Text.Json.Serialization.Converters.IEnumerableDefaultConverter`2.OnWriteResume(Utf8JsonWriter writer, TCollection value, JsonSerializerOptions options, WriteStack& state)
   at System.Text.Json.Serialization.JsonCollectionConverter`2.OnTryWrite(Utf8JsonWriter writer, TCollection value, JsonSerializerOptions options, WriteStack& state)
   at System.Text.Json.Serialization.JsonConverter`1.TryWrite(Utf8JsonWriter writer, T& value, JsonSerializerOptions options, WriteStack& state)
   at System.Text.Json.Serialization.Metadata.JsonPropertyInfo`1.GetMemberAndWriteJson(Object obj, WriteStack& state, Utf8JsonWriter writer)
   at System.Text.Json.Serialization.Converters.ObjectDefaultConverter`1.OnTryWrite(Utf8JsonWriter writer, T value, JsonSerializerOptions options, WriteStack& state)
   at System.Text.Json.Serialization.JsonConverter`1.TryWrite(Utf8JsonWriter writer, T& value, JsonSerializerOptions options, WriteStack& state)
   at System.Text.Json.Serialization.Converters.ListOfTConverter`2.OnWriteResume(Utf8JsonWriter writer, TCollection value, JsonSerializerOptions options, WriteStack& state)
   at System.Text.Json.Serialization.JsonCollectionConverter`2.OnTryWrite(Utf8JsonWriter writer, TCollection value, JsonSerializerOptions options, WriteStack& state)
   at System.Text.Json.Serialization.JsonConverter`1.TryWrite(Utf8JsonWriter writer, T& value, JsonSerializerOptions options, WriteStack& state)
   at System.Text.Json.Serialization.JsonConverter`1.WriteCore(Utf8JsonWriter writer, T& value, JsonSerializerOptions options, WriteStack& state)
   at System.Text.Json.Serialization.Metadata.JsonTypeInfo`1.SerializeAsync(Stream utf8Json, T rootValue, CancellationToken cancellationToken, Object rootValueBoxed)
   at System.Text.Json.Serialization.Metadata.JsonTypeInfo`1.SerializeAsync(Stream utf8Json, T rootValue, CancellationToken cancellationToken, Object rootValueBoxed)
   at System.Text.Json.Serialization.Metadata.JsonTypeInfo`1.SerializeAsync(Stream utf8Json, T rootValue, CancellationToken cancellationToken, Object rootValueBoxed)
   at Microsoft.AspNetCore.Mvc.Formatters.SystemTextJsonOutputFormatter.WriteResponseBodyAsync(OutputFormatterWriteContext context, Encoding selectedEncoding)
   at Microsoft.AspNetCore.Mvc.Infrastructure.ResourceInvoker.<InvokeNextResultFilterAsync>g__Awaited|30_0[TFilter,TFilterAsync](ResourceInvoker invoker, Task lastTask, State next, Scope scope, Object state, Boolean isCompleted)
   at Microsoft.AspNetCore.Mvc.Infrastructure.ResourceInvoker.Rethrow(ResultExecutedContextSealed context)
   at Microsoft.AspNetCore.Mvc.Infrastructure.ResourceInvoker.ResultNext[TFilter,TFilterAsync](State& next, Scope& scope, Object& state, Boolean& isCompleted)
   at Microsoft.AspNetCore.Mvc.Infrastructure.ResourceInvoker.InvokeResultFilters()
--- End of stack trace from previous location ---
   at Microsoft.AspNetCore.Mvc.Infrastructure.ResourceInvoker.<InvokeNextResourceFilter>g__Awaited|25_0(ResourceInvoker invoker, Task lastTask, State next, Scope scope, Object state, Boolean isCompleted)
   at Microsoft.AspNetCore.Mvc.Infrastructure.ResourceInvoker.Rethrow(ResourceExecutedContextSealed context)
   at Microsoft.AspNetCore.Mvc.Infrastructure.ResourceInvoker.Next(State& next, Scope& scope, Object& state, Boolean& isCompleted)
   at Microsoft.AspNetCore.Mvc.Infrastructure.ResourceInvoker.<InvokeFilterPipelineAsync>g__Awaited|20_0(ResourceInvoker invoker, Task lastTask, State next, Scope scope, Object state, Boolean isCompleted)
   at Microsoft.AspNetCore.Mvc.Infrastructure.ResourceInvoker.<InvokeAsync>g__Logged|17_1(ResourceInvoker invoker)
   at Microsoft.AspNetCore.Mvc.Infrastructure.ResourceInvoker.<InvokeAsync>g__Logged|17_1(ResourceInvoker invoker)
   at Microsoft.AspNetCore.Routing.EndpointMiddleware.<Invoke>g__AwaitRequestTask|7_0(Endpoint endpoint, Task requestTask, ILogger logger)
   at Microsoft.AspNetCore.Authorization.AuthorizationMiddleware.Invoke(HttpContext context)
   at Microsoft.AspNetCore.Authentication.AuthenticationMiddleware.Invoke(HttpContext context)
   at DetectiveInterrogation.Middleware.RequestLoggingMiddleware.InvokeAsync(HttpContext context) in C:\Users\vikto\OneDrive\Desktop\sem\DetectiveInterrogation\Middleware\RequestLoggingMiddleware.cs:line 25
   at DetectiveInterrogation.Middleware.ExceptionHandlingMiddleware.InvokeAsync(HttpContext context) in C:\Users\vikto\OneDrive\Desktop\sem\DetectiveInterrogation\Middleware\ExceptionHandlingMiddleware.cs:line 22
2026-05-03 10:15:10.146 +03:00 [DBG] Connection id "0HNL8SEB4QFGP" completed keep alive response.
2026-05-03 10:15:10.149 +03:00 [DBG] 'AppDbContext' disposed.
2026-05-03 10:15:10.150 +03:00 [DBG] Disposing connection to database 'DetectiveInterrogation' on server 'tcp://localhost:5432'.
2026-05-03 10:15:10.156 +03:00 [DBG] Disposed connection to database 'DetectiveInterrogation' on server 'tcp://localhost:5432' (6ms).
2026-05-03 10:15:10.161 +03:00 [INF] Request finished HTTP/1.1 GET http://localhost:5000/api/Case - 500 null application/json; charset=utf-8 293.0595ms
2026-05-03 10:17:07.008 +03:00 [DBG] Connection id "0HNL8SEB4QFGR" disconnecting.
2026-05-03 10:17:07.008 +03:00 [DBG] Connection id "0HNL8SEB4QFGQ" disconnecting.
2026-05-03 10:17:07.015 +03:00 [DBG] Connection id "0HNL8SEB4QFGR" stopped.
2026-05-03 10:17:07.015 +03:00 [DBG] Connection id "0HNL8SEB4QFGQ" stopped.
2026-05-03 10:17:07.018 +03:00 [DBG] Connection id "0HNL8SEB4QFGR" sending FIN because: "The Socket transport's send loop completed gracefully."
2026-05-03 10:17:07.019 +03:00 [DBG] Connection id "0HNL8SEB4QFGQ" sending FIN because: "The Socket transport's send loop completed gracefully."
2026-05-03 10:17:21.131 +03:00 [DBG] Connection id "0HNL8SEB4QFGP" disconnecting.
2026-05-03 10:17:21.135 +03:00 [DBG] Connection id "0HNL8SEB4QFGP" stopped.
2026-05-03 10:17:21.138 +03:00 [DBG] Connection id "0HNL8SEB4QFGP" sending FIN because: "The Socket transport's send loop completed gracefully."
2026-05-03 10:34:39.453 +03:00 [DBG] Connection id "0HNL8SEB4QFGS" accepted.
2026-05-03 10:34:39.462 +03:00 [DBG] Connection id "0HNL8SEB4QFGT" accepted.
2026-05-03 10:34:39.462 +03:00 [DBG] Connection id "0HNL8SEB4QFGS" started.
2026-05-03 10:34:39.518 +03:00 [DBG] Connection id "0HNL8SEB4QFGT" started.
2026-05-03 10:35:45.243 +03:00 [DBG] Connection id "0HNL8SEB4QFGS" received FIN.
2026-05-03 10:35:45.249 +03:00 [DBG] Connection id "0HNL8SEB4QFGT" received FIN.
2026-05-03 10:35:45.270 +03:00 [DBG] Connection id "0HNL8SEB4QFGS" disconnecting.
2026-05-03 10:35:45.273 +03:00 [DBG] Connection id "0HNL8SEB4QFGT" disconnecting.
2026-05-03 10:35:45.275 +03:00 [DBG] Connection id "0HNL8SEB4QFGS" sending FIN because: "The Socket transport's send loop completed gracefully."
2026-05-03 10:35:45.276 +03:00 [DBG] Connection id "0HNL8SEB4QFGT" sending FIN because: "The Socket transport's send loop completed gracefully."
2026-05-03 10:35:45.281 +03:00 [DBG] Connection id "0HNL8SEB4QFGT" stopped.
2026-05-03 10:35:45.281 +03:00 [DBG] Connection id "0HNL8SEB4QFGS" stopped.
2026-05-03 10:38:21.244 +03:00 [DBG] Connection id "0HNL8SEB4QFGU" accepted.
2026-05-03 10:38:21.247 +03:00 [DBG] Connection id "0HNL8SEB4QFGU" started.
2026-05-03 10:38:21.248 +03:00 [DBG] Connection id "0HNL8SEB4QFGV" accepted.
2026-05-03 10:38:21.251 +03:00 [INF] Request starting HTTP/1.1 GET http://localhost:5000/ - null null
2026-05-03 10:38:21.252 +03:00 [DBG] Connection id "0HNL8SEB4QFGV" started.
2026-05-03 10:38:21.261 +03:00 [DBG] The request is insecure. Skipping HSTS header.
2026-05-03 10:38:21.264 +03:00 [INF] Request started: GET /
2026-05-03 10:38:21.266 +03:00 [DBG] The request path / does not match a supported file type
2026-05-03 10:38:21.268 +03:00 [DBG] 1 candidate(s) found for the request path '/'
2026-05-03 10:38:21.272 +03:00 [DBG] Endpoint 'DetectiveInterrogation.Controllers.HomeController.Index (DetectiveInterrogation)' with route pattern '{controller=Home}/{action=Index}/{id?}' is valid for the request path '/'
2026-05-03 10:38:21.274 +03:00 [DBG] Request matched endpoint 'DetectiveInterrogation.Controllers.HomeController.Index (DetectiveInterrogation)'
2026-05-03 10:38:21.277 +03:00 [DBG] AuthenticationScheme: Bearer was not authenticated.
2026-05-03 10:38:21.280 +03:00 [INF] Executing endpoint 'DetectiveInterrogation.Controllers.HomeController.Index (DetectiveInterrogation)'
2026-05-03 10:38:21.283 +03:00 [INF] Route matched with {action = "Index", controller = "Home"}. Executing controller action with signature Microsoft.AspNetCore.Mvc.IActionResult Index() on controller DetectiveInterrogation.Controllers.HomeController (DetectiveInterrogation).
2026-05-03 10:38:21.288 +03:00 [DBG] Execution plan of authorization filters (in the following order): ["None"]
2026-05-03 10:38:21.292 +03:00 [DBG] Execution plan of resource filters (in the following order): ["Microsoft.AspNetCore.Mvc.ViewFeatures.Filters.SaveTempDataFilter"]
2026-05-03 10:38:21.298 +03:00 [DBG] Execution plan of action filters (in the following order): ["Microsoft.AspNetCore.Mvc.Filters.ControllerActionFilter (Order: -2147483648)","Microsoft.AspNetCore.Mvc.ModelBinding.UnsupportedContentTypeFilter (Order: -3000)"]
2026-05-03 10:38:21.305 +03:00 [DBG] Execution plan of exception filters (in the following order): ["None"]
2026-05-03 10:38:21.307 +03:00 [DBG] Execution plan of result filters (in the following order): ["Microsoft.AspNetCore.Mvc.ViewFeatures.Filters.SaveTempDataFilter"]
2026-05-03 10:38:21.309 +03:00 [DBG] Executing controller factory for controller DetectiveInterrogation.Controllers.HomeController (DetectiveInterrogation)
2026-05-03 10:38:21.312 +03:00 [DBG] Executed controller factory for controller DetectiveInterrogation.Controllers.HomeController (DetectiveInterrogation)
2026-05-03 10:38:21.316 +03:00 [DBG] View lookup cache miss for view 'Index' in controller 'Home'.
2026-05-03 10:38:21.323 +03:00 [INF] Executing ViewResult, running view Index.
2026-05-03 10:38:21.325 +03:00 [DBG] The view path '/Views/Home/Index.cshtml' was found in 9.9654ms.
2026-05-03 10:38:21.328 +03:00 [DBG] View lookup cache miss for view '_Layout' in controller 'Home'.
2026-05-03 10:38:21.331 +03:00 [INF] Executed ViewResult - view Index executed in 16.2685ms.
2026-05-03 10:38:21.335 +03:00 [INF] Executed action DetectiveInterrogation.Controllers.HomeController.Index (DetectiveInterrogation) in 25.5761ms
2026-05-03 10:38:21.336 +03:00 [INF] Executed endpoint 'DetectiveInterrogation.Controllers.HomeController.Index (DetectiveInterrogation)'
2026-05-03 10:38:21.338 +03:00 [INF] Request completed: GET / - Status: 200 - Duration: 73.8602ms
2026-05-03 10:38:21.340 +03:00 [INF] Request starting HTTP/1.1 GET http://localhost:5000/css/site.css?v=Aa5S1apwjBo80EpKUWDH6cIuXRFhp0t2h1k5Gw8M7Z8 - null null
2026-05-03 10:38:21.342 +03:00 [DBG] Connection id "0HNL8SEB4QFH0" accepted.
2026-05-03 10:38:21.344 +03:00 [DBG] Connection id "0HNL8SEB4QFGU" completed keep alive response.
2026-05-03 10:38:21.347 +03:00 [DBG] The request is insecure. Skipping HSTS header.
2026-05-03 10:38:21.351 +03:00 [INF] Request started: GET /css/site.css?v=Aa5S1apwjBo80EpKUWDH6cIuXRFhp0t2h1k5Gw8M7Z8
2026-05-03 10:38:21.351 +03:00 [INF] Request finished HTTP/1.1 GET http://localhost:5000/ - 200 null text/html; charset=utf-8 99.242ms
2026-05-03 10:38:21.350 +03:00 [DBG] Connection id "0HNL8SEB4QFH0" started.
2026-05-03 10:38:21.352 +03:00 [INF] The file /css/site.css was not modified
2026-05-03 10:38:21.358 +03:00 [INF] Request starting HTTP/1.1 GET http://localhost:5000/js/app.js?v=eBefEm1W5c8xv3giYWeRrpeLcNbgDWb46thKIHsuxBU - null null
2026-05-03 10:38:21.358 +03:00 [DBG] Handled. Status code: 304 File: /css/site.css
2026-05-03 10:38:21.361 +03:00 [DBG] The request is insecure. Skipping HSTS header.
2026-05-03 10:38:21.363 +03:00 [INF] Request completed: GET /css/site.css?v=Aa5S1apwjBo80EpKUWDH6cIuXRFhp0t2h1k5Gw8M7Z8 - Status: 304 - Duration: 11.4824ms
2026-05-03 10:38:21.365 +03:00 [INF] Request started: GET /js/app.js?v=eBefEm1W5c8xv3giYWeRrpeLcNbgDWb46thKIHsuxBU
2026-05-03 10:38:21.367 +03:00 [DBG] Connection id "0HNL8SEB4QFGV" completed keep alive response.
2026-05-03 10:38:21.369 +03:00 [INF] The file /js/app.js was not modified
2026-05-03 10:38:21.369 +03:00 [INF] Request finished HTTP/1.1 GET http://localhost:5000/css/site.css?v=Aa5S1apwjBo80EpKUWDH6cIuXRFhp0t2h1k5Gw8M7Z8 - 304 null text/css 29.3678ms
2026-05-03 10:38:21.370 +03:00 [DBG] Handled. Status code: 304 File: /js/app.js
2026-05-03 10:38:21.373 +03:00 [INF] Request completed: GET /js/app.js?v=eBefEm1W5c8xv3giYWeRrpeLcNbgDWb46thKIHsuxBU - Status: 304 - Duration: 8.0105ms
2026-05-03 10:38:21.377 +03:00 [DBG] Connection id "0HNL8SEB4QFH0" completed keep alive response.
2026-05-03 10:38:21.388 +03:00 [INF] Request finished HTTP/1.1 GET http://localhost:5000/js/app.js?v=eBefEm1W5c8xv3giYWeRrpeLcNbgDWb46thKIHsuxBU - 304 null text/javascript 30.3851ms
2026-05-03 10:38:22.494 +03:00 [INF] Request starting HTTP/1.1 GET http://localhost:5000/auth/register - null null
2026-05-03 10:38:22.502 +03:00 [DBG] The request is insecure. Skipping HSTS header.
2026-05-03 10:38:22.506 +03:00 [INF] Request started: GET /auth/register
2026-05-03 10:38:22.512 +03:00 [DBG] The request path /auth/register does not match a supported file type
2026-05-03 10:38:22.518 +03:00 [DBG] 1 candidate(s) found for the request path '/auth/register'
2026-05-03 10:38:22.522 +03:00 [DBG] Endpoint 'DetectiveInterrogation.Controllers.PageController.Register (DetectiveInterrogation)' with route pattern 'auth/register' is valid for the request path '/auth/register'
2026-05-03 10:38:22.530 +03:00 [DBG] Request matched endpoint 'DetectiveInterrogation.Controllers.PageController.Register (DetectiveInterrogation)'
2026-05-03 10:38:22.533 +03:00 [DBG] AuthenticationScheme: Bearer was not authenticated.
2026-05-03 10:38:22.536 +03:00 [INF] Executing endpoint 'DetectiveInterrogation.Controllers.PageController.Register (DetectiveInterrogation)'
2026-05-03 10:38:22.542 +03:00 [INF] Route matched with {action = "Register", controller = "Page"}. Executing controller action with signature Microsoft.AspNetCore.Mvc.IActionResult Register() on controller DetectiveInterrogation.Controllers.PageController (DetectiveInterrogation).
2026-05-03 10:38:22.547 +03:00 [DBG] Execution plan of authorization filters (in the following order): ["None"]
2026-05-03 10:38:22.557 +03:00 [DBG] Execution plan of resource filters (in the following order): ["Microsoft.AspNetCore.Mvc.ViewFeatures.Filters.SaveTempDataFilter"]
2026-05-03 10:38:22.562 +03:00 [DBG] Execution plan of action filters (in the following order): ["Microsoft.AspNetCore.Mvc.Filters.ControllerActionFilter (Order: -2147483648)","Microsoft.AspNetCore.Mvc.ModelBinding.UnsupportedContentTypeFilter (Order: -3000)"]
2026-05-03 10:38:22.577 +03:00 [DBG] Execution plan of exception filters (in the following order): ["None"]
2026-05-03 10:38:22.584 +03:00 [DBG] Execution plan of result filters (in the following order): ["Microsoft.AspNetCore.Mvc.ViewFeatures.Filters.SaveTempDataFilter"]
2026-05-03 10:38:22.591 +03:00 [DBG] Executing controller factory for controller DetectiveInterrogation.Controllers.PageController (DetectiveInterrogation)
2026-05-03 10:38:22.593 +03:00 [DBG] Executed controller factory for controller DetectiveInterrogation.Controllers.PageController (DetectiveInterrogation)
2026-05-03 10:38:22.687 +03:00 [DBG] Compilation of the generated code for the Razor file at 'C:\Users\vikto\OneDrive\Desktop\sem\DetectiveInterrogation\Views\Auth\Register.cshtml' started.
2026-05-03 10:38:22.802 +03:00 [DBG] Compilation of the generated code for the Razor file at 'C:\Users\vikto\OneDrive\Desktop\sem\DetectiveInterrogation\Views\Auth\Register.cshtml' completed in 110.8245ms.
2026-05-03 10:38:22.809 +03:00 [INF] Executing ViewResult, running view ~/Views/Auth/Register.cshtml.
2026-05-03 10:38:22.812 +03:00 [DBG] The view path '/Views/Auth/Register.cshtml' was found in 211.703ms.
2026-05-03 10:38:22.821 +03:00 [DBG] View lookup cache miss for view '_Layout' in controller 'Page'.
2026-05-03 10:38:22.828 +03:00 [INF] Executed ViewResult - view ~/Views/Auth/Register.cshtml executed in 227.8426ms.
2026-05-03 10:38:22.832 +03:00 [INF] Executed action DetectiveInterrogation.Controllers.PageController.Register (DetectiveInterrogation) in 241.3887ms
2026-05-03 10:38:22.835 +03:00 [INF] Executed endpoint 'DetectiveInterrogation.Controllers.PageController.Register (DetectiveInterrogation)'
2026-05-03 10:38:22.837 +03:00 [INF] Request completed: GET /auth/register - Status: 200 - Duration: 331.063ms
2026-05-03 10:38:22.841 +03:00 [DBG] Connection id "0HNL8SEB4QFH0" completed keep alive response.
2026-05-03 10:38:22.843 +03:00 [INF] Request finished HTTP/1.1 GET http://localhost:5000/auth/register - 200 null text/html; charset=utf-8 348.8314ms
2026-05-03 10:40:32.941 +03:00 [DBG] Connection id "0HNL8SEB4QFGU" disconnecting.
2026-05-03 10:40:32.941 +03:00 [DBG] Connection id "0HNL8SEB4QFGV" disconnecting.
2026-05-03 10:40:32.942 +03:00 [DBG] Connection id "0HNL8SEB4QFH0" disconnecting.
2026-05-03 10:40:32.944 +03:00 [DBG] Connection id "0HNL8SEB4QFGU" stopped.
2026-05-03 10:40:32.946 +03:00 [DBG] Connection id "0HNL8SEB4QFGV" stopped.
2026-05-03 10:40:32.948 +03:00 [DBG] Connection id "0HNL8SEB4QFH0" stopped.
2026-05-03 10:40:32.951 +03:00 [DBG] Connection id "0HNL8SEB4QFGU" sending FIN because: "The Socket transport's send loop completed gracefully."
2026-05-03 10:40:32.955 +03:00 [DBG] Connection id "0HNL8SEB4QFGV" sending FIN because: "The Socket transport's send loop completed gracefully."
2026-05-03 10:40:32.961 +03:00 [DBG] Connection id "0HNL8SEB4QFH0" sending FIN because: "The Socket transport's send loop completed gracefully."
2026-05-03 10:40:34.729 +03:00 [DBG] Connection id "0HNL8SEB4QFH1" accepted.
2026-05-03 10:40:34.732 +03:00 [DBG] Connection id "0HNL8SEB4QFH1" started.
2026-05-03 10:40:34.973 +03:00 [INF] Request starting HTTP/1.1 GET http://localhost:5000/auth/login - null null
2026-05-03 10:40:34.976 +03:00 [DBG] Connection id "0HNL8SEB4QFH2" accepted.
2026-05-03 10:40:35.003 +03:00 [DBG] The request is insecure. Skipping HSTS header.
2026-05-03 10:40:35.005 +03:00 [DBG] Connection id "0HNL8SEB4QFH2" started.
2026-05-03 10:40:35.008 +03:00 [INF] Request started: GET /auth/login
2026-05-03 10:40:35.015 +03:00 [DBG] The request path /auth/login does not match a supported file type
2026-05-03 10:40:35.017 +03:00 [DBG] 1 candidate(s) found for the request path '/auth/login'
2026-05-03 10:40:35.022 +03:00 [DBG] Endpoint 'DetectiveInterrogation.Controllers.PageController.Login (DetectiveInterrogation)' with route pattern 'auth/login' is valid for the request path '/auth/login'
2026-05-03 10:40:35.031 +03:00 [DBG] Request matched endpoint 'DetectiveInterrogation.Controllers.PageController.Login (DetectiveInterrogation)'
2026-05-03 10:40:35.036 +03:00 [DBG] AuthenticationScheme: Bearer was not authenticated.
2026-05-03 10:40:35.040 +03:00 [INF] Executing endpoint 'DetectiveInterrogation.Controllers.PageController.Login (DetectiveInterrogation)'
2026-05-03 10:40:35.048 +03:00 [INF] Route matched with {action = "Login", controller = "Page"}. Executing controller action with signature Microsoft.AspNetCore.Mvc.IActionResult Login() on controller DetectiveInterrogation.Controllers.PageController (DetectiveInterrogation).
2026-05-03 10:40:35.059 +03:00 [DBG] Execution plan of authorization filters (in the following order): ["None"]
2026-05-03 10:40:35.066 +03:00 [DBG] Execution plan of resource filters (in the following order): ["Microsoft.AspNetCore.Mvc.ViewFeatures.Filters.SaveTempDataFilter"]
2026-05-03 10:40:35.073 +03:00 [DBG] Execution plan of action filters (in the following order): ["Microsoft.AspNetCore.Mvc.Filters.ControllerActionFilter (Order: -2147483648)","Microsoft.AspNetCore.Mvc.ModelBinding.UnsupportedContentTypeFilter (Order: -3000)"]
2026-05-03 10:40:35.084 +03:00 [DBG] Execution plan of exception filters (in the following order): ["None"]
2026-05-03 10:40:35.090 +03:00 [DBG] Execution plan of result filters (in the following order): ["Microsoft.AspNetCore.Mvc.ViewFeatures.Filters.SaveTempDataFilter"]
2026-05-03 10:40:35.095 +03:00 [DBG] Executing controller factory for controller DetectiveInterrogation.Controllers.PageController (DetectiveInterrogation)
2026-05-03 10:40:35.099 +03:00 [DBG] Executed controller factory for controller DetectiveInterrogation.Controllers.PageController (DetectiveInterrogation)
2026-05-03 10:40:35.102 +03:00 [INF] Executing ViewResult, running view ~/Views/Auth/Login.cshtml.
2026-05-03 10:40:35.107 +03:00 [DBG] The view path '/Views/Auth/Login.cshtml' was found in 5.9268ms.
2026-05-03 10:40:35.112 +03:00 [DBG] View lookup cache hit for view '_Layout' in controller 'Page'.
2026-05-03 10:40:35.116 +03:00 [INF] Executed ViewResult - view ~/Views/Auth/Login.cshtml executed in 15.0618ms.
2026-05-03 10:40:35.121 +03:00 [INF] Executed action DetectiveInterrogation.Controllers.PageController.Login (DetectiveInterrogation) in 25.2746ms
2026-05-03 10:40:35.127 +03:00 [INF] Executed endpoint 'DetectiveInterrogation.Controllers.PageController.Login (DetectiveInterrogation)'
2026-05-03 10:40:35.130 +03:00 [INF] Request completed: GET /auth/login - Status: 200 - Duration: 122.0432ms
2026-05-03 10:40:35.135 +03:00 [DBG] Connection id "0HNL8SEB4QFH1" completed keep alive response.
2026-05-03 10:40:35.144 +03:00 [INF] Request finished HTTP/1.1 GET http://localhost:5000/auth/login - 200 null text/html; charset=utf-8 171.0064ms
2026-05-03 10:42:45.992 +03:00 [DBG] Connection id "0HNL8SEB4QFH1" disconnecting.
2026-05-03 10:42:45.996 +03:00 [DBG] Connection id "0HNL8SEB4QFH1" stopped.
2026-05-03 10:42:46.003 +03:00 [DBG] Connection id "0HNL8SEB4QFH1" sending FIN because: "The Socket transport's send loop completed gracefully."
2026-05-03 10:42:46.995 +03:00 [DBG] Connection id "0HNL8SEB4QFH2" disconnecting.
2026-05-03 10:42:47.000 +03:00 [DBG] Connection id "0HNL8SEB4QFH2" stopped.
2026-05-03 10:42:47.005 +03:00 [DBG] Connection id "0HNL8SEB4QFH2" sending FIN because: "The Socket transport's send loop completed gracefully."
